Rk,Player,Nation,Pos,Squad,Comp,Age,Born,90s,Total_Cmp,Total_Att,Total_Cmp%,Total_TotDist,Total_PrgDist,Short_Cmp,Short_Att,Short_Cmp%,Medium_Cmp,Medium_Att,Medium_Cmp%,Long_Cmp,Long_Att,Long_Cmp%,Ast,xAG,xA,A-xAG,KP,1/3,PPA,CrsPA,PrgP,Matches
1,Karim Wagner,dk DEN,FW,Leeds United,eng Premier League,27,1996,19.9,588,721,81.6,10466,4905,311,367,84.7,186,229,81.2,68,125,54.4,0,0.6,0.7,-0.6,4,80,5,2,43,Matches
2,Yusuf Müller,be BEL,"DF,MF",Manchester Utd,eng Premier League,29,1994,6.3,195,229,85.2,3844,1249,93,104,89.4,78,87,89.7,25,38,65.8,0,0.0,0.2,0.0,3,21,3,0,11,Matches
3,Nicolas Kowalski,eng ENG,DF,Arsenal,eng Premier League,24,1999,13.3,726,848,85.6,16680,5983,402,409,98.3,243,330,73.6,51,109,46.8,1,1.7,1.9,-0.7,5,97,8,1,70,Matches
4,Anton Moreau,co COL,GK,Bournemouth,eng Premier League,26,1997,16.2,875,1114,78.5,14284,3782,479,479,100.0,449,563,79.8,49,72,68.1,0,1.0,1.5,-1.0,0,58,0,0,82,Matches
5,Julien Horvat,pt POR,MF,Arsenal,eng Premier League,25,1998,3.1,155,173,89.6,3040,1387,68,73,93.2,57,67,85.1,18,33,54.5,0,0.0,0.1,0.0,4,18,4,1,14,Matches
6,Pablo Petit,fr FRA,DF,Southampton,eng Premier League,26,1997,2.3,93,117,79.5,2186,968,56,63,88.9,44,48,91.7,3,6,50.0,0,0.3,0.0,-0.3,1,10,2,0,12,Matches
7,Callum Nielsen,jp JPN,FW,Manchester Utd,eng Premier League,30,1993,12.2,478,649,73.7,7148,2886,286,318,89.9,208,236,88.1,57,95,60.0,0,0.1,0.0,-0.1,9,46,18,5,55,Matches
8,Daniel Murphy,es ESP,MF,West Ham,eng Premier League,31,1992,5.6,376,384,97.9,5729,2133,143,164,87.2,130,161,80.7,32,59,54.2,0,0.0,0.3,0.0,1,26,1,1,30,Matches
9,Mason Bianchi,ch SUI,MF,Leeds United,eng Premier League,20,2003,4.5,211,225,93.8,4901,1304,103,109,94.5,66,86,76.7,20,30,66.7,1,0.9,0.9,0.1,3,24,4,0,21,Matches
10,Youssef Cissé,ma MAR,"MF,FW",Brentford,eng Premier League,22,2001,6.3,326,396,82.3,4757,1388,157,164,95.7,160,182,87.9,34,50,68.0,1,1.9,1.7,-0.9,6,44,11,2,48,Matches
11,Mason Clarke,be BEL,MF,Crystal Palace,eng Premier League,26,1997,5.1,224,261,85.8,4278,1140,113,122,92.6,88,97,90.7,26,42,61.9,0,0.0,0.0,0.0,5,22,10,2,15,Matches
12,Milan Diallo,at AUT,FW,West Ham,eng Premier League,27,1996,7.0,252,357,70.6,5028,1553,147,164,89.6,123,147,83.7,27,46,58.7,0,0.0,0.4,0.0,2,29,3,0,18,Matches
13,Emil Bakker,ar ARG,"MF,DF",Leeds United,eng Premier League,24,1999,16.4,961,1050,91.5,17872,5580,491,530,92.6,283,313,90.4,97,207,46.9,0,0.0,0.0,0.0,5,113,5,0,61,Matches
14,Sergio Barnes,fr FRA,"DF,MF",Crystal Palace,eng Premier League,28,1995,6.8,281,352,79.8,5456,1934,142,154,92.2,107,140,76.4,34,58,58.6,1,2.4,2.9,-1.4,13,28,18,0,39,Matches
15,Diego Jansen,nl NED,MF,Brentford,eng Premier League,21,2002,8.8,432,505,85.5,8296,2265,228,253,90.1,177,200,88.5,28,52,53.8,1,0.0,0.2,1.0,7,60,8,4,45,Matches
16,David El Amrani,de GER,DF,Liverpool,eng Premier League,21,2002,7.1,156,212,73.6,2472,763,78,88,88.6,90,96,93.8,15,28,53.6,0,0.4,0.9,-0.4,3,11,3,0,14,Matches
17,Maxime Nowak,ar ARG,FW,Arsenal,eng Premier League,27,1996,5.2,135,205,65.9,2923,959,79,86,91.9,67,75,89.3,23,44,52.3,0,0.0,0.0,0.0,2,13,3,1,15,Matches
18,Yusuf Lindqvist,be BEL,DF,Fulham,eng Premier League,27,1996,5.1,194,254,76.4,3177,1430,110,126,87.3,88,92,95.7,25,36,69.4,0,0.8,0.3,-0.8,4,26,6,1,10,Matches
19,Ibrahim Fischer,se SWE,FW,Wolves,eng Premier League,28,1995,5.3,172,202,85.1,3899,1232,71,83,85.5,68,79,86.1,20,40,50.0,1,0.0,0.0,1.0,5,22,4,1,19,Matches
20,Théo Gómez,co COL,DF,Manchester Utd,eng Premier League,23,2000,19.0,504,719,70.1,9421,2475,309,364,84.9,217,238,91.2,69,117,59.0,1,2.1,2.1,-1.1,5,16,11,2,41,Matches
21,Lucas Moreau,de GER,FW,Fulham,eng Premier League,28,1995,12.8,534,613,87.1,9355,3909,292,313,93.3,186,211,88.2,38,89,42.7,0,0.0,0.0,0.0,2,43,4,1,36,Matches
22,Nuno Larsen,ma MAR,MF,Manchester City,eng Premier League,25,1998,2.5,116,133,87.2,2433,924,52,55,94.5,44,49,89.8,17,29,58.6,0,0.0,0.4,0.0,4,13,6,1,13,Matches
23,Jordan Novak,co COL,FW,Manchester Utd,eng Premier League,23,2000,7.6,269,310,86.8,5131,1100,154,168,91.7,112,134,83.6,5,8,62.5,1,1.4,1.0,-0.4,3,35,3,1,23,Matches
24,Pablo Andersson,eng ENG,GK,Newcastle Utd,eng Premier League,36,1987,5.5,345,441,78.2,6879,2834,153,165,92.7,141,161,87.6,78,115,67.8,0,0.0,0.3,0.0,4,31,8,0,14,Matches
25,Milan Kowalski,be BEL,"DF,MF",Everton,eng Premier League,20,2003,10.6,340,400,85.0,6586,2366,113,120,94.2,132,138,95.7,81,142,57.0,0,0.0,0.0,0.0,10,27,14,2,45,Matches
26,Marco Horvat,eng ENG,MF,Bournemouth,eng Premier League,32,1991,3.8,172,186,92.5,3877,1384,60,65,92.3,79,92,85.9,23,29,79.3,2,0.5,0.3,1.5,12,12,13,5,27,Matches
27,Nuno Walsh,be BEL,"MF,FW",Liverpool,eng Premier League,20,2003,19.5,1352,1554,87.0,25170,4184,752,852,88.3,538,595,90.4,76,107,71.0,3,3.7,4.2,-0.7,27,207,39,1,163,Matches
28,Karim Ferrari,at AUT,GK,Aston Villa,eng Premier League,19,2004,11.2,614,907,67.7,12299,5984,340,356,95.5,315,339,92.9,117,212,55.2,0,0.3,0.2,-0.3,3,81,2,2,34,Matches
29,David Petit,be BEL,MF,Aston Villa,eng Premier League,24,1999,9.6,532,645,82.5,11560,2764,212,238,89.1,175,200,87.5,159,207,76.8,0,0.8,0.2,-0.8,12,43,11,3,60,Matches
30,Andrés Kowalski,pl POL,"DF,MF",Everton,eng Premier League,24,1999,11.8,853,870,98.0,14782,3179,443,469,94.5,276,371,74.4,14,30,46.7,3,4.5,5.0,-1.5,32,99,49,0,68,Matches
31,Noah Wright,at AUT,"DF,FW",Wolves,eng Premier League,28,1995,5.4,265,339,78.2,5043,1647,156,168,92.9,126,133,94.7,24,38,63.2,0,0.0,0.0,0.0,3,9,2,1,25,Matches
32,Leo Nielsen,dk DEN,FW,Brighton,eng Premier League,27,1996,10.8,226,281,80.4,3890,1531,113,119,95.0,100,106,94.3,31,56,55.4,2,1.4,1.5,0.6,5,19,7,1,32,Matches
33,Julien Martínez,us USA,MF,Fulham,eng Premier League,25,1998,2.0,133,165,80.6,2439,992,83,86,96.5,72,77,93.5,1,2,50.0,0,2.3,2.8,-2.3,3,14,3,0,8,Matches
34,Nicolas Walsh,uy URU,"FW,MF",Aston Villa,eng Premier League,33,1990,9.1,426,474,89.9,8347,2778,191,222,86.0,161,182,88.5,30,70,42.9,0,1.4,1.5,-1.4,2,44,1,0,49,Matches
35,Lucas Benali,eng ENG,FW,Arsenal,eng Premier League,20,2003,6.1,248,341,72.7,5096,1592,152,154,98.7,70,84,83.3,45,103,43.7,0,0.0,0.0,0.0,5,28,10,1,20,Matches
36,Emil Cissé,at AUT,DF,Leicester City,eng Premier League,26,1997,9.1,285,359,79.4,5316,1380,129,152,84.9,105,117,89.7,63,90,70.0,1,1.3,1.2,-0.3,6,20,11,1,17,Matches
37,Sota Andersson,ch SUI,DF,Manchester City,eng Premier League,29,1994,2.5,80,103,77.7,1354,226,38,42,90.5,27,33,81.8,16,28,57.1,0,0.8,0.5,-0.8,1,6,2,0,5,Matches
38,Omar Silva,co COL,MF,Newcastle Utd,eng Premier League,22,2001,8.3,265,320,82.8,4564,1201,138,147,93.9,102,115,88.7,42,58,72.4,0,2.6,2.3,-2.6,5,28,5,1,18,Matches
39,Ibrahim Costa,pt POR,"MF,DF",Chelsea,eng Premier League,24,1999,7.6,492,617,79.7,9060,2651,211,233,90.6,214,260,82.3,64,124,51.6,0,1.5,1.7,-1.5,6,68,5,3,51,Matches
40,Anton Berg,at AUT,GK,Bournemouth,eng Premier League,27,1996,24.4,1446,1873,77.2,28235,9367,913,1029,88.7,560,617,90.8,131,227,57.7,1,0.2,0.4,0.8,5,112,9,3,148,Matches
41,Takumi Kowalski,hr CRO,DF,Newcastle Utd,eng Premier League,22,2001,1.0,43,63,68.3,1043,248,26,27,96.3,21,24,87.5,8,12,66.7,0,0.0,0.1,0.0,1,6,1,1,1,Matches
42,Pedro Santos,nl NED,DF,Southampton,eng Premier League,23,2000,18.2,738,956,77.2,13838,6464,449,478,93.9,358,380,94.2,51,98,52.0,0,0.0,0.0,0.0,4,102,6,1,91,Matches
43,Youssef Hughes,br BRA,GK,Aston Villa,eng Premier League,21,2002,14.6,999,1298,77.0,19932,4887,589,668,88.2,412,488,84.4,90,142,63.4,3,1.4,1.1,1.6,12,127,13,4,78,Matches
44,Karim Bianchi,de GER,FW,Manchester Utd,eng Premier League,35,1988,12.1,505,615,82.1,9553,3587,238,267,89.1,176,215,81.9,87,133,65.4,0,0.0,0.0,0.0,6,45,7,0,43,Matches
45,Ryan Tanaka,ch SUI,MF,Everton,eng Premier League,24,1999,4.7,216,261,82.8,4072,1085,97,117,82.9,81,100,81.0,28,44,63.6,0,1.7,2.5,-1.7,7,27,15,4,26,Matches
46,Lucas Santos,ar ARG,MF,Crystal Palace,eng Premier League,24,1999,9.8,510,604,84.4,9441,2678,264,290,91.0,232,263,88.2,34,51,66.7,1,1.0,0.5,0.0,6,57,8,3,38,Matches
47,Ryan Tanaka,at AUT,FW,Southampton,eng Premier League,28,1995,11.3,396,559,70.8,7839,3305,244,289,84.4,165,208,79.3,37,62,59.7,1,0.9,0.7,0.1,8,12,17,3,46,Matches
48,Bruno Rossi,be BEL,GK,Bournemouth,eng Premier League,19,2004,7.7,392,539,72.7,6740,2100,247,258,95.7,174,206,84.5,27,75,36.0,0,0.0,0.0,0.0,0,55,0,0,41,Matches
49,Kevin Hoffmann,at AUT,FW,Nott'ham Forest,eng Premier League,29,1994,8.8,403,468,86.1,8014,2356,226,241,93.8,165,207,79.7,8,20,40.0,0,0.4,0.7,-0.4,1,40,2,0,12,Matches
50,Omar Cissé,it ITA,GK,Leeds United,eng Premier League,35,1988,11.1,648,877,73.9,10872,3296,313,359,87.2,278,334,83.2,97,184,52.7,1,0.8,0.3,0.2,4,51,6,2,83,Matches
51,Javier Bakker,it ITA,FW,Wolves,eng Premier League,25,1998,22.4,552,668,82.6,10130,4390,320,341,93.8,246,283,86.9,28,44,63.6,0,0.0,0.0,0.0,11,72,18,5,45,Matches
52,Iker Horvat,pl POL,MF,Brighton,eng Premier League,28,1995,8.7,548,607,90.3,13167,4596,246,269,91.4,190,242,78.5,54,96,56.2,0,1.2,1.8,-1.2,17,66,26,3,52,Matches
53,Samuel Fischer,nl NED,DF,Nott'ham Forest,eng Premier League,21,2002,9.6,248,318,78.0,5446,1283,121,134,90.3,88,96,91.7,51,88,58.0,1,0.6,0.0,0.4,7,26,8,4,26,Matches
54,Oscar Rizzo,eng ENG,DF,Liverpool,eng Premier League,21,2002,8.8,291,394,73.9,5961,1243,181,200,90.5,148,171,86.5,11,23,47.8,0,1.5,0.9,-1.5,1,24,1,0,26,Matches
55,Noah Rizzo,us USA,MF,Crystal Palace,eng Premier League,27,1996,14.6,938,1054,89.0,18273,7046,370,393,94.1,286,353,81.0,236,308,76.6,1,1.2,1.1,-0.2,9,140,19,1,73,Matches
56,Liam Benali,br BRA,"MF,FW",Liverpool,eng Premier League,33,1990,2.6,99,125,79.2,1766,540,61,62,98.4,25,29,86.2,18,34,52.9,0,1.1,1.2,-1.1,2,8,3,0,12,Matches
57,Julien Tanaka,co COL,DF,Fulham,eng Premier League,24,1999,4.1,103,124,83.1,2581,776,43,47,91.5,38,42,90.5,21,35,60.0,0,0.8,1.2,-0.8,3,4,5,2,5,Matches
58,Stefan Silva,hr CRO,DF,Fulham,eng Premier League,23,2000,5.6,84,104,80.8,1349,353,35,38,92.1,32,35,91.4,19,31,61.3,0,0.0,0.0,0.0,0,9,0,0,6,Matches
59,Samuel Clarke,co COL,FW,Fulham,eng Premier League,20,2003,2.8,37,51,72.5,687,268,24,26,92.3,16,19,84.2,3,6,50.0,0,0.5,1.3,-0.5,1,5,1,0,4,Matches
60,Felix Hoffmann,it ITA,DF,Tottenham,eng Premier League,27,1996,11.0,223,298,74.8,5630,1888,128,147,87.1,79,92,85.9,36,59,61.0,0,0.0,0.2,0.0,11,26,22,5,28,Matches
61,Nicolas Bakker,de GER,DF,Brighton,eng Premier League,23,2000,5.8,116,158,73.4,2074,646,84,93,90.3,57,64,89.1,0,1,0.0,0,0.0,0.5,0.0,2,11,3,0,7,Matches
62,Thomas Sánchez,se SWE,MF,Arsenal,eng Premier League,24,1999,10.2,492,584,84.2,10245,3902,181,214,84.6,237,266,89.1,63,104,60.6,0,0.0,0.5,0.0,13,23,7,6,42,Matches
63,Samuel Walsh,dk DEN,DF,Brighton,eng Premier League,32,1991,3.2,104,127,81.9,2120,740,49,54,90.7,37,41,90.2,18,32,56.2,0,0.0,0.0,0.0,2,12,2,1,11,Matches
64,Nicolas Cissé,eng ENG,"MF,FW",Aston Villa,eng Premier League,23,2000,25.1,1244,1299,95.8,25648,7713,560,614,91.2,436,503,86.7,77,182,42.3,2,2.2,2.3,-0.2,35,149,39,22,187,Matches
65,Andrés Nielsen,rs SRB,FW,Manchester Utd,eng Premier League,22,2001,14.0,741,889,83.4,15279,5437,401,440,91.1,227,261,87.0,94,188,50.0,0,0.0,0.3,0.0,5,48,4,1,81,Matches
66,Takumi Jansen,es ESP,DF,Southampton,eng Premier League,31,1992,14.1,341,385,88.6,6375,1394,169,184,91.8,133,146,91.1,34,55,61.8,0,0.0,0.1,0.0,3,9,4,2,36,Matches
67,Jordan Jansen,jp JPN,MF,Southampton,eng Premier League,24,1999,3.3,75,81,92.6,1544,483,38,44,86.4,28,33,84.8,2,4,50.0,1,0.0,0.0,1.0,3,9,5,0,9,Matches
68,Owen Diallo,uy URU,MF,Crystal Palace,eng Premier League,32,1991,4.7,329,416,79.1,6927,2355,177,183,96.7,142,169,84.0,34,64,53.1,1,2.7,2.9,-1.7,4,26,4,2,46,Matches
69,Stefan Wagner,jp JPN,DF,Tottenham,eng Premier League,21,2002,18.0,868,1071,81.0,20721,4391,473,532,88.9,319,364,87.6,131,175,74.9,0,0.0,0.2,0.0,7,89,7,1,84,Matches
70,Sota Hughes,be BEL,"DF,FW",Arsenal,eng Premier League,28,1995,5.8,159,204,77.9,2853,692,84,92,91.3,56,74,75.7,20,38,52.6,0,0.0,0.9,0.0,4,19,4,2,15,Matches
71,Anton Ferrari,eng ENG,"DF,MF",Brighton,eng Premier League,18,2005,10.6,364,442,82.4,6192,1149,162,166,97.6,136,155,87.7,69,121,57.0,1,0.0,0.2,1.0,19,48,25,12,40,Matches
72,Diego Rizzo,be BEL,DF,Chelsea,eng Premier League,24,1999,2.0,99,115,86.1,2035,962,45,50,90.0,35,41,85.4,13,24,54.2,0,0.0,0.0,0.0,2,10,2,1,15,Matches
73,Omar Kowalski,ar ARG,DF,Southampton,eng Premier League,32,1991,5.2,166,215,77.2,3477,1507,108,118,91.5,70,81,86.4,8,16,50.0,0,0.0,0.0,0.0,1,14,2,0,14,Matches
74,Oscar Hughes,es ESP,MF,Tottenham,eng Premier League,20,2003,7.0,391,503,77.7,5899,2402,217,247,87.9,136,179,76.0,48,77,62.3,1,1.5,1.2,-0.5,9,24,12,1,44,Matches
75,Julien Laurent,uy URU,DF,Brighton,eng Premier League,29,1994,25.3,1122,1358,82.6,26438,8255,506,506,100.0,359,417,86.1,318,435,73.1,0,0.6,0.6,-0.6,2,113,2,1,175,Matches
76,Nuno Petit,de GER,DF,Southampton,eng Premier League,26,1997,3.5,81,96,84.4,1598,711,40,44,90.9,33,40,82.5,6,12,50.0,0,1.4,1.7,-1.4,6,7,7,1,2,Matches
77,Omar Ferrari,ma MAR,DF,Manchester City,eng Premier League,23,2000,12.6,589,757,77.8,10456,2408,270,281,96.1,235,271,86.7,104,205,50.7,0,0.0,0.1,0.0,3,107,5,1,71,Matches
78,Pablo Costa,hr CRO,FW,Fulham,eng Premier League,16,2007,6.4,179,245,73.1,3415,1275,90,104,86.5,84,94,89.4,25,47,53.2,0,0.4,0.2,-0.4,6,17,10,3,23,Matches
79,Pedro Kowalski,ma MAR,"MF,FW",Nott'ham Forest,eng Premier League,31,1992,1.6,64,66,97.0,1282,368,27,28,96.4,24,30,80.0,5,8,62.5,0,1.8,2.4,-1.8,1,7,1,1,8,Matches
80,Callum Tanaka,be BEL,MF,Leicester City,eng Premier League,28,1995,13.1,490,570,86.0,11186,3027,193,221,87.3,165,176,93.8,117,173,67.6,1,1.0,1.0,0.0,3,56,6,0,61,Matches
81,Felix Costa,ar ARG,FW,Leeds United,eng Premier League,33,1990,5.4,174,221,78.7,3541,1421,84,100,84.0,52,60,86.7,39,61,63.9,0,0.0,0.0,0.0,2,9,3,1,18,Matches
82,Bruno Berg,de GER,"MF,FW",Southampton,eng Premier League,23,2000,7.4,459,539,85.2,9417,2691,209,230,90.9,154,170,90.6,86,139,61.9,1,0.0,0.3,1.0,4,27,4,1,27,Matches
83,Ryan Barnes,br BRA,"DF,FW",Newcastle Utd,eng Premier League,22,2001,3.5,116,142,81.7,2653,974,58,61,95.1,39,47,83.0,20,34,58.8,0,0.0,0.0,0.0,3,15,6,2,8,Matches
84,Mateo Gómez,ma MAR,MF,Newcastle Utd,eng Premier League,25,1998,37.1,1852,2137,86.7,45144,11775,940,1044,90.0,554,644,86.0,348,449,77.5,4,5.7,5.4,-1.7,14,188,17,7,176,Matches
85,Stefan Bakker,be BEL,MF,Southampton,eng Premier League,16,2007,4.2,179,225,79.6,3239,1089,90,99,90.9,88,99,88.9,18,27,66.7,0,0.4,0.5,-0.4,3,13,5,0,24,Matches
86,Omar Bakker,fr FRA,DF,Leicester City,eng Premier League,25,1998,16.0,357,505,70.7,6069,3640,206,238,86.6,184,226,81.4,26,41,63.4,1,1.1,0.9,-0.1,15,21,15,3,38,Matches
87,Owen Traoré,at AUT,"MF,DF",Arsenal,eng Premier League,23,2000,2.8,126,152,82.9,2736,1084,66,69,95.7,59,74,79.7,6,9,66.7,0,0.0,0.4,0.0,1,8,1,0,12,Matches
88,Yusuf Hoffmann,it ITA,"MF,DF",Leeds United,eng Premier League,28,1995,9.7,567,686,82.7,12415,4937,348,379,91.8,260,269,96.7,16,38,42.1,2,1.5,1.2,0.5,14,47,26,0,1,Matches
89,Luca Kovač,hr CRO,FW,Everton,eng Premier League,24,1999,14.3,589,780,75.5,14013,5138,357,383,93.2,282,302,93.4,62,95,65.3,1,1.4,1.1,-0.4,15,62,20,3,40,Matches
90,Owen Murphy,pl POL,DF,West Ham,eng Premier League,29,1994,4.4,137,173,79.2,2794,1157,71,78,91.0,65,73,89.0,11,22,50.0,0,1.5,1.7,-1.5,4,10,7,2,8,Matches
91,Erik Laurent,sn SEN,DF,Nott'ham Forest,eng Premier League,26,1997,1.8,77,109,70.6,1605,447,41,41,100.0,37,48,77.1,10,20,50.0,0,0.0,0.0,0.0,0,10,0,0,5,Matches
92,Stefan Moreau,no NOR,"DF,MF",Everton,eng Premier League,30,1993,4.4,232,249,93.2,3898,1291,97,106,91.5,63,70,90.0,52,73,71.2,1,1.7,2.3,-0.7,9,23,11,5,30,Matches
93,Kevin Sánchez,jp JPN,DF,Bournemouth,eng Premier League,32,1991,8.5,208,279,74.6,3422,1288,108,122,88.5,117,131,89.3,11,26,42.3,0,0.4,1.1,-0.4,3,27,3,2,22,Matches
94,Owen López,de GER,MF,Chelsea,eng Premier League,24,1999,5.6,343,383,89.6,7002,2420,166,178,93.3,118,133,88.7,38,72,52.8,2,2.8,2.3,-0.8,6,31,10,2,18,Matches
95,Yusuf Walsh,fr FRA,MF,Aston Villa,eng Premier League,30,1993,9.9,374,492,76.0,7011,2927,183,222,82.4,160,171,93.6,50,99,50.5,1,2.9,3.4,-1.9,15,48,24,7,22,Matches
96,Viktor El Amrani,dk DEN,DF,Aston Villa,eng Premier League,32,1991,7.4,238,313,76.0,5109,1510,128,139,92.1,128,145,88.3,18,29,62.1,0,0.1,0.3,-0.1,4,17,6,1,32,Matches
97,Samuel Murphy,no NOR,DF,Leeds United,eng Premier League,16,2007,9.9,349,433,80.6,5587,1638,179,184,97.3,121,146,82.9,74,103,71.8,1,0.5,0.8,0.5,9,30,7,1,14,Matches
98,Owen Walsh,dk DEN,MF,Crystal Palace,eng Premier League,28,1995,3.1,165,202,81.7,3424,1236,93,101,92.1,79,88,89.8,5,13,38.5,0,0.0,0.5,0.0,6,11,10,3,22,Matches
99,Marco Bakker,br BRA,DF,Nott'ham Forest,eng Premier League,32,1991,34.1,662,882,75.1,12838,4713,356,415,85.8,275,311,88.4,83,156,53.2,0,1.1,1.7,-1.1,6,73,10,2,26,Matches
100,David Dubois,se SWE,DF,Brighton,eng Premier League,25,1998,19.7,1168,1357,86.1,21381,7382,640,722,88.6,440,525,83.8,84,110,76.4,0,0.9,0.9,-0.9,5,126,4,0,110,Matches
101,Finn Greco,dk DEN,FW,West Ham,eng Premier League,24,1999,10.9,249,331,75.2,5038,1999,143,159,89.9,101,120,84.2,29,52,55.8,0,0.0,0.0,0.0,6,20,7,3,31,Matches
102,Samuel Ferrari,no NOR,MF,Crystal Palace,eng Premier League,27,1996,9.0,479,554,86.5,7403,2662,246,268,91.8,168,204,82.4,41,82,50.0,0,0.9,0.7,-0.9,4,67,5,2,52,Matches
103,Ibrahim Diallo,fr FRA,"MF,FW",Southampton,eng Premier League,29,1994,8.3,477,586,81.4,9980,3431,300,319,94.0,182,216,84.3,28,51,54.9,0,0.0,0.1,0.0,23,42,40,7,59,Matches
104,Marco Hansen,eng ENG,MF,Everton,eng Premier League,32,1991,5.9,228,257,88.7,4613,1515,112,118,94.9,85,94,90.4,29,45,64.4,0,0.3,0.3,-0.3,2,16,2,0,21,Matches
105,Jordan Moreau,pt POR,GK,Chelsea,eng Premier League,22,2001,15.6,675,876,77.1,14261,5228,328,351,93.4,367,400,91.8,78,125,62.4,1,1.6,1.4,-0.6,14,41,19,7,71,Matches
106,Callum Tanaka,es ESP,"FW,MF",Leicester City,eng Premier League,26,1997,20.5,1001,1129,88.7,19890,6674,585,609,96.1,353,394,89.6,53,126,42.1,5,4.9,4.9,0.1,26,110,16,5,72,Matches
107,Owen Tanaka,rs SRB,DF,Everton,eng Premier League,25,1998,2.6,49,62,79.0,844,259,24,25,96.0,19,21,90.5,9,16,56.2,0,0.0,0.0,0.0,0,5,0,0,5,Matches
108,Sergio Barnes,ma MAR,DF,Nott'ham Forest,eng Premier League,22,2001,27.6,248,338,73.4,4196,1371,130,136,95.6,101,128,78.9,31,74,41.9,0,0.0,0.6,0.0,4,21,2,0,32,Matches
109,Jordan Ferrari,be BEL,DF,West Ham,eng Premier League,25,1998,2.5,81,99,81.8,1487,541,49,56,87.5,30,30,100.0,7,13,53.8,0,0.0,0.0,0.0,0,6,0,0,4,Matches
110,Marco Schmidt,jp JPN,DF,Nott'ham Forest,eng Premier League,25,1998,4.0,109,146,74.7,2142,681,58,64,90.6,49,53,92.5,14,29,48.3,0,0.0,0.4,0.0,2,10,2,1,14,Matches
111,Felix Fernández,no NOR,MF,Manchester City,eng Premier League,26,1997,11.2,423,480,88.1,8744,3995,144,153,94.1,179,204,87.7,76,123,61.8,0,1.3,1.5,-1.3,3,41,3,1,13,Matches
112,Jonas Santos,us USA,DF,Nott'ham Forest,eng Premier League,21,2002,0.3,11,13,84.6,239,79,6,6,100.0,4,5,80.0,1,2,50.0,0,0.0,0.3,0.0,0,2,0,0,1,Matches
113,Samuel Jansen,ar ARG,"MF,FW",Bournemouth,eng Premier League,21,2002,5.0,188,242,77.7,4497,2200,101,109,92.7,104,117,88.9,9,16,56.2,1,2.2,2.2,-1.2,1,15,1,0,12,Matches
114,Connor Murphy,it ITA,DF,Chelsea,eng Premier League,25,1998,14.4,512,687,74.5,10953,5281,260,292,89.0,340,361,94.2,17,34,50.0,0,0.0,0.5,0.0,2,54,3,1,54,Matches
115,Jordan Wagner,pl POL,MF,Southampton,eng Premier League,25,1998,2.1,100,118,84.7,1995,615,53,57,93.0,40,49,81.6,6,12,50.0,0,0.0,0.0,0.0,4,11,4,2,8,Matches
116,Youssef Hoffmann,it ITA,"MF,DF",West Ham,eng Premier League,25,1998,5.1,128,161,79.5,2879,791,60,68,88.2,45,58,77.6,23,35,65.7,0,0.0,0.0,0.0,5,12,9,2,16,Matches
117,Mateo Fernández,se SWE,MF,Manchester City,eng Premier League,34,1989,5.8,257,306,84.0,3555,1061,140,158,88.6,121,140,86.4,5,8,62.5,1,0.0,0.2,1.0,6,26,5,2,6,Matches
118,Rafael Walsh,no NOR,DF,Chelsea,eng Premier League,24,1999,38.0,1513,1730,87.5,29835,15136,786,885,88.8,619,643,96.3,116,202,57.4,2,1.7,1.9,0.3,17,172,19,2,174,Matches
119,David Andersson,co COL,"FW,MF",Aston Villa,eng Premier League,28,1995,8.2,469,522,89.8,8510,1435,221,250,88.4,207,234,88.5,17,38,44.7,0,0.0,0.0,0.0,6,56,11,2,45,Matches
120,Ibrahim Diallo,it ITA,GK,Leeds United,eng Premier League,22,2001,6.5,338,468,72.2,6736,2454,191,217,88.0,159,185,85.9,29,66,43.9,0,0.0,0.2,0.0,4,28,7,1,48,Matches
121,Erik Moreau,rs SRB,MF,Fulham,eng Premier League,22,2001,9.0,480,576,83.3,9740,2216,256,264,97.0,185,226,81.9,52,86,60.5,0,0.0,0.0,0.0,4,50,5,1,22,Matches
122,Maxime Hughes,no NOR,MF,Bournemouth,eng Premier League,22,2001,5.3,266,343,77.6,5776,1829,140,145,96.6,92,107,86.0,44,91,48.4,3,3.1,3.8,-0.1,8,22,15,3,25,Matches
123,Callum Gómez,ch SUI,"DF,MF",Leicester City,eng Premier League,27,1996,15.0,624,678,92.0,10516,3113,289,301,96.0,196,228,86.0,108,149,72.5,2,0.0,0.3,2.0,24,74,21,2,18,Matches
124,Noah Wagner,br BRA,DF,Newcastle Utd,eng Premier League,23,2000,7.5,116,143,81.1,2817,749,55,58,94.8,62,70,88.6,11,15,73.3,0,0.0,0.0,0.0,3,12,3,1,12,Matches
125,Théo Kowalski,be BEL,DF,Fulham,eng Premier League,27,1996,5.4,325,392,82.9,6936,2827,182,193,94.3,119,139,85.6,33,60,55.0,0,0.0,0.4,0.0,5,30,7,2,38,Matches
126,Maxime Kovač,no NOR,MF,Leeds United,eng Premier League,27,1996,28.8,1140,1298,87.8,28121,9347,528,606,87.1,424,515,82.3,97,177,54.8,3,3.8,3.3,-0.8,19,31,23,5,72,Matches
127,Youssef Moreau,be BEL,DF,Fulham,eng Premier League,20,2003,4.0,87,121,71.9,1497,587,51,53,96.2,45,55,81.8,8,13,61.5,0,0.1,0.0,-0.1,1,7,1,0,13,Matches
128,Hugo Girard,uy URU,"MF,DF",Brighton,eng Premier League,28,1995,0.1,5,6,83.3,84,27,3,3,100.0,2,2,100.0,1,1,100.0,0,0.4,0.0,-0.4,0,0,0,0,0,Matches
129,Mateo Diallo,fr FRA,FW,Everton,eng Premier League,24,1999,6.1,179,239,74.9,3204,1178,119,140,85.0,76,85,89.4,6,14,42.9,1,0.0,0.4,1.0,6,14,10,0,23,Matches
130,Takumi Kowalski,co COL,MF,Brentford,eng Premier League,23,2000,5.4,276,314,87.9,4773,1878,134,148,90.5,100,128,78.1,18,38,47.4,0,0.0,0.0,0.0,7,38,5,1,17,Matches
131,Omar Murphy,se SWE,DF,Newcastle Utd,eng Premier League,30,1993,5.9,204,289,70.6,2755,1070,149,165,90.3,53,60,88.3,31,64,48.4,1,1.8,1.6,-0.8,1,15,1,0,14,Matches
132,Javier Yamamoto,no NOR,GK,Leicester City,eng Premier League,31,1992,27.7,1372,2132,64.4,26778,7811,920,1073,85.7,669,879,76.1,99,180,55.0,1,1.8,1.5,-0.8,7,190,12,3,109,Matches
133,Jordan Santos,be BEL,FW,Everton,eng Premier League,31,1992,4.2,169,216,78.2,3601,1398,99,110,90.0,52,59,88.1,37,47,78.7,0,1.0,1.5,-1.0,1,19,1,0,16,Matches
134,Daniel Barnes,uy URU,GK,Manchester Utd,eng Premier League,27,1996,16.9,982,1354,72.5,18903,6357,441,484,91.1,459,516,89.0,200,354,56.5,0,0.0,0.5,0.0,5,177,9,2,68,Matches
135,Noah Conti,es ESP,FW,Manchester Utd,eng Premier League,28,1995,16.4,353,484,72.9,8005,3128,243,277,87.7,154,169,91.1,22,38,57.9,1,1.5,1.7,-0.5,10,33,14,5,28,Matches
136,Nuno Bianchi,eng ENG,"FW,DF",Crystal Palace,eng Premier League,25,1998,8.4,260,340,76.5,5248,1488,153,171,89.5,121,146,82.9,11,23,47.8,0,0.8,0.4,-0.8,6,13,10,3,21,Matches
137,Noah Schmidt,es ESP,"DF,MF",Everton,eng Premier League,29,1994,14.6,451,566,79.7,8779,2013,176,198,88.9,191,235,81.3,96,133,72.2,0,0.0,0.0,0.0,5,44,9,2,56,Matches
138,Bruno Girard,rs SRB,GK,Bournemouth,eng Premier League,26,1997,25.4,1248,1638,76.2,26199,9315,658,749,87.9,567,716,79.2,105,173,60.7,2,0.3,0.0,1.7,15,84,25,3,117,Matches
139,Noah Byrne,dk DEN,"MF,FW",Newcastle Utd,eng Premier League,20,2003,3.3,225,238,94.5,4465,740,99,106,93.4,96,103,93.2,17,29,58.6,0,0.2,0.0,-0.2,4,29,6,2,14,Matches
140,Mason Wright,hr CRO,MF,Southampton,eng Premier League,23,2000,7.0,369,464,79.5,7580,3148,143,160,89.4,174,177,98.3,86,127,67.7,1,0.9,0.9,0.1,16,13,7,4,41,Matches
141,Leo Nowak,ma MAR,MF,Brentford,eng Premier League,17,2006,1.8,80,99,80.8,1618,402,54,56,96.4,40,47,85.1,0,0,,0,0.4,0.2,-0.4,1,4,2,1,10,Matches
142,Connor Greco,hr CRO,MF,Bournemouth,eng Premier League,27,1996,4.4,190,212,89.6,3912,1230,95,105,90.5,74,91,81.3,5,16,31.2,0,0.0,0.2,0.0,1,16,2,0,15,Matches
143,Adam Larsen,sn SEN,DF,Leicester City,eng Premier League,21,2002,3.3,97,143,67.8,1867,445,57,64,89.1,48,54,88.9,14,25,56.0,0,0.0,0.5,0.0,0,8,0,0,9,Matches
144,Luca Müller,jp JPN,"MF,FW",Manchester Utd,eng Premier League,25,1998,21.6,760,970,78.4,16149,5667,465,534,87.1,341,413,82.6,11,23,47.8,0,0.0,0.3,0.0,8,94,7,3,106,Matches
145,Iker Tanaka,us USA,DF,Leicester City,eng Premier League,27,1996,20.1,726,957,75.9,14438,4458,484,537,90.1,370,412,89.8,4,8,50.0,0,0.3,0.3,-0.3,4,11,3,1,76,Matches
146,Maxime Sánchez,be BEL,MF,Tottenham,eng Premier League,30,1993,16.3,517,664,77.9,9307,3669,312,325,96.0,172,200,86.0,62,139,44.6,3,2.8,2.8,0.2,22,55,35,10,67,Matches
147,Marco Silva,nl NED,DF,Newcastle Utd,eng Premier League,20,2003,10.2,239,293,81.6,4552,1684,136,154,88.3,86,96,89.6,20,43,46.5,0,1.1,0.8,-1.1,6,41,6,3,27,Matches
148,Leo Santos,pt POR,"MF,DF",Tottenham,eng Premier League,22,2001,7.7,396,435,91.0,7391,2714,201,221,91.0,155,189,82.0,18,25,72.0,0,1.6,1.2,-1.6,1,45,2,1,33,Matches
149,Marco Murphy,se SWE,DF,Newcastle Utd,eng Premier League,28,1995,17.8,945,1186,79.7,17909,5497,412,464,88.8,586,637,92.0,53,85,62.4,0,0.0,0.2,0.0,7,71,7,3,88,Matches
150,Youssef Hughes,es ESP,FW,Crystal Palace,eng Premier League,28,1995,24.9,928,1140,81.4,16895,5945,592,629,94.1,278,357,77.9,87,154,56.5,0,0.2,0.0,-0.2,5,79,9,1,124,Matches
151,Anton Lindqvist,sn SEN,"MF,FW",West Ham,eng Premier League,31,1992,3.8,143,191,74.9,3098,1621,80,89,89.9,70,73,95.9,22,29,75.9,0,0.2,0.0,-0.2,2,17,4,1,8,Matches
152,Felix Doyle,at AUT,DF,Tottenham,eng Premier League,24,1999,15.9,543,666,81.5,10835,2585,242,271,89.3,207,251,82.5,89,144,61.8,0,0.0,0.0,0.0,2,67,3,1,49,Matches
153,Ryan Fischer,ma MAR,"DF,MF",Arsenal,eng Premier League,26,1997,23.4,1067,1156,92.3,17440,6112,449,480,93.5,380,441,86.2,99,235,42.1,2,0.9,1.2,1.1,27,132,56,9,144,Matches
154,Milan Hughes,co COL,DF,Everton,eng Premier League,29,1994,9.8,300,343,87.5,5256,1971,147,175,84.0,108,113,95.6,25,55,45.5,3,6.0,5.9,-3.0,19,35,32,2,25,Matches
155,Pablo Benali,nl NED,DF,Brentford,eng Premier League,24,1999,21.4,640,807,79.3,12617,4679,343,349,98.3,227,271,83.8,144,187,77.0,0,0.0,0.0,0.0,12,49,11,6,96,Matches
156,Théo Nielsen,hr CRO,DF,Newcastle Utd,eng Premier League,24,1999,13.2,570,712,80.1,9617,3358,350,368,95.1,209,248,84.3,53,96,55.2,1,1.4,1.6,-0.4,17,92,31,12,87,Matches
157,Kevin Conti,co COL,"FW,DF",Arsenal,eng Premier League,27,1996,12.4,499,650,76.8,9212,3619,277,321,86.3,207,236,87.7,68,93,73.1,0,0.0,0.0,0.0,1,68,1,1,52,Matches
158,Omar Silva,pt POR,MF,Everton,eng Premier League,20,2003,20.0,994,1086,91.5,21033,9234,457,521,87.7,348,414,84.1,95,151,62.9,1,1.2,1.0,-0.2,12,53,22,1,116,Matches
159,Sota Bianchi,rs SRB,GK,Manchester Utd,eng Premier League,17,2006,0.9,66,90,73.3,1224,415,33,34,97.1,31,36,86.1,11,20,55.0,0,1.3,0.9,-1.3,1,6,2,0,5,Matches
160,Viktor Silva,ar ARG,MF,Brighton,eng Premier League,33,1990,10.7,561,700,80.1,10295,2447,297,318,93.4,177,202,87.6,101,180,56.1,5,2.5,2.2,2.5,25,57,24,5,57,Matches
161,Viktor López,co COL,GK,Brighton,eng Premier League,22,2001,12.6,684,1045,65.5,13427,5217,369,411,89.8,317,368,86.1,182,266,68.4,1,1.1,0.5,-0.1,5,86,8,2,80,Matches
162,Diego Rizzo,jp JPN,MF,Southampton,eng Premier League,26,1997,6.2,251,283,88.7,4861,1466,135,140,96.4,95,106,89.6,26,37,70.3,0,0.0,0.0,0.0,12,29,14,3,35,Matches
163,Erik Greco,us USA,GK,Liverpool,eng Premier League,27,1996,5.7,320,464,69.0,5662,2232,196,225,87.1,138,161,85.7,41,78,52.6,1,1.1,1.0,-0.1,4,20,5,2,32,Matches
164,Anton Hughes,fr FRA,MF,Crystal Palace,eng Premier League,18,2005,24.0,779,888,87.7,15519,5324,308,344,89.5,313,356,87.9,119,188,63.3,2,2.0,2.5,0.0,28,73,67,7,43,Matches
165,Noah Nowak,no NOR,"MF,FW",Southampton,eng Premier League,26,1997,6.3,271,333,81.4,5503,1835,155,158,98.1,131,154,85.1,12,21,57.1,1,0.2,0.2,0.8,3,47,5,1,10,Matches
166,Liam Bakker,co COL,DF,Chelsea,eng Premier League,25,1998,8.4,345,464,74.4,7757,2436,150,165,90.9,126,146,86.3,84,153,54.9,0,0.4,0.4,-0.4,10,22,22,4,37,Matches
167,Elias Costa,se SWE,FW,Brighton,eng Premier League,32,1991,8.6,251,318,78.9,5441,1762,153,153,100.0,103,125,82.4,25,40,62.5,0,0.0,0.2,0.0,2,31,2,0,28,Matches
168,Sota Bianchi,be BEL,DF,Nott'ham Forest,eng Premier League,27,1996,3.7,129,152,84.9,2460,1051,82,84,97.6,60,67,89.6,1,1,100.0,0,0.0,0.3,0.0,1,13,2,0,15,Matches
169,Noah Doyle,rs SRB,MF,Manchester City,eng Premier League,18,2005,8.5,452,516,87.6,8571,3443,199,221,90.0,193,232,83.2,42,63,66.7,2,2.1,2.6,-0.1,6,59,9,4,60,Matches
170,Javier Benali,se SWE,MF,Southampton,eng Premier League,22,2001,3.5,134,157,85.4,2733,1281,56,66,84.8,49,55,89.1,22,36,61.1,0,0.4,0.9,-0.4,3,18,4,1,7,Matches
171,Nicolas Pereira,co COL,MF,Newcastle Utd,eng Premier League,28,1995,18.3,787,923,85.3,13804,4699,350,390,89.7,284,355,80.0,78,178,43.8,1,1.3,1.6,-0.3,18,76,24,6,15,Matches
172,Pedro Sánchez,ma MAR,"DF,MF",Liverpool,eng Premier League,27,1996,31.6,1139,1305,87.3,25194,9401,470,489,96.1,594,671,88.5,86,145,59.3,1,0.4,0.1,0.6,29,104,22,19,127,Matches
173,Adam Clarke,us USA,DF,Brighton,eng Premier League,24,1999,5.0,216,285,75.8,3973,1577,123,141,87.2,103,123,83.7,13,21,61.9,0,0.0,0.3,0.0,0,28,0,0,37,Matches
174,Viktor Horvat,br BRA,DF,Chelsea,eng Premier League,36,1987,2.4,71,103,68.9,1151,337,50,55,90.9,37,41,90.2,3,7,42.9,1,1.6,1.8,-0.6,2,9,4,1,8,Matches
175,Hugo Byrne,no NOR,DF,West Ham,eng Premier League,29,1994,25.0,796,912,87.3,14412,4874,267,313,85.3,253,324,78.1,158,275,57.5,2,1.7,1.8,0.3,18,55,12,6,75,Matches
176,Maxime Becker,dk DEN,MF,Fulham,eng Premier League,25,1998,7.2,396,439,90.2,7413,2334,196,217,90.3,107,122,87.7,78,100,78.0,1,1.4,1.2,-0.4,4,32,5,1,44,Matches
177,Samuel Murphy,de GER,"DF,MF",Newcastle Utd,eng Premier League,27,1996,11.4,497,590,84.2,10443,4753,215,242,88.8,172,182,94.5,99,166,59.6,1,1.3,1.1,-0.3,10,43,15,5,58,Matches
178,Liam Horvat,ma MAR,"MF,FW",Arsenal,eng Premier League,25,1998,5.7,179,220,81.4,3459,958,88,94,93.6,65,75,86.7,34,51,66.7,0,4.0,4.5,-4.0,5,18,7,3,22,Matches
179,Youssef Lindqvist,it ITA,DF,Bournemouth,eng Premier League,25,1998,7.4,351,401,87.5,9093,4344,186,202,92.1,134,147,91.2,40,52,76.9,0,0.0,0.4,0.0,3,21,4,2,35,Matches
180,David Santos,dk DEN,"MF,FW",Fulham,eng Premier League,31,1992,2.7,151,159,95.0,2641,907,80,87,92.0,37,51,72.5,14,21,66.7,0,0.0,0.0,0.0,1,11,1,0,18,Matches
181,Sergio Petit,at AUT,MF,Nott'ham Forest,eng Premier League,21,2002,22.4,947,1230,77.0,16728,5406,514,544,94.5,325,344,94.5,191,342,55.8,2,0.9,1.0,1.1,18,120,21,2,63,Matches
182,Elias Weber,ar ARG,"FW,DF",Chelsea,eng Premier League,25,1998,1.0,21,25,84.0,435,195,10,11,90.9,8,10,80.0,2,4,50.0,0,0.0,0.1,0.0,0,2,0,0,1,Matches
183,Sota Kowalski,nl NED,MF,Brentford,eng Premier League,31,1992,11.5,593,678,87.5,10600,3491,342,342,100.0,189,219,86.3,62,117,53.0,1,1.2,1.0,-0.2,16,46,23,14,76,Matches
184,Karim Wagner,br BRA,DF,Aston Villa,eng Premier League,32,1991,12.2,570,630,90.5,10948,2560,346,346,100.0,173,185,93.5,62,99,62.6,1,1.1,0.8,-0.1,12,53,20,1,78,Matches
185,Daniel Murphy,us USA,FW,Manchester City,eng Premier League,26,1997,8.9,199,227,87.7,3407,1208,112,118,94.9,74,88,84.1,11,21,52.4,0,1.4,1.1,-1.4,2,11,2,1,26,Matches
186,Bruno Clarke,no NOR,DF,Manchester City,eng Premier League,31,1992,7.1,140,182,76.9,2590,947,83,87,95.4,57,63,90.5,20,32,62.5,1,0.2,0.1,0.8,8,9,9,3,13,Matches
187,Mateo Rizzo,jp JPN,FW,Crystal Palace,eng Premier League,16,2007,5.3,170,237,71.7,3558,1228,80,89,89.9,99,115,86.1,22,33,66.7,0,0.1,0.0,-0.1,1,16,1,0,12,Matches
188,Mateo Fischer,dk DEN,MF,Leeds United,eng Premier League,26,1997,11.6,704,846,83.2,13591,5404,337,379,88.9,257,305,84.3,98,162,60.5,2,1.6,1.5,0.4,11,72,16,4,64,Matches
189,Noah Benali,de GER,FW,Nott'ham Forest,eng Premier League,24,1999,4.2,69,87,79.3,1362,458,22,23,95.7,34,37,91.9,17,27,63.0,0,0.0,0.5,0.0,1,13,1,1,7,Matches
190,Antoine Bianchi,ar ARG,DF,Arsenal,eng Premier League,22,2001,4.4,114,153,74.5,2015,576,65,77,84.4,48,59,81.4,9,17,52.9,1,0.0,0.1,1.0,6,10,6,2,9,Matches
191,Leo Doyle,no NOR,"MF,FW",Manchester Utd,eng Premier League,21,2002,10.3,507,642,79.0,9643,4644,242,259,93.4,193,217,88.9,130,166,78.3,2,0.2,0.4,1.8,10,60,13,1,52,Matches
192,Jordan Nielsen,be BEL,GK,Aston Villa,eng Premier League,20,2003,5.4,274,401,68.3,4922,1451,173,195,88.7,147,156,94.2,29,50,58.0,1,1.6,2.3,-0.6,3,10,4,0,23,Matches
193,Pablo López,hr CRO,MF,Newcastle Utd,eng Premier League,31,1992,7.9,260,313,83.1,4326,1373,161,171,94.2,92,112,82.1,18,30,60.0,0,0.9,1.4,-0.9,8,22,7,2,26,Matches
194,Noah Wright,dk DEN,MF,Nott'ham Forest,eng Premier League,29,1994,7.5,394,414,95.2,9076,3220,175,179,97.8,108,122,88.5,60,113,53.1,0,0.2,0.5,-0.2,2,25,4,1,63,Matches
195,Liam López,us USA,DF,Brentford,eng Premier League,27,1996,13.5,204,255,80.0,4057,1668,100,108,92.6,86,103,83.5,26,44,59.1,0,0.0,0.0,0.0,4,19,9,0,7,Matches
196,Nicolas Dubois,de GER,DF,Chelsea,eng Premier League,19,2004,2.3,76,94,80.9,1645,535,42,43,97.7,31,33,93.9,9,18,50.0,1,0.6,0.3,0.4,1,10,1,0,6,Matches
197,Ryan Berg,ch SUI,FW,Aston Villa,eng Premier League,27,1996,7.5,234,286,81.8,3354,750,113,131,86.3,122,133,91.7,11,22,50.0,2,4.3,4.6,-2.3,5,27,8,1,22,Matches
198,Iker Diallo,it ITA,GK,Manchester Utd,eng Premier League,26,1997,10.7,512,764,67.0,12052,4802,352,370,95.1,348,397,87.7,0,0,,0,0.0,0.0,0.0,3,68,5,1,21,Matches
199,Jordan Bakker,fr FRA,MF,Southampton,eng Premier League,24,1999,8.3,367,444,82.7,8424,2396,222,240,92.5,138,154,89.6,31,50,62.0,2,2.2,1.9,-0.2,9,24,15,2,56,Matches
200,Emil Girard,nl NED,DF,Brentford,eng Premier League,26,1997,7.4,214,287,74.6,5081,1979,113,120,94.2,83,84,98.8,49,83,59.0,0,0.1,0.9,-0.1,4,5,2,1,28,Matches
201,Samuel Girard,pl POL,MF,Chelsea,eng Premier League,26,1997,9.0,329,408,80.6,7537,2657,181,194,93.3,129,148,87.2,45,66,68.2,0,0.1,0.3,-0.1,10,24,12,4,23,Matches
202,Pablo Bianchi,br BRA,MF,Manchester City,eng Premier League,25,1998,11.8,679,825,82.3,11717,5466,357,381,93.7,228,281,81.1,89,163,54.6,0,0.0,0.0,0.0,16,93,18,12,77,Matches
203,Jordan Silva,jp JPN,DF,Tottenham,eng Premier League,22,2001,1.5,63,74,85.1,1306,474,32,36,88.9,22,25,88.0,7,13,53.8,0,0.0,0.0,0.0,0,4,0,0,5,Matches
204,Lucas Wright,no NOR,MF,Brighton,eng Premier League,27,1996,6.6,260,330,78.8,4359,1452,129,147,87.8,91,120,75.8,26,63,41.3,0,0.1,0.2,-0.1,0,19,0,0,26,Matches
205,Antoine Benali,ch SUI,"DF,MF",Liverpool,eng Premier League,27,1996,8.7,376,412,91.3,7939,2609,168,184,91.3,108,129,83.7,39,99,39.4,1,1.0,1.4,0.0,10,35,23,6,31,Matches
206,Callum Pereira,dk DEN,DF,Newcastle Utd,eng Premier League,18,2005,1.6,67,82,81.7,1225,352,28,32,87.5,31,36,86.1,8,14,57.1,0,0.2,0.0,-0.2,2,8,2,0,8,Matches
207,Yusuf Tanaka,ma MAR,FW,Nott'ham Forest,eng Premier League,22,2001,20.0,681,944,72.1,13402,4290,424,470,90.2,294,349,84.2,66,125,52.8,0,0.0,0.1,0.0,7,68,13,2,68,Matches
208,Oscar Nielsen,es ESP,MF,Bournemouth,eng Premier League,28,1995,5.8,285,319,89.3,6291,2781,115,121,95.0,100,118,84.7,51,80,63.8,0,0.0,0.0,0.0,9,25,13,3,31,Matches
209,Adam Gómez,at AUT,MF,Leicester City,eng Premier League,22,2001,8.1,606,671,90.3,13587,3580,229,262,87.4,256,293,87.4,86,116,74.1,0,0.0,0.0,0.0,3,71,4,0,97,Matches
210,Liam Andersson,fr FRA,DF,Brentford,eng Premier League,25,1998,13.1,430,597,72.0,9425,2513,213,241,88.4,200,265,75.5,47,91,51.6,2,2.6,2.7,-0.6,14,45,28,1,68,Matches
211,Viktor Novak,es ESP,MF,Brentford,eng Premier League,34,1989,17.1,514,557,92.3,11797,4478,149,161,92.5,205,238,86.1,72,158,45.6,3,0.0,0.2,3.0,24,49,30,4,22,Matches
212,Leo Becker,nl NED,"FW,MF",Liverpool,eng Premier League,28,1995,8.9,229,275,83.3,4690,958,103,119,86.6,96,116,82.8,29,40,72.5,0,0.0,0.0,0.0,6,29,9,3,17,Matches
213,Diego Gómez,sn SEN,"MF,FW",Bournemouth,eng Premier League,27,1996,18.5,512,660,77.6,9564,2981,211,250,84.4,128,147,87.1,130,263,49.4,3,2.0,2.5,1.0,12,86,23,5,49,Matches
214,Lucas Tanaka,uy URU,DF,Wolves,eng Premier League,22,2001,2.1,87,125,69.6,2047,784,54,61,88.5,32,36,88.9,16,28,57.1,0,0.8,0.8,-0.8,0,9,0,0,6,Matches
215,Kevin Larsen,dk DEN,MF,Leicester City,eng Premier League,23,2000,20.4,1121,1406,79.7,24988,6912,588,628,93.6,559,607,92.1,108,171,63.2,2,1.3,1.1,0.7,55,104,38,16,83,Matches
216,Milan Girard,uy URU,MF,Everton,eng Premier League,16,2007,3.0,138,164,84.1,2766,727,79,88,89.8,36,44,81.8,14,32,43.8,0,0.0,0.0,0.0,1,11,1,0,19,Matches
217,Théo Hoffmann,ar ARG,"DF,MF",Southampton,eng Premier League,19,2004,9.6,492,550,89.5,7958,2662,239,255,93.7,166,200,83.0,49,95,51.6,1,2.5,2.5,-1.5,6,41,6,2,53,Matches
218,Connor Müller,eng ENG,FW,Newcastle Utd,eng Premier League,31,1992,13.8,430,503,85.5,7840,2839,217,234,92.7,99,112,88.4,111,157,70.7,2,3.0,3.2,-1.0,6,56,4,4,49,Matches
219,Connor Schmidt,br BRA,"MF,DF",Aston Villa,eng Premier League,23,2000,6.5,320,374,85.6,5080,1486,193,206,93.7,128,155,82.6,7,13,53.8,1,1.3,1.9,-0.3,7,36,10,2,29,Matches
220,Owen Hoffmann,ma MAR,FW,Tottenham,eng Premier League,30,1993,11.5,439,557,78.8,8396,3039,250,254,98.4,195,242,80.6,38,61,62.3,1,2.4,2.4,-1.4,3,17,3,1,42,Matches
221,Jonas Moreau,pl POL,DF,Arsenal,eng Premier League,20,2003,21.3,912,1235,73.8,18303,6500,532,552,96.4,386,436,88.5,130,247,52.6,0,1.5,1.4,-1.5,10,74,15,4,106,Matches
222,Leo Conti,us USA,MF,Manchester Utd,eng Premier League,22,2001,14.5,763,927,82.3,15069,6624,463,505,91.7,237,296,80.1,58,126,46.0,0,0.0,0.6,0.0,16,130,12,3,28,Matches
223,Bruno Wagner,de GER,MF,Brighton,eng Premier League,27,1996,15.7,561,680,82.5,11837,4737,271,303,89.4,239,277,86.3,67,100,67.0,0,1.1,0.6,-1.1,6,71,9,0,70,Matches
224,Erik Hughes,es ESP,MF,Aston Villa,eng Premier League,35,1988,3.3,165,225,73.3,2657,740,106,110,96.4,82,95,86.3,14,20,70.0,2,2.5,3.0,-0.5,5,17,6,2,22,Matches
225,David Petit,se SWE,DF,Brighton,eng Premier League,21,2002,3.9,112,168,66.7,2390,671,81,84,96.4,62,72,86.1,9,12,75.0,0,0.0,0.4,0.0,0,13,0,0,11,Matches
226,Elias Petit,ar ARG,DF,Fulham,eng Premier League,24,1999,6.7,268,350,76.6,3758,1197,183,188,97.3,104,105,99.0,37,57,64.9,0,0.0,0.0,0.0,3,39,6,1,31,Matches
227,Diego Cissé,us USA,"DF,MF",Leeds United,eng Premier League,24,1999,8.7,382,476,80.3,6860,1970,181,216,83.8,192,241,79.7,7,19,36.8,0,0.0,0.0,0.0,6,38,8,4,23,Matches
228,Ryan Girard,br BRA,"MF,FW",Everton,eng Premier League,32,1991,14.6,973,1246,78.1,22851,8039,484,502,96.4,366,441,83.0,188,303,62.0,2,2.3,1.7,-0.3,11,76,10,6,81,Matches
229,Marco Fernández,it ITA,DF,Fulham,eng Premier League,16,2007,1.8,32,45,71.1,681,248,15,17,88.2,15,17,88.2,6,11,54.5,0,0.0,0.1,0.0,1,3,2,0,2,Matches
230,Erik Wagner,co COL,FW,Leicester City,eng Premier League,17,2006,17.5,778,1023,76.1,14175,4460,417,461,90.5,393,453,86.8,57,109,52.3,1,1.1,1.8,-0.1,4,94,5,2,65,Matches
231,Théo Doyle,be BEL,GK,Tottenham,eng Premier League,21,2002,8.5,455,620,73.4,8410,2764,217,250,86.8,236,265,89.1,58,105,55.2,0,0.0,0.0,0.0,5,45,10,2,47,Matches
232,Anton Kovač,be BEL,GK,West Ham,eng Premier League,30,1993,3.1,131,201,65.2,2425,846,88,96,91.7,67,89,75.3,9,16,56.2,1,0.8,1.3,0.2,2,21,2,1,11,Matches
233,Milan Hoffmann,ma MAR,DF,Nott'ham Forest,eng Premier League,23,2000,2.1,88,106,83.0,1934,586,39,44,88.6,38,43,88.4,9,19,47.4,0,1.4,1.7,-1.4,1,11,1,0,11,Matches
234,Bruno Moreau,ma MAR,"DF,MF",Aston Villa,eng Premier League,25,1998,12.3,394,459,85.8,7134,2018,211,231,91.3,178,205,86.8,12,23,52.2,1,2.2,2.1,-1.2,23,13,15,10,41,Matches
235,Leo Rossi,no NOR,FW,Fulham,eng Premier League,26,1997,10.7,503,626,80.4,10776,3602,249,275,90.5,187,206,90.8,75,145,51.7,3,2.4,2.5,0.6,12,47,22,4,53,Matches
236,Daniel Diallo,es ESP,"MF,FW",Crystal Palace,eng Premier League,28,1995,5.9,210,251,83.7,4046,1463,90,100,90.0,86,102,84.3,27,49,55.1,1,0.4,0.6,0.6,6,25,5,0,13,Matches
237,Milan Benali,de GER,MF,Brighton,eng Premier League,25,1998,4.9,181,226,80.1,3363,803,106,115,92.2,70,74,94.6,23,37,62.2,0,0.7,0.4,-0.7,5,7,7,1,21,Matches
238,Erik Ferrari,de GER,DF,Tottenham,eng Premier League,21,2002,8.6,274,360,76.1,4919,989,136,152,89.5,105,128,82.0,43,80,53.8,0,0.3,0.3,-0.3,6,39,5,2,14,Matches
239,Youssef Benali,it ITA,DF,West Ham,eng Premier League,20,2003,17.8,620,696,89.1,12753,3319,317,326,97.2,254,287,88.5,41,83,49.4,2,1.0,1.1,1.0,14,54,18,3,34,Matches
240,Javier Byrne,uy URU,DF,Chelsea,eng Premier League,22,2001,24.0,777,1001,77.6,14262,4184,391,423,92.4,275,322,85.4,127,256,49.6,2,1.3,2.4,0.7,10,64,13,3,75,Matches
241,Diego Fischer,no NOR,"FW,MF",West Ham,eng Premier League,22,2001,17.3,655,744,88.0,12999,6517,330,376,87.8,219,270,81.1,40,98,40.8,0,0.7,0.3,-0.7,8,28,10,4,40,Matches
242,Maxime Moreau,sn SEN,"FW,DF",Nott'ham Forest,eng Premier League,20,2003,14.5,637,714,89.2,9453,2183,290,316,91.8,299,321,93.1,47,77,61.0,0,2.0,1.9,-2.0,5,67,7,1,46,Matches
243,Samuel Hoffmann,at AUT,MF,Fulham,eng Premier League,28,1995,4.8,169,181,93.4,2774,733,63,68,92.6,47,62,75.8,33,51,64.7,0,1.4,1.0,-1.4,2,21,3,2,14,Matches
244,Kevin Hughes,nl NED,MF,Everton,eng Premier League,30,1993,2.3,118,152,77.6,2358,894,65,71,91.5,28,31,90.3,29,50,58.0,0,1.1,1.3,-1.1,2,0,3,1,8,Matches
245,Takumi Girard,es ESP,DF,Aston Villa,eng Premier League,25,1998,15.2,511,621,82.3,9762,4047,226,265,85.3,127,144,88.2,158,212,74.5,0,1.1,0.8,-1.1,3,44,4,0,31,Matches
246,Takumi Laurent,br BRA,"DF,MF",Wolves,eng Premier League,30,1993,3.1,186,195,95.4,3667,976,66,76,86.8,60,67,89.6,35,52,67.3,1,2.8,2.7,-1.8,4,21,7,2,8,Matches
247,Stefan Greco,se SWE,FW,Newcastle Utd,eng Premier League,28,1995,6.6,235,280,83.9,4266,1976,131,143,91.6,91,117,77.8,9,20,45.0,0,0.1,0.5,-0.1,1,16,2,0,23,Matches
248,Luca Jansen,dk DEN,FW,Manchester City,eng Premier League,25,1998,4.6,133,161,82.6,2416,722,66,72,91.7,63,67,94.0,10,22,45.5,1,0.0,0.0,1.0,1,15,2,0,9,Matches
249,Sota Nowak,ma MAR,"MF,DF",Wolves,eng Premier League,29,1994,8.7,430,522,82.4,7195,2967,228,242,94.2,132,166,79.5,76,114,66.7,2,1.0,1.3,1.0,19,54,36,7,9,Matches
250,Leo Nowak,ar ARG,DF,Leicester City,eng Premier League,26,1997,6.6,142,194,73.2,2671,1041,85,96,88.5,80,103,77.7,0,0,,0,0.0,0.0,0.0,0,23,0,0,16,Matches
251,Sota Wright,ch SUI,"MF,FW",Brighton,eng Premier League,26,1997,13.2,786,979,80.3,17567,5976,488,537,90.9,382,440,86.8,2,2,100.0,3,3.0,3.2,0.0,22,60,34,6,90,Matches
252,João Becker,nl NED,FW,Wolves,eng Premier League,29,1994,12.2,294,346,85.0,5818,1938,140,163,85.9,83,101,82.2,50,82,61.0,0,0.0,0.7,0.0,7,33,11,1,17,Matches
253,Noah Costa,it ITA,MF,Tottenham,eng Premier League,29,1994,5.0,308,360,85.6,5526,1777,130,146,89.0,129,151,85.4,48,63,76.2,1,2.4,1.7,-1.4,9,30,16,5,17,Matches
254,Felix Andersson,ma MAR,FW,Southampton,eng Premier League,25,1998,7.3,264,347,76.1,5758,1518,154,181,85.1,140,163,85.9,2,3,66.7,0,0.0,0.4,0.0,1,16,1,0,18,Matches
255,Daniel Laurent,eng ENG,"MF,DF",Chelsea,eng Premier League,33,1990,3.7,157,182,86.3,3114,1441,92,103,89.3,46,53,86.8,15,26,57.7,0,0.0,0.0,0.0,4,14,7,0,8,Matches
256,Finn Petit,rs SRB,MF,Aston Villa,eng Premier League,23,2000,5.2,262,283,92.6,5972,3191,100,112,89.3,76,86,88.4,74,85,87.1,1,2.2,1.8,-1.2,3,25,3,1,21,Matches
257,Rafael Rizzo,pt POR,MF,Wolves,eng Premier League,30,1993,3.1,154,186,82.8,2625,937,94,94,100.0,45,55,81.8,20,37,54.1,1,0.0,0.1,1.0,8,16,8,2,16,Matches
258,Sergio López,jp JPN,GK,Southampton,eng Premier League,23,2000,5.7,236,296,79.7,4402,1323,122,140,87.1,91,97,93.8,25,59,42.4,1,0.1,0.5,0.9,5,27,5,2,17,Matches
259,Stefan Diallo,jp JPN,MF,Nott'ham Forest,eng Premier League,30,1993,25.6,862,1208,71.4,20269,6589,407,428,95.1,334,351,95.2,192,429,44.8,1,2.4,2.7,-1.4,19,93,13,3,133,Matches
260,Leo El Amrani,ma MAR,FW,Wolves,eng Premier League,26,1997,6.3,118,142,83.1,2354,819,56,57,98.2,58,64,90.6,13,21,61.9,0,1.8,2.1,-1.8,4,11,5,2,16,Matches
261,Callum Bianchi,be BEL,"MF,FW",Crystal Palace,eng Premier League,27,1996,9.2,264,314,84.1,5660,1911,171,171,100.0,99,118,83.9,19,25,76.0,1,2.7,1.9,-1.7,9,33,12,2,8,Matches
262,Yusuf Nielsen,rs SRB,GK,Crystal Palace,eng Premier League,36,1987,5.1,311,399,77.9,4320,1298,144,166,86.7,149,165,90.3,45,68,66.2,1,0.1,0.6,0.9,6,30,11,2,30,Matches
263,Diego Horvat,sn SEN,MF,Fulham,eng Premier League,27,1996,10.0,314,374,84.0,6523,2301,155,168,92.3,89,118,75.4,59,88,67.0,0,0.1,0.0,-0.1,3,29,4,2,34,Matches
264,David El Amrani,sn SEN,GK,Everton,eng Premier League,25,1998,4.9,232,321,72.3,3481,1275,129,141,91.5,127,139,91.4,19,41,46.3,2,2.2,1.8,-0.2,6,23,7,2,21,Matches
265,Mason Wagner,ch SUI,MF,Nott'ham Forest,eng Premier League,32,1991,9.1,225,310,72.6,3629,1067,92,107,86.0,127,137,92.7,28,66,42.4,2,1.9,2.0,0.1,7,29,9,4,10,Matches
266,Pablo Pereira,eng ENG,"MF,DF",Everton,eng Premier League,30,1993,13.9,548,652,84.0,11681,4303,314,344,91.3,204,229,89.1,54,79,68.4,0,0.0,0.1,0.0,8,67,10,6,68,Matches
267,Rafael Petit,de GER,GK,Manchester City,eng Premier League,31,1992,7.0,255,349,73.1,5067,1752,158,163,96.9,129,159,81.1,14,27,51.9,0,0.5,0.4,-0.5,5,25,9,1,19,Matches
268,Elias Ndiaye,it ITA,GK,Leeds United,eng Premier League,23,2000,11.2,609,855,71.2,11439,3746,436,491,88.8,281,334,84.1,12,30,40.0,0,0.0,0.0,0.0,7,68,11,1,81,Matches
269,Ryan Greco,rs SRB,FW,West Ham,eng Premier League,30,1993,13.2,488,592,82.4,6706,1754,259,272,95.2,178,216,82.4,72,104,69.2,1,0.2,0.5,0.8,14,58,31,6,28,Matches
270,Noah Tanaka,dk DEN,DF,Fulham,eng Premier League,23,2000,4.9,146,195,74.9,2787,1203,83,90,92.2,56,63,88.9,29,42,69.0,0,0.0,0.1,0.0,2,16,3,1,14,Matches
271,Omar Rizzo,be BEL,"DF,MF",Leicester City,eng Premier League,21,2002,26.1,1172,1606,73.0,22219,7637,679,717,94.7,728,785,92.7,54,104,51.9,3,5.0,4.9,-2.0,45,84,79,13,66,Matches
272,Emil Nowak,pl POL,DF,Manchester City,eng Premier League,28,1995,5.0,207,271,76.4,3224,1099,146,156,93.6,83,92,90.2,14,23,60.9,0,1.4,1.5,-1.4,1,7,1,0,12,Matches
273,Finn Murphy,uy URU,GK,Manchester City,eng Premier League,29,1994,23.4,1007,1668,60.4,18023,7153,778,881,88.3,420,556,75.5,196,231,84.8,2,0.0,0.0,2.0,32,104,51,15,115,Matches
274,Théo Horvat,no NOR,MF,Crystal Palace,eng Premier League,32,1991,3.9,165,201,82.1,3795,977,87,97,89.7,57,68,83.8,20,36,55.6,0,0.0,1.2,0.0,3,18,4,0,12,Matches
275,Andrés Wright,co COL,MF,Leicester City,eng Premier League,27,1996,2.1,126,133,94.7,2841,1106,54,56,96.4,36,40,90.0,17,37,45.9,0,1.4,1.5,-1.4,2,13,4,0,9,Matches
276,Mason Hansen,hr CRO,MF,Brentford,eng Premier League,27,1996,4.5,215,261,82.4,4718,1830,118,125,94.4,75,81,92.6,39,55,70.9,0,0.0,0.0,0.0,3,23,4,0,16,Matches
277,Liam Müller,se SWE,MF,Chelsea,eng Premier League,30,1993,11.1,374,432,86.6,8736,2716,195,212,92.0,134,144,93.1,38,76,50.0,0,1.0,0.9,-1.0,1,41,1,0,36,Matches
278,Oscar Jansen,ch SUI,"MF,FW",Bournemouth,eng Premier League,16,2007,18.0,799,918,87.0,15286,5367,390,421,92.6,350,385,90.9,60,112,53.6,1,3.6,3.3,-2.6,17,71,22,10,78,Matches
279,Mason Wright,eng ENG,DF,Newcastle Utd,eng Premier League,27,1996,6.1,156,206,75.7,2894,768,81,85,95.3,70,76,92.1,22,45,48.9,0,0.0,0.0,0.0,2,13,2,1,16,Matches
280,Sergio Wagner,eng ENG,FW,Fulham,eng Premier League,24,1999,6.0,221,299,73.9,3933,1473,123,135,91.1,107,119,89.9,26,45,57.8,0,1.3,1.8,-1.3,1,15,1,1,24,Matches
281,Oscar Nowak,it ITA,MF,Manchester Utd,eng Premier League,27,1996,7.0,411,452,90.9,8764,4128,222,245,90.6,131,161,81.4,24,46,52.2,0,0.0,0.0,0.0,5,39,4,3,20,Matches
282,Diego Nielsen,us USA,DF,Chelsea,eng Premier League,27,1996,5.5,185,207,89.4,3789,1391,105,113,92.9,73,80,91.2,8,14,57.1,0,0.1,0.8,-0.1,2,27,2,0,14,Matches
283,Noah Larsen,uy URU,DF,Manchester City,eng Premier League,30,1993,3.7,116,154,75.3,2547,882,67,72,93.1,44,48,91.7,23,34,67.6,0,0.0,0.0,0.0,2,18,3,0,8,Matches
284,Takumi Greco,eng ENG,DF,Crystal Palace,eng Premier League,24,1999,3.4,110,140,78.6,2076,517,51,58,87.9,61,66,92.4,10,16,62.5,0,0.9,0.0,-0.9,1,16,2,1,11,Matches
285,Diego Benali,rs SRB,DF,Chelsea,eng Premier League,24,1999,11.0,445,556,80.0,10311,4436,231,267,86.5,186,207,89.9,52,82,63.4,0,0.5,0.0,-0.5,9,46,10,2,57,Matches
286,Lucas López,br BRA,DF,Manchester City,eng Premier League,24,1999,5.7,255,295,86.4,4985,1536,95,104,91.3,102,120,85.0,31,71,43.7,1,0.0,0.3,1.0,6,46,3,3,20,Matches
287,Mason Doyle,fr FRA,FW,Chelsea,eng Premier League,25,1998,20.7,616,846,72.8,11682,3424,391,421,92.9,342,377,90.7,30,48,62.5,2,0.6,0.5,1.4,3,93,4,1,52,Matches
288,Oscar Rizzo,it ITA,MF,Arsenal,eng Premier League,24,1999,7.1,293,379,77.3,5000,1955,185,198,93.4,151,158,95.6,19,23,82.6,0,1.4,1.5,-1.4,2,24,4,1,18,Matches
289,Mateo Bakker,ma MAR,DF,West Ham,eng Premier League,25,1998,6.0,71,95,74.7,1163,502,38,40,95.0,38,44,86.4,7,11,63.6,0,2.4,2.0,-2.4,3,5,4,1,7,Matches
290,Lucas Bakker,se SWE,GK,Wolves,eng Premier League,18,2005,4.2,178,250,71.2,3145,1280,119,122,97.5,76,82,92.7,25,46,54.3,0,0.4,0.1,-0.4,2,20,2,1,14,Matches
291,Antoine Benali,co COL,FW,Fulham,eng Premier League,32,1991,8.2,272,344,79.1,6182,2429,137,163,84.0,88,109,80.7,41,72,56.9,0,0.6,1.6,-0.6,1,29,1,0,35,Matches
292,Sergio Pereira,dk DEN,FW,Arsenal,eng Premier League,27,1996,19.6,533,822,64.8,8257,2183,389,443,87.8,329,417,78.9,0,0,,1,0.3,0.1,0.7,8,48,10,1,24,Matches
293,Bruno Novak,it ITA,MF,Leicester City,eng Premier League,29,1994,6.4,272,314,86.6,4944,2501,127,140,90.7,68,80,85.0,55,94,58.5,0,1.7,2.2,-1.7,1,8,1,1,20,Matches
294,Youssef Lindqvist,uy URU,GK,Brentford,eng Premier League,22,2001,16.0,803,1164,69.0,16135,5505,498,574,86.8,408,459,88.9,83,131,63.4,1,1.9,1.5,-0.9,7,89,9,3,87,Matches
295,Julien Hansen,no NOR,"FW,DF",Leicester City,eng Premier League,32,1991,4.5,105,128,82.0,2571,770,48,51,94.1,31,38,81.6,29,39,74.4,0,0.0,0.2,0.0,2,4,1,1,10,Matches
296,Maxime Costa,co COL,DF,Brighton,eng Premier League,28,1995,16.3,463,659,70.3,9966,3481,342,365,93.7,194,236,82.2,41,58,70.7,0,1.8,1.8,-1.8,7,45,9,3,44,Matches
297,Jordan Barnes,br BRA,FW,Newcastle Utd,eng Premier League,21,2002,4.0,95,107,88.8,1733,918,37,41,90.2,28,34,82.4,19,32,59.4,0,0.0,0.2,0.0,11,7,22,4,9,Matches
298,Marco Girard,nl NED,FW,Aston Villa,eng Premier League,28,1995,7.3,335,403,83.1,6554,2565,183,193,94.8,129,155,83.2,36,55,65.5,0,0.0,0.0,0.0,3,30,5,1,28,Matches
299,Javier Clarke,sn SEN,FW,Southampton,eng Premier League,27,1996,23.8,802,959,83.6,19146,6838,382,441,86.6,256,309,82.8,98,209,46.9,0,0.0,0.1,0.0,5,77,8,1,49,Matches
300,Théo Silva,rs SRB,MF,Chelsea,eng Premier League,29,1994,5.4,230,273,84.2,4746,2226,133,155,85.8,85,108,78.7,4,10,40.0,2,1.6,2.0,0.4,3,21,6,1,22,Matches
301,Maxime Santos,de GER,"DF,FW",Liverpool,eng Premier League,23,2000,20.9,211,277,76.2,4619,1595,115,132,87.1,81,87,93.1,33,58,56.9,0,0.0,0.0,0.0,14,27,24,2,16,Matches
302,Rafael Barnes,us USA,MF,Chelsea,eng Premier League,36,1987,25.5,1008,1151,87.6,22153,9062,434,505,85.9,501,516,97.1,50,130,38.5,1,0.0,0.0,1.0,18,55,23,8,99,Matches
303,Javier Hansen,dk DEN,MF,Manchester Utd,eng Premier League,23,2000,16.8,715,872,82.0,15981,5392,509,555,91.7,313,364,86.0,0,0,,1,2.6,2.4,-1.6,13,70,18,2,64,Matches
304,Elias Kovač,ar ARG,GK,Southampton,eng Premier League,30,1993,8.1,316,458,69.0,5934,2943,144,156,92.3,168,182,92.3,47,120,39.2,0,0.0,0.3,0.0,4,30,4,1,36,Matches
305,Callum Weber,at AUT,DF,Arsenal,eng Premier League,27,1996,6.0,194,268,72.4,3292,1232,88,94,93.6,83,101,82.2,38,73,52.1,0,1.8,2.3,-1.8,1,29,2,0,21,Matches
306,Mateo Sánchez,eng ENG,"MF,FW",Manchester Utd,eng Premier League,22,2001,1.3,65,84,77.4,1333,380,34,34,100.0,19,25,76.0,16,25,64.0,0,0.0,0.1,0.0,0,8,0,0,5,Matches
307,Maxime Andersson,co COL,MF,Aston Villa,eng Premier League,26,1997,4.4,110,132,83.3,1793,446,57,62,91.9,47,51,92.2,14,19,73.7,3,1.5,1.4,1.5,4,7,6,1,13,Matches
308,Javier Kovač,dk DEN,MF,Southampton,eng Premier League,21,2002,20.8,1250,1315,95.1,25488,5327,503,572,87.9,369,428,86.2,166,315,52.7,1,0.5,0.9,0.5,13,119,28,11,77,Matches
309,Noah Tanaka,rs SRB,FW,Liverpool,eng Premier League,22,2001,3.5,150,169,88.8,2850,966,70,81,86.4,49,54,90.7,12,34,35.3,0,0.0,0.0,0.0,0,17,0,0,13,Matches
310,Milan Hughes,ar ARG,MF,Tottenham,eng Premier League,26,1997,19.0,1137,1393,81.6,23750,8090,741,883,83.9,498,564,88.3,0,0,,1,0.1,0.0,0.9,12,115,16,4,62,Matches
311,Felix Greco,de GER,MF,Fulham,eng Premier League,22,2001,3.5,235,267,88.0,4440,1416,111,124,89.5,102,114,89.5,20,29,69.0,0,0.0,0.0,0.0,2,28,3,0,37,Matches
312,João Novak,dk DEN,FW,Manchester City,eng Premier League,34,1989,34.5,1722,1895,90.9,31963,10836,895,963,92.9,547,642,85.2,133,290,45.9,0,0.0,0.2,0.0,10,279,14,5,158,Matches
313,Emil Hoffmann,no NOR,"MF,DF",Southampton,eng Premier League,22,2001,7.1,250,317,78.9,5383,2493,115,131,87.8,97,108,89.8,54,78,69.2,0,0.4,0.6,-0.4,15,24,29,7,30,Matches
314,Jordan Benali,br BRA,"DF,MF",Bournemouth,eng Premier League,36,1987,23.0,1232,1359,90.7,26747,9294,690,736,93.8,335,402,83.3,118,221,53.4,7,6.1,5.8,0.9,18,58,35,7,124,Matches
315,Lucas Diallo,at AUT,MF,Brentford,eng Premier League,26,1997,14.9,558,691,80.8,11179,3254,271,286,94.8,193,246,78.5,72,159,45.3,3,3.8,3.5,-0.8,24,41,50,14,58,Matches
316,Takumi Gómez,no NOR,DF,Fulham,eng Premier League,33,1990,12.7,284,352,80.7,5983,1932,140,147,95.2,113,118,95.8,47,87,54.0,1,0.9,0.7,0.1,8,29,12,4,24,Matches
317,João Sánchez,se SWE,FW,Tottenham,eng Premier League,30,1993,13.8,304,374,81.3,6903,2403,160,172,93.0,137,156,87.8,28,46,60.9,2,2.6,2.1,-0.6,7,37,10,4,19,Matches
318,Stefan Murphy,ch SUI,MF,Wolves,eng Premier League,27,1996,38.0,1818,2268,80.2,33055,12016,786,820,95.9,758,889,85.3,342,559,61.2,1,1.9,1.7,-0.9,17,158,28,4,128,Matches
319,Ryan Barnes,se SWE,"DF,MF",West Ham,eng Premier League,23,2000,12.7,521,638,81.7,8496,3099,288,316,91.1,186,215,86.5,59,107,55.1,1,0.5,1.6,0.5,16,58,15,5,50,Matches
320,Anton Rizzo,us USA,FW,Liverpool,eng Premier League,28,1995,11.9,336,465,72.3,7521,2799,178,208,85.6,156,159,98.1,56,98,57.1,0,0.0,0.1,0.0,5,32,5,3,17,Matches
321,Yusuf Byrne,fr FRA,"MF,FW",Everton,eng Premier League,23,2000,10.7,490,558,87.8,12064,3315,205,236,86.9,173,200,86.5,58,122,47.5,2,2.4,2.9,-0.4,26,53,49,10,37,Matches
322,Viktor Tanaka,uy URU,GK,Liverpool,eng Premier League,21,2002,7.7,472,617,76.5,9939,3960,288,298,96.6,245,289,84.8,15,30,50.0,2,0.1,0.3,1.9,4,52,6,0,39,Matches
323,Owen Berg,fr FRA,MF,Chelsea,eng Premier League,29,1994,27.3,1160,1496,77.5,25705,10801,594,637,93.2,454,538,84.4,148,321,46.1,3,5.5,5.3,-2.5,11,182,11,7,41,Matches
324,Lucas Costa,jp JPN,"MF,FW",West Ham,eng Premier League,23,2000,22.3,1295,1420,91.2,22515,9219,525,543,96.7,505,566,89.2,169,311,54.3,0,0.0,0.0,0.0,13,182,29,3,191,Matches
325,Callum Conti,es ESP,"FW,MF",Liverpool,eng Premier League,27,1996,7.8,281,371,75.7,5895,2346,126,151,83.4,110,123,89.4,46,97,47.4,1,1.4,1.6,-0.4,5,14,5,2,28,Matches
326,Sergio Larsen,pt POR,DF,Arsenal,eng Premier League,27,1996,2.5,71,88,80.7,1115,448,30,33,90.9,20,23,87.0,15,32,46.9,1,1.9,1.7,-0.9,2,10,1,1,3,Matches
327,Takumi Byrne,be BEL,FW,Manchester City,eng Premier League,23,2000,4.0,82,119,68.9,1818,529,45,50,90.0,44,53,83.0,9,16,56.2,0,0.0,0.0,0.0,2,9,3,0,9,Matches
328,Takumi Horvat,fr FRA,DF,Bournemouth,eng Premier League,16,2007,2.9,162,226,71.7,3270,1083,95,99,96.0,95,96,99.0,20,31,64.5,0,0.0,0.1,0.0,2,14,3,1,19,Matches
329,Ryan Müller,ar ARG,"DF,FW",Brighton,eng Premier League,24,1999,5.1,113,145,77.9,1999,602,66,72,91.7,32,41,78.0,19,32,59.4,0,1.7,1.6,-1.7,5,18,3,1,8,Matches
330,Erik Novak,no NOR,"FW,MF",Brentford,eng Premier League,19,2004,19.6,918,1015,90.4,18584,6551,367,419,87.6,347,433,80.1,83,163,50.9,1,2.1,2.1,-1.1,7,150,8,1,59,Matches
331,Pablo Doyle,co COL,MF,Wolves,eng Premier League,25,1998,3.4,193,228,84.6,3597,1526,110,114,96.5,64,74,86.5,24,40,60.0,0,0.0,0.0,0.0,2,14,3,0,23,Matches
332,Yusuf Cissé,ma MAR,DF,Aston Villa,eng Premier League,25,1998,20.3,737,978,75.4,10736,3848,358,380,94.2,354,459,77.1,76,139,54.7,2,1.0,0.9,1.0,6,81,10,2,30,Matches
333,Viktor Costa,uy URU,FW,Brentford,eng Premier League,21,2002,6.1,183,239,76.6,3868,1312,73,82,89.0,102,125,81.6,17,32,53.1,1,2.2,2.0,-1.2,2,24,3,1,24,Matches
334,Bruno Ferrari,no NOR,MF,Aston Villa,eng Premier League,27,1996,11.3,746,849,87.9,13918,4285,328,364,90.1,308,359,85.8,82,126,65.1,5,4.0,3.6,1.0,19,77,22,6,71,Matches
335,Lucas Byrne,at AUT,MF,Leicester City,eng Premier League,16,2007,10.4,569,680,83.7,12291,4624,339,354,95.8,339,369,91.9,0,0,,0,0.0,0.0,0.0,8,47,10,3,60,Matches
336,David Hoffmann,de GER,DF,Manchester City,eng Premier League,30,1993,9.0,328,421,77.9,7145,2554,172,180,95.6,140,160,87.5,37,81,45.7,0,0.0,0.7,0.0,2,49,3,1,18,Matches
337,Elias Petit,ch SUI,FW,Southampton,eng Premier League,28,1995,5.1,145,188,77.1,3176,984,94,95,98.9,71,87,81.6,4,6,66.7,0,0.6,0.5,-0.6,1,9,1,0,16,Matches
338,Connor Berg,jp JPN,FW,Liverpool,eng Premier League,19,2004,3.1,50,58,86.2,855,341,30,31,96.8,19,22,86.4,2,5,40.0,0,0.3,0.2,-0.3,1,6,2,0,4,Matches
339,David Petit,rs SRB,DF,Bournemouth,eng Premier League,18,2005,17.6,435,634,68.6,8784,3049,271,308,88.0,247,277,89.2,19,49,38.8,0,0.0,0.3,0.0,3,44,4,0,40,Matches
340,Karim Horvat,be BEL,"MF,DF",Chelsea,eng Premier League,30,1993,6.0,265,324,81.8,4825,1450,136,155,87.7,134,143,93.7,17,26,65.4,1,1.7,1.9,-0.7,19,24,34,11,27,Matches
341,Daniel Becker,nl NED,"MF,DF",West Ham,eng Premier League,29,1994,1.0,60,69,87.0,1143,316,23,26,88.5,13,15,86.7,15,28,53.6,0,0.0,0.0,0.0,0,3,0,0,6,Matches
342,Antoine Walsh,ar ARG,MF,Fulham,eng Premier League,26,1997,5.7,253,321,78.8,4532,1370,112,128,87.5,138,146,94.5,24,47,51.1,1,1.0,0.8,0.0,8,32,8,4,19,Matches
343,Kevin Clarke,dk DEN,MF,Newcastle Utd,eng Premier League,17,2006,9.3,785,801,98.0,11425,3412,362,374,96.8,224,297,75.4,75,130,57.7,1,1.2,1.0,-0.2,4,75,4,1,75,Matches
344,Callum Hansen,ar ARG,"MF,DF",Leeds United,eng Premier League,29,1994,3.9,217,263,82.5,4084,1255,120,131,91.6,73,85,85.9,37,47,78.7,0,0.0,0.4,0.0,3,20,2,2,19,Matches
345,Javier Laurent,eng ENG,"DF,MF",Brentford,eng Premier League,18,2005,13.9,603,688,87.6,13947,5551,296,333,88.9,230,272,84.6,46,83,55.4,0,0.1,0.0,-0.1,12,34,19,6,58,Matches
346,Oscar Nowak,ch SUI,"MF,FW",Arsenal,eng Premier League,31,1992,5.0,232,302,76.8,4112,2083,120,135,88.9,104,119,87.4,41,48,85.4,1,0.8,1.1,0.2,10,27,17,4,31,Matches
347,Pablo Byrne,jp JPN,DF,Aston Villa,eng Premier League,25,1998,6.4,121,150,80.7,1938,626,58,64,90.6,61,72,84.7,8,14,57.1,0,0.9,1.5,-0.9,2,16,3,1,7,Matches
348,Viktor Pereira,ch SUI,DF,Aston Villa,eng Premier League,30,1993,16.1,544,669,81.3,11632,3591,209,233,89.7,235,257,91.4,91,179,50.8,0,0.0,0.6,0.0,2,64,2,1,21,Matches
349,Rafael Hughes,de GER,"FW,MF",Arsenal,eng Premier League,26,1997,0.7,34,40,85.0,751,225,16,17,94.1,16,20,80.0,2,3,66.7,0,1.8,2.0,-1.8,2,3,2,1,3,Matches
350,Javier El Amrani,ar ARG,DF,Brighton,eng Premier League,29,1994,4.9,168,201,83.6,2824,1177,87,94,92.6,72,77,93.5,19,30,63.3,0,1.5,2.2,-1.5,4,12,4,1,13,Matches
351,Antoine Weber,br BRA,DF,Tottenham,eng Premier League,22,2001,14.5,197,260,75.8,4390,1219,113,123,91.9,69,78,88.5,38,59,64.4,1,0.2,0.3,0.8,9,17,12,3,19,Matches
352,Stefan Clarke,dk DEN,FW,Leicester City,eng Premier League,18,2005,2.7,76,104,73.1,1279,355,56,60,93.3,30,37,81.1,5,7,71.4,1,0.1,0.0,0.9,1,8,1,0,9,Matches
353,Leo Andersson,ma MAR,GK,Bournemouth,eng Premier League,19,2004,5.9,274,356,77.0,4913,1375,147,154,95.5,113,134,84.3,49,68,72.1,0,1.7,2.0,-1.7,4,28,5,1,27,Matches
354,Callum Weber,ch SUI,DF,Bournemouth,eng Premier League,30,1993,12.1,408,541,75.4,8981,2803,159,174,91.4,124,145,85.5,124,222,55.9,0,0.5,0.4,-0.5,6,28,8,2,28,Matches
355,Théo Byrne,br BRA,"DF,MF",Leicester City,eng Premier League,20,2003,18.1,745,924,80.6,13696,3877,395,440,89.8,255,307,83.1,97,177,54.8,5,5.7,5.5,-0.7,31,71,72,9,68,Matches
356,Daniel Jansen,us USA,"MF,DF",Newcastle Utd,eng Premier League,18,2005,7.7,411,480,85.6,6691,2258,213,232,91.8,154,180,85.6,40,68,58.8,2,3.6,3.3,-1.6,23,44,21,10,46,Matches
357,Leo Laurent,pt POR,GK,Liverpool,eng Premier League,29,1994,7.9,567,741,76.5,11626,3898,263,289,91.0,224,252,88.9,118,200,59.0,0,0.0,0.0,0.0,2,32,2,0,52,Matches
358,Sota El Amrani,ch SUI,MF,Manchester Utd,eng Premier League,30,1993,4.9,225,257,87.5,4278,1342,94,108,87.0,102,109,93.6,28,40,70.0,2,3.0,3.1,-1.0,10,5,14,3,27,Matches
359,Bruno Cissé,pt POR,MF,Bournemouth,eng Premier League,23,2000,19.4,1146,1328,86.3,16590,5669,572,623,91.8,320,393,81.4,177,312,56.7,1,0.0,0.4,1.0,21,139,16,8,89,Matches
360,Ibrahim Sánchez,pt POR,DF,Bournemouth,eng Premier League,32,1991,13.8,337,464,72.6,7166,2140,162,176,92.0,202,218,92.7,39,70,55.7,1,0.3,0.7,0.7,8,49,7,0,20,Matches
361,Antoine Andersson,ch SUI,"FW,MF",Southampton,eng Premier League,24,1999,22.7,1227,1342,91.4,24078,7942,677,677,100.0,370,432,85.6,164,233,70.4,2,0.1,0.0,1.9,22,114,32,11,165,Matches
362,Mason Benali,pl POL,DF,Brentford,eng Premier League,35,1988,6.1,221,270,81.9,3177,839,90,101,89.1,93,101,92.1,43,68,63.2,0,0.0,0.0,0.0,0,29,0,0,9,Matches
363,Oscar Bianchi,at AUT,FW,Everton,eng Premier League,27,1996,14.3,335,413,81.1,6861,2266,169,196,86.2,138,148,93.2,45,69,65.2,2,2.5,2.5,-0.5,21,22,26,0,27,Matches
364,Youssef Fischer,co COL,DF,Liverpool,eng Premier League,20,2003,11.6,439,562,78.1,7859,2025,257,288,89.2,188,208,90.4,39,66,59.1,0,0.0,0.2,0.0,7,15,9,3,44,Matches
365,Julien Walsh,pt POR,DF,Bournemouth,eng Premier League,18,2005,4.4,99,151,65.6,1651,646,60,65,92.3,53,59,89.8,14,27,51.9,0,0.0,0.5,0.0,3,17,3,0,7,Matches
366,Marco Larsen,it ITA,"DF,MF",Newcastle Utd,eng Premier League,26,1997,4.6,168,206,81.6,2916,944,79,88,89.8,73,86,84.9,21,32,65.6,0,0.7,1.1,-0.7,1,16,1,1,21,Matches
367,Pedro Wagner,ma MAR,MF,Leicester City,eng Premier League,18,2005,3.7,215,278,77.3,4628,940,102,115,88.7,63,70,90.0,50,93,53.8,0,0.1,0.0,-0.1,2,15,3,0,27,Matches
368,Anton Benali,dk DEN,FW,Liverpool,eng Premier League,26,1997,5.7,176,217,81.1,3098,1024,95,100,95.0,79,93,84.9,16,24,66.7,0,0.0,0.1,0.0,2,19,3,1,18,Matches
369,Théo Kowalski,ma MAR,"MF,FW",Leicester City,eng Premier League,28,1995,10.7,487,594,82.0,7796,2393,169,197,85.8,205,216,94.9,100,181,55.2,1,2.4,2.8,-1.4,23,77,53,12,58,Matches
370,Nicolas Wright,rs SRB,FW,Chelsea,eng Premier League,21,2002,17.2,463,600,77.2,8890,3173,169,178,94.9,135,165,81.8,157,257,61.1,0,0.0,0.0,0.0,7,26,9,3,17,Matches
371,Sota Becker,ch SUI,"MF,FW",Brighton,eng Premier League,32,1991,11.8,576,640,90.0,10209,3031,208,237,87.8,188,211,89.1,112,192,58.3,3,1.0,1.2,2.0,11,65,11,5,68,Matches
372,Milan Dubois,be BEL,"DF,MF",Newcastle Utd,eng Premier League,23,2000,9.0,343,382,89.8,7540,1558,152,171,88.9,150,152,98.7,38,59,64.4,0,0.1,0.2,-0.1,6,28,6,2,29,Matches
373,Adam Andersson,it ITA,DF,Fulham,eng Premier League,25,1998,5.8,243,328,74.1,4412,1603,145,145,100.0,123,150,82.0,19,33,57.6,0,0.4,0.0,-0.4,8,24,10,1,22,Matches
374,Finn Benali,br BRA,MF,Everton,eng Premier League,19,2004,10.3,253,283,89.4,4547,1588,112,127,88.2,73,73,100.0,46,83,55.4,0,1.4,1.8,-1.4,19,29,30,7,16,Matches
375,Iker Byrne,rs SRB,FW,Manchester City,eng Premier League,29,1994,18.3,762,974,78.2,14768,3646,371,407,91.2,282,326,86.5,121,241,50.2,0,0.0,0.4,0.0,7,87,10,3,37,Matches
376,Anton Nielsen,it ITA,DF,Southampton,eng Premier League,31,1992,3.9,105,151,69.5,1902,731,80,89,89.9,44,51,86.3,6,11,54.5,0,0.0,0.0,0.0,0,11,0,0,12,Matches
377,Leo Traoré,pl POL,DF,Leeds United,eng Premier League,30,1993,4.2,125,153,81.7,2148,736,59,63,93.7,34,41,82.9,24,49,49.0,0,0.9,1.3,-0.9,3,11,5,1,13,Matches
378,Marco Bianchi,be BEL,MF,Fulham,eng Premier League,25,1998,13.6,613,680,90.1,12412,3872,304,341,89.1,198,217,91.2,55,122,45.1,2,4.4,4.4,-2.4,18,33,38,3,66,Matches
379,Pedro Berg,at AUT,MF,Wolves,eng Premier League,25,1998,26.4,1707,1834,93.1,30287,11095,827,913,90.6,601,672,89.4,178,249,71.5,2,0.6,0.8,1.4,21,197,32,0,226,Matches
380,Marco Gómez,eng ENG,GK,Arsenal,eng Premier League,26,1997,6.6,274,416,65.9,5247,2292,155,166,93.4,113,135,83.7,68,115,59.1,0,0.0,0.0,0.0,3,24,4,1,14,Matches
381,Adam Horvat,ma MAR,FW,Southampton,eng Premier League,27,1996,6.3,155,216,71.8,2823,1014,86,96,89.6,59,65,90.8,34,55,61.8,0,0.0,0.0,0.0,2,4,3,1,11,Matches
382,Ibrahim Dubois,fr FRA,GK,Manchester Utd,eng Premier League,26,1997,10.6,502,681,73.7,8348,3462,254,283,89.8,228,254,89.8,46,144,31.9,0,1.1,1.4,-1.1,9,56,9,5,55,Matches
383,Connor Hughes,eng ENG,GK,Fulham,eng Premier League,26,1997,9.4,468,617,75.9,8420,2625,253,288,87.8,210,259,81.1,41,70,58.6,1,0.0,0.0,1.0,5,50,7,2,47,Matches
384,Callum Walsh,hr CRO,DF,Brentford,eng Premier League,19,2004,10.3,404,494,81.8,7768,2111,196,213,92.0,145,157,92.4,90,124,72.6,0,0.0,0.0,0.0,5,38,8,2,36,Matches
385,Viktor Rizzo,pt POR,DF,Manchester City,eng Premier League,31,1992,4.0,102,137,74.5,2124,645,61,71,85.9,32,36,88.9,19,30,63.3,0,1.9,1.8,-1.9,2,10,2,1,12,Matches
386,Oscar Nowak,nl NED,"MF,FW",Everton,eng Premier League,27,1996,16.3,767,789,97.2,15101,4282,280,335,83.6,277,307,90.2,59,147,40.1,2,2.0,1.5,0.0,43,75,60,13,89,Matches
387,Viktor Girard,pl POL,GK,Arsenal,eng Premier League,22,2001,6.8,449,592,75.8,8779,3011,249,263,94.7,220,235,93.6,61,94,64.9,3,1.9,2.7,1.1,7,55,11,1,16,Matches
388,Jordan Barnes,jp JPN,DF,Manchester Utd,eng Premier League,28,1995,20.9,735,877,83.8,17920,5612,367,427,85.9,341,381,89.5,33,69,47.8,0,0.0,0.6,0.0,5,99,6,2,48,Matches
389,Adam Pereira,se SWE,MF,Manchester City,eng Premier League,30,1993,7.1,457,548,83.4,7014,2001,253,283,89.4,212,221,95.9,24,44,54.5,2,0.0,0.0,2.0,7,48,5,1,33,Matches
390,Yusuf Andersson,es ESP,"MF,DF",Leeds United,eng Premier League,29,1994,5.1,371,467,79.4,7693,2434,194,210,92.4,159,172,92.4,43,85,50.6,0,1.3,0.8,-1.3,1,26,1,0,16,Matches
391,Karim Greco,no NOR,"DF,MF",Everton,eng Premier League,31,1992,3.2,144,177,81.4,2461,1021,79,83,95.2,50,60,83.3,19,34,55.9,0,1.5,1.6,-1.5,2,20,3,1,11,Matches
392,Karim Larsen,be BEL,"FW,DF",Chelsea,eng Premier League,24,1999,7.6,260,306,85.0,4901,1352,118,135,87.4,104,118,88.1,25,53,47.2,0,0.0,0.1,0.0,2,6,2,1,24,Matches
393,Connor Yamamoto,nl NED,"MF,FW",Crystal Palace,eng Premier League,26,1997,4.5,176,197,89.3,2829,1213,84,86,97.7,42,51,82.4,41,60,68.3,0,0.0,0.0,0.0,3,27,4,1,15,Matches
394,Luca Horvat,fr FRA,DF,Bournemouth,eng Premier League,23,2000,0.9,33,40,82.5,594,240,15,16,93.8,17,18,94.4,4,6,66.7,0,0.0,0.0,0.0,0,4,0,0,3,Matches
395,Bruno Greco,dk DEN,MF,Wolves,eng Premier League,19,2004,24.0,926,1128,82.1,17521,6187,438,475,92.2,412,477,86.4,92,176,52.3,0,0.3,0.2,-0.3,1,89,1,0,54,Matches
396,Youssef Bianchi,rs SRB,"MF,FW",Southampton,eng Premier League,25,1998,5.0,289,330,87.6,5768,2251,124,129,96.1,92,102,90.2,61,99,61.6,0,2.2,1.7,-2.2,7,31,10,3,29,Matches
397,Sergio El Amrani,nl NED,DF,Leicester City,eng Premier League,20,2003,8.0,296,350,84.6,6588,2436,166,179,92.7,114,143,79.7,17,28,60.7,0,0.0,0.0,0.0,7,32,11,4,30,Matches
398,Omar Laurent,es ESP,DF,Crystal Palace,eng Premier League,24,1999,9.5,248,360,68.9,4456,1378,196,213,92.0,133,151,88.1,0,0,,0,0.7,0.5,-0.7,7,24,13,2,30,Matches
399,Nuno Larsen,rs SRB,"MF,DF",Bournemouth,eng Premier League,20,2003,5.0,183,212,86.3,3872,1139,110,125,88.0,59,63,93.7,17,24,70.8,0,0.7,1.0,-0.7,1,7,2,0,22,Matches
400,Sergio Hansen,pt POR,DF,Nott'ham Forest,eng Premier League,22,2001,16.1,628,878,71.5,12260,5734,320,374,85.6,303,345,87.8,102,159,64.2,1,0.0,0.3,1.0,19,75,22,4,64,Matches
401,Mateo Hughes,de GER,MF,Bournemouth,eng Premier League,23,2000,0.9,36,41,87.8,817,210,17,18,94.4,13,16,81.2,5,7,71.4,0,0.0,0.0,0.0,0,4,0,0,2,Matches
402,Leo Petit,ch SUI,FW,Manchester Utd,eng Premier League,24,1999,7.6,338,399,84.7,6511,1315,133,160,83.1,102,117,87.2,71,122,58.2,2,2.0,3.1,0.0,12,41,10,3,30,Matches
403,Nicolas Fernández,hr CRO,FW,Manchester City,eng Premier League,24,1999,11.6,407,513,79.3,8973,2782,201,227,88.5,164,191,85.9,60,95,63.2,0,0.8,1.2,-0.8,5,61,6,1,10,Matches
404,Luca Murphy,ar ARG,FW,Liverpool,eng Premier League,34,1989,7.0,268,333,80.5,4687,1857,130,139,93.5,127,153,83.0,27,41,65.9,0,0.0,0.0,0.0,2,29,1,1,24,Matches
405,Javier Silva,be BEL,MF,West Ham,eng Premier League,29,1994,26.1,1618,1804,89.7,35699,7775,834,845,98.7,508,565,89.9,252,394,64.0,1,2.2,2.0,-1.2,7,127,12,3,97,Matches
406,Diego Horvat,fr FRA,MF,Tottenham,eng Premier League,26,1997,12.3,631,723,87.3,11316,5358,227,258,88.0,323,368,87.8,48,97,49.5,3,2.6,2.4,0.4,13,84,17,4,92,Matches
407,Sergio Pereira,ma MAR,DF,Everton,eng Premier League,22,2001,12.5,437,563,77.6,7450,2366,232,266,87.2,147,175,84.0,49,122,40.2,0,0.0,0.5,0.0,22,44,28,2,31,Matches
408,Omar Kovač,se SWE,"MF,FW",Aston Villa,eng Premier League,28,1995,7.1,322,352,91.5,5905,2289,131,146,89.7,99,128,77.3,49,78,62.8,0,1.3,2.1,-1.3,2,20,3,1,15,Matches
409,Thomas Yamamoto,co COL,FW,Chelsea,eng Premier League,29,1994,6.9,259,298,86.9,5151,1602,142,152,93.4,91,93,97.8,23,53,43.4,1,0.0,0.4,1.0,5,19,6,2,17,Matches
410,Oscar Tanaka,nl NED,DF,Arsenal,eng Premier League,23,2000,12.1,494,611,80.9,10341,2873,316,326,96.9,188,238,79.0,23,47,48.9,1,0.0,0.3,1.0,18,41,30,8,69,Matches
411,Sergio Byrne,hr CRO,DF,Leeds United,eng Premier League,30,1993,11.3,397,437,90.8,7784,2500,158,173,91.3,90,103,87.4,124,161,77.0,2,2.3,2.2,-0.3,1,28,2,0,10,Matches
412,Oscar Fischer,nl NED,GK,Southampton,eng Premier League,25,1998,13.7,562,785,71.6,11438,4276,318,335,94.9,264,322,82.0,72,128,56.2,0,0.0,0.0,0.0,3,62,3,1,67,Matches
413,Nuno Novak,ma MAR,FW,Everton,eng Premier League,25,1998,6.7,228,262,87.0,4443,1675,110,120,91.7,84,90,93.3,30,52,57.7,0,0.5,0.2,-0.5,2,15,3,1,16,Matches
414,Thomas Larsen,de GER,GK,Manchester Utd,eng Premier League,22,2001,4.7,218,299,72.9,3818,1561,158,177,89.3,74,85,87.1,26,37,70.3,0,1.2,1.7,-1.2,4,30,5,1,21,Matches
415,Stefan Yamamoto,de GER,FW,Nott'ham Forest,eng Premier League,27,1996,1.6,42,56,75.0,835,312,23,27,85.2,20,23,87.0,4,6,66.7,0,0.0,0.3,0.0,2,5,2,0,4,Matches
416,Erik Walsh,ma MAR,"MF,DF",Leeds United,eng Premier League,16,2007,2.4,108,135,80.0,2150,735,55,65,84.6,39,41,95.1,15,29,51.7,0,0.0,0.0,0.0,1,15,2,1,11,Matches
417,Julien Becker,rs SRB,DF,Leeds United,eng Premier League,31,1992,0.7,12,15,80.0,273,103,5,6,83.3,5,6,83.3,2,3,66.7,0,1.7,2.1,-1.7,0,2,0,0,1,Matches
418,Nuno Kowalski,co COL,DF,Wolves,eng Premier League,28,1995,10.6,388,467,83.1,8022,3128,257,277,92.8,195,206,94.7,0,0,,0,0.4,0.4,-0.4,0,41,0,0,52,Matches
419,Mason Bakker,dk DEN,MF,Arsenal,eng Premier League,34,1989,14.4,971,1157,83.9,14115,5585,392,465,84.3,350,417,83.9,143,275,52.0,0,0.6,0.7,-0.6,6,145,13,1,64,Matches
420,Maxime Murphy,at AUT,MF,Brighton,eng Premier League,34,1989,2.8,124,139,89.2,2826,1354,74,81,91.4,49,53,92.5,3,5,60.0,0,1.8,1.7,-1.8,4,14,4,0,14,Matches
421,Karim Greco,it ITA,"DF,FW",Manchester City,eng Premier League,21,2002,9.5,264,373,70.8,5591,2030,100,114,87.7,127,132,96.2,70,127,55.1,0,0.0,0.0,0.0,5,31,8,5,24,Matches
422,Sota Byrne,nl NED,DF,Newcastle Utd,eng Premier League,25,1998,2.4,56,65,86.2,1052,410,26,30,86.7,21,25,84.0,4,10,40.0,0,0.0,0.0,0.0,1,5,2,0,6,Matches
423,Yusuf Byrne,co COL,GK,Crystal Palace,eng Premier League,24,1999,2.0,98,164,59.8,1859,705,80,87,92.0,52,63,82.5,9,14,64.3,0,0.2,0.2,-0.2,1,13,2,0,9,Matches
424,Ryan Rossi,no NOR,DF,Southampton,eng Premier League,30,1993,13.7,670,859,78.0,13891,6639,452,509,88.8,194,245,79.2,57,105,54.3,0,0.3,0.4,-0.3,1,74,2,0,51,Matches
425,David Rossi,eng ENG,"FW,DF",Everton,eng Premier League,31,1992,17.2,620,821,75.5,11638,2905,370,381,97.1,297,337,88.1,51,103,49.5,3,3.3,3.6,-0.3,9,56,11,1,27,Matches
426,Maxime Clarke,co COL,GK,Manchester City,eng Premier League,28,1995,0.7,32,50,64.0,665,297,21,22,95.5,15,17,88.2,6,11,54.5,0,1.1,0.7,-1.1,0,3,0,0,4,Matches
427,Anton Larsen,de GER,DF,Brighton,eng Premier League,23,2000,4.8,185,234,79.1,3420,969,67,75,89.3,86,99,86.9,33,60,55.0,0,0.0,0.3,0.0,2,19,2,0,17,Matches
428,Javier Costa,br BRA,FW,Wolves,eng Premier League,22,2001,2.4,144,156,92.3,3060,912,71,77,92.2,41,45,91.1,19,34,55.9,1,0.7,0.1,0.3,2,9,4,1,12,Matches
429,Sota Pereira,rs SRB,MF,Manchester City,eng Premier League,23,2000,3.9,202,248,81.5,3918,1690,95,99,96.0,64,79,81.0,50,70,71.4,0,0.0,0.0,0.0,5,30,7,1,21,Matches
430,Jordan Doyle,no NOR,MF,Brighton,eng Premier League,26,1997,12.4,435,453,96.0,8318,3055,181,200,90.5,181,189,95.8,29,64,45.3,2,1.9,2.1,0.1,14,54,13,7,44,Matches
431,Karim Larsen,be BEL,DF,Crystal Palace,eng Premier League,33,1990,5.3,218,273,79.9,4213,1347,102,113,90.3,111,117,94.9,29,43,67.4,0,0.4,0.5,-0.4,1,35,1,0,23,Matches
432,Thomas Weber,nl NED,GK,Leeds United,eng Premier League,28,1995,13.6,627,828,75.7,11130,3713,387,425,91.1,231,278,83.1,76,125,60.8,0,0.0,0.4,0.0,7,64,10,3,43,Matches
433,Stefan Müller,br BRA,"DF,FW",Wolves,eng Premier League,30,1993,12.7,133,157,84.7,3040,764,73,76,96.1,47,54,87.0,14,27,51.9,0,1.1,0.9,-1.1,1,19,2,0,11,Matches
434,Kevin Ndiaye,ar ARG,FW,Everton,eng Premier League,26,1997,18.3,487,633,76.9,9522,2952,279,297,93.9,155,176,88.1,119,160,74.4,0,0.0,0.0,0.0,6,36,8,4,43,Matches
435,Anton Traoré,at AUT,"MF,FW",Arsenal,eng Premier League,32,1991,3.4,88,103,85.4,1705,633,37,39,94.9,27,30,90.0,16,34,47.1,1,2.3,3.3,-1.3,10,10,12,5,9,Matches
436,Théo Nowak,co COL,GK,Wolves,eng Premier League,29,1994,13.4,932,1279,72.9,17372,6904,593,641,92.5,464,498,93.2,60,140,42.9,1,1.0,1.1,0.0,12,44,15,7,94,Matches
437,Hugo Müller,co COL,MF,Brentford,eng Premier League,16,2007,4.7,167,207,80.7,3196,1309,100,110,90.9,99,105,94.3,0,0,,1,0.0,0.0,1.0,1,17,1,1,16,Matches
438,Viktor Andersson,sn SEN,DF,Manchester City,eng Premier League,33,1990,4.8,151,221,68.3,2764,832,88,103,85.4,60,75,80.0,20,43,46.5,0,1.0,2.0,-1.0,1,15,1,1,14,Matches
439,Pedro Santos,dk DEN,FW,Brighton,eng Premier League,33,1990,7.5,262,340,77.1,4472,1561,131,146,89.7,124,129,96.1,32,65,49.2,0,0.0,0.7,0.0,3,25,4,0,22,Matches
440,Pablo Walsh,de GER,"DF,MF",Manchester Utd,eng Premier League,22,2001,9.3,223,252,88.5,4454,1801,117,125,93.6,87,102,85.3,16,25,64.0,1,0.2,0.7,0.8,4,20,7,0,20,Matches
441,Takumi Silva,no NOR,"FW,MF",Brentford,eng Premier League,21,2002,4.4,307,358,85.8,7403,2046,167,190,87.9,73,89,82.0,43,79,54.4,0,0.0,0.0,0.0,4,36,5,2,24,Matches
442,Théo Hansen,fr FRA,"MF,FW",Chelsea,eng Premier League,24,1999,4.3,119,151,78.8,2471,888,68,76,89.5,50,54,92.6,14,21,66.7,0,0.3,0.2,-0.3,0,14,0,0,8,Matches
443,Julien Bakker,it ITA,MF,Manchester Utd,eng Premier League,24,1999,4.0,154,205,75.1,3207,1135,93,104,89.4,86,89,96.6,9,12,75.0,0,0.0,0.4,0.0,3,15,6,1,18,Matches
444,Andrés Becker,be BEL,MF,Manchester Utd,eng Premier League,22,2001,5.2,239,258,92.6,4458,1693,93,94,98.9,79,84,94.0,47,80,58.8,0,0.0,0.0,0.0,5,37,9,1,29,Matches
445,Andrés Byrne,ch SUI,"DF,MF",Manchester Utd,eng Premier League,17,2006,10.6,563,743,75.8,11204,1475,300,345,87.0,287,315,91.1,57,83,68.7,0,0.0,0.0,0.0,11,69,19,3,66,Matches
446,Jonas El Amrani,no NOR,"DF,MF",Brighton,eng Premier League,30,1993,7.2,214,245,87.3,3676,1453,96,104,92.3,90,102,88.2,20,39,51.3,0,0.0,0.0,0.0,6,24,14,3,23,Matches
447,Finn Byrne,nl NED,"FW,MF",Newcastle Utd,eng Premier League,22,2001,5.2,251,332,75.6,4976,1171,166,185,89.7,102,114,89.5,20,33,60.6,0,1.2,1.1,-1.2,7,29,10,1,23,Matches
448,Oscar Lindqvist,at AUT,FW,Leeds United,eng Premier League,28,1995,12.4,421,596,70.6,7535,1390,233,252,92.5,108,121,89.3,91,223,40.8,0,0.0,0.0,0.0,7,55,8,0,42,Matches
449,Callum Weber,us USA,MF,Brighton,eng Premier League,26,1997,15.7,680,755,90.1,12865,4273,241,259,93.1,262,302,86.8,106,194,54.6,2,1.2,1.0,0.8,12,63,22,11,32,Matches
450,Connor Byrne,co COL,"FW,DF",Leeds United,eng Premier League,27,1996,13.8,319,432,73.8,7182,2548,183,211,86.7,145,172,84.3,19,49,38.8,3,2.1,2.3,0.9,7,37,11,1,26,Matches
451,Youssef Traoré,se SWE,GK,Aston Villa,eng Premier League,24,1999,7.7,433,522,83.0,7095,2558,213,219,97.3,155,168,92.3,101,135,74.8,0,0.0,0.7,0.0,6,34,10,2,47,Matches
452,David Horvat,jp JPN,DF,Brighton,eng Premier League,18,2005,1.6,52,61,85.2,909,356,23,25,92.0,16,19,84.2,11,17,64.7,0,0.0,0.0,0.0,1,4,2,0,4,Matches
453,Mason Fischer,es ESP,FW,Southampton,eng Premier League,24,1999,29.3,1410,1822,77.4,28660,8316,714,811,88.0,565,645,87.6,279,366,76.2,1,0.0,0.0,1.0,24,123,30,12,117,Matches
454,Lucas Laurent,uy URU,DF,Manchester City,eng Premier League,23,2000,4.8,136,166,81.9,2403,684,74,86,86.0,47,55,85.5,16,25,64.0,1,1.4,1.3,-0.4,3,20,4,1,15,Matches
455,Adam Barnes,be BEL,DF,Fulham,eng Premier League,23,2000,5.2,135,161,83.9,2448,647,66,75,88.0,37,44,84.1,26,42,61.9,0,0.0,0.0,0.0,2,16,3,1,5,Matches
456,Takumi Müller,fr FRA,FW,Aston Villa,eng Premier League,26,1997,8.7,268,383,70.0,4752,1339,135,146,92.5,89,112,79.5,74,125,59.2,0,0.5,0.8,-0.5,12,27,14,2,29,Matches
457,Callum Berg,us USA,GK,Aston Villa,eng Premier League,25,1998,3.4,156,223,70.0,3008,1194,75,85,88.2,83,98,84.7,24,40,60.0,0,0.0,0.5,0.0,2,21,1,1,20,Matches
458,Diego Weber,ar ARG,DF,Arsenal,eng Premier League,27,1996,11.1,315,430,73.3,6565,1443,209,228,91.7,127,161,78.9,24,41,58.5,0,2.3,1.2,-2.3,1,20,1,0,31,Matches
459,Thomas Gómez,no NOR,FW,Aston Villa,eng Premier League,25,1998,2.8,113,137,82.5,2382,635,62,67,92.5,51,56,91.1,8,14,57.1,0,0.0,0.4,0.0,1,17,1,0,7,Matches
460,Pedro Costa,br BRA,"MF,FW",Brentford,eng Premier League,31,1992,2.3,124,151,82.1,2342,628,76,84,90.5,57,70,81.4,0,0,,0,0.0,0.0,0.0,2,11,3,1,11,Matches
461,Anton Nielsen,sn SEN,FW,Liverpool,eng Premier League,29,1994,16.6,716,782,91.6,12435,4383,334,406,82.3,285,357,79.8,11,19,57.9,1,0.0,0.0,1.0,13,75,10,5,40,Matches
462,Milan Petit,pl POL,DF,Leeds United,eng Premier League,26,1997,38.0,1254,1581,79.3,25061,11276,686,752,91.2,453,544,83.3,131,285,46.0,1,1.7,1.4,-0.7,2,144,2,1,65,Matches
463,Ibrahim Costa,sn SEN,FW,Liverpool,eng Premier League,29,1994,4.2,149,199,74.9,2613,851,76,83,91.6,67,80,83.8,19,36,52.8,0,0.0,0.1,0.0,1,13,1,1,15,Matches
464,David Sánchez,hr CRO,DF,Nott'ham Forest,eng Premier League,34,1989,16.8,708,951,74.4,11825,5668,455,477,95.4,387,443,87.4,21,31,67.7,2,2.8,2.3,-0.8,5,73,11,1,13,Matches
465,Erik Benali,us USA,MF,Chelsea,eng Premier League,20,2003,5.7,373,382,97.6,7157,3187,148,160,92.5,130,141,92.2,44,81,54.3,1,0.6,0.8,0.4,6,57,8,0,36,Matches
466,Owen Conti,eng ENG,DF,Tottenham,eng Premier League,22,2001,18.4,763,1015,75.2,12849,5587,430,442,97.3,416,443,93.9,75,130,57.7,2,2.3,2.6,-0.3,12,108,20,5,69,Matches
467,Erik Müller,pt POR,DF,Bournemouth,eng Premier League,30,1993,13.3,283,336,84.2,5030,1972,114,136,83.8,154,177,87.0,12,23,52.2,1,0.0,0.0,1.0,20,29,30,4,28,Matches
468,Liam Lindqvist,nl NED,GK,Newcastle Utd,eng Premier League,32,1991,6.3,313,437,71.6,5180,2530,213,223,95.5,173,197,87.8,10,17,58.8,0,0.0,0.0,0.0,2,27,3,1,6,Matches
469,Anton Costa,us USA,MF,Chelsea,eng Premier League,21,2002,9.0,205,281,73.0,4399,1545,103,110,93.6,70,80,87.5,47,91,51.6,0,1.6,1.1,-1.6,1,24,1,1,19,Matches
470,Viktor Bakker,rs SRB,DF,Crystal Palace,eng Premier League,23,2000,28.2,832,974,85.4,15504,4289,288,314,91.7,278,319,87.1,234,341,68.6,3,3.9,3.7,-0.9,8,151,18,6,53,Matches
471,Milan Silva,br BRA,"MF,FW",Bournemouth,eng Premier League,28,1995,6.0,339,399,85.0,6179,1453,190,201,94.5,137,168,81.5,15,30,50.0,0,0.5,0.9,-0.5,2,27,2,2,32,Matches
472,Yusuf Weber,no NOR,FW,Everton,eng Premier League,31,1992,5.8,160,204,78.4,3318,1224,86,94,91.5,65,73,89.0,21,37,56.8,0,0.2,0.5,-0.2,0,19,0,0,14,Matches
473,Maxime Barnes,it ITA,MF,Crystal Palace,eng Premier League,27,1996,7.4,399,442,90.3,7636,1762,226,240,94.2,193,207,93.2,0,0,,0,0.0,0.1,0.0,7,53,12,3,32,Matches
474,Théo Hansen,ma MAR,"DF,FW",Arsenal,eng Premier League,22,2001,6.1,130,168,77.4,3243,1170,79,88,89.8,57,67,85.1,8,13,61.5,0,2.2,2.6,-2.2,1,8,1,1,13,Matches
475,Antoine Novak,eng ENG,"FW,DF",Tottenham,eng Premier League,26,1997,25.9,161,207,77.8,2459,1115,93,96,96.9,64,72,88.9,31,39,79.5,2,5.9,6.0,-3.9,21,14,28,3,17,Matches
476,Mateo Ndiaye,jp JPN,"MF,FW",Tottenham,eng Premier League,29,1994,11.1,654,732,89.3,12333,3783,277,306,90.5,259,313,82.7,54,113,47.8,2,1.7,1.3,0.3,11,81,12,2,61,Matches
477,Marco Gómez,se SWE,"MF,FW",Wolves,eng Premier League,35,1988,9.4,362,439,82.5,8187,2743,189,201,94.0,139,149,93.3,51,89,57.3,4,5.2,5.4,-1.2,11,46,18,4,41,Matches
478,Théo Girard,nl NED,MF,Tottenham,eng Premier League,24,1999,9.8,676,797,84.8,14804,4479,443,443,100.0,214,242,88.4,63,112,56.2,0,0.2,0.1,-0.2,6,27,12,1,36,Matches
479,Emil Andersson,pt POR,"DF,FW",Aston Villa,eng Premier League,30,1993,3.7,55,72,76.4,1059,351,33,38,86.8,18,21,85.7,8,13,61.5,0,1.0,0.6,-1.0,1,7,1,0,5,Matches
480,Andrés Larsen,sn SEN,"FW,MF",Crystal Palace,eng Premier League,39,1984,8.3,357,407,87.7,7310,2108,185,194,95.4,130,145,89.7,38,68,55.9,3,3.4,3.1,-0.4,16,22,16,6,38,Matches
481,Pablo Weber,at AUT,MF,Crystal Palace,eng Premier League,24,1999,4.0,212,245,86.5,4655,1686,82,89,92.1,84,102,82.4,28,54,51.9,0,0.2,0.0,-0.2,2,20,2,0,20,Matches
482,Théo Kovač,ma MAR,FW,Aston Villa,eng Premier League,29,1994,2.0,100,111,90.1,1934,823,40,46,87.0,43,47,91.5,7,18,38.9,0,0.0,0.1,0.0,2,9,4,0,3,Matches
483,Jordan Hoffmann,pl POL,GK,Manchester Utd,eng Premier League,24,1999,13.1,641,819,78.3,11789,3634,302,352,85.8,248,307,80.8,103,160,64.4,0,1.8,1.7,-1.8,3,91,6,0,13,Matches
484,Ibrahim Lindqvist,no NOR,DF,Crystal Palace,eng Premier League,23,2000,9.1,190,246,77.2,3945,727,101,111,91.0,66,74,89.2,36,61,59.0,0,0.0,0.0,0.0,5,17,8,0,21,Matches
485,Sergio Barnes,dk DEN,"FW,MF",Leeds United,eng Premier League,26,1997,16.0,713,863,82.6,17422,6323,370,440,84.1,311,344,90.4,58,79,73.4,1,1.9,2.2,-0.9,19,53,20,8,59,Matches
486,Sergio Lindqvist,co COL,DF,Southampton,eng Premier League,26,1997,2.3,72,84,85.7,1609,494,30,33,90.9,22,26,84.6,10,25,40.0,0,0.6,1.0,-0.6,1,6,2,0,5,Matches
487,João Hughes,br BRA,DF,Liverpool,eng Premier League,28,1995,6.4,178,226,78.8,3723,1178,96,104,92.3,85,91,93.4,17,31,54.8,0,0.0,0.0,0.0,6,15,11,4,20,Matches
488,Hugo Gómez,sn SEN,MF,West Ham,eng Premier League,23,2000,16.4,622,790,78.7,11386,5277,353,375,94.1,286,301,95.0,85,114,74.6,0,0.0,0.0,0.0,9,51,17,0,36,Matches
489,Daniel Novak,fr FRA,"MF,FW",Manchester City,eng Premier League,19,2004,10.8,671,850,78.9,14698,4028,368,409,90.0,238,271,87.8,99,170,58.2,0,0.0,0.0,0.0,8,72,17,1,67,Matches
490,Felix Bianchi,ar ARG,"MF,DF",Bournemouth,eng Premier League,30,1993,4.9,183,232,78.9,3653,1114,104,106,98.1,78,91,85.7,19,35,54.3,0,0.0,0.0,0.0,14,19,28,5,20,Matches
491,Javier Silva,jp JPN,DF,Tottenham,eng Premier League,27,1996,9.9,352,485,72.6,7048,2953,272,278,97.8,128,158,81.0,30,49,61.2,1,1.4,1.9,-0.4,7,28,7,3,35,Matches
492,Liam Ferrari,es ESP,MF,Brighton,eng Premier League,25,1998,10.1,370,432,85.6,8362,2869,195,209,93.3,187,212,88.2,7,11,63.6,1,0.7,0.8,0.3,11,18,19,6,18,Matches
493,Daniel Gómez,at AUT,GK,Newcastle Utd,eng Premier League,30,1993,8.2,349,511,68.3,6237,2322,195,204,95.6,148,188,78.7,78,119,65.5,0,0.5,1.0,-0.5,1,39,2,0,32,Matches
494,Rafael Hansen,it ITA,MF,Southampton,eng Premier League,21,2002,8.2,335,411,81.5,5503,1536,168,187,89.8,105,138,76.1,63,86,73.3,0,0.0,0.6,0.0,1,60,1,0,21,Matches
495,Rafael Moreau,de GER,MF,Bournemouth,eng Premier League,32,1991,14.6,422,489,86.3,10309,2942,199,203,98.0,144,167,86.2,75,119,63.0,0,0.3,0.9,-0.3,7,45,9,4,52,Matches
496,Elias Kowalski,fr FRA,"MF,FW",Brighton,eng Premier League,31,1992,8.9,335,451,74.3,6004,2733,173,205,84.4,173,196,88.3,37,50,74.0,0,0.0,0.0,0.0,12,24,18,1,31,Matches
497,Rafael Barnes,uy URU,FW,Aston Villa,eng Premier League,24,1999,5.8,256,333,76.9,4529,1199,152,160,95.0,78,106,73.6,40,67,59.7,0,0.0,0.0,0.0,1,29,1,0,24,Matches
498,Marco Sánchez,at AUT,MF,Leicester City,eng Premier League,31,1992,6.3,325,347,93.7,6209,2119,141,148,95.3,121,141,85.8,27,58,46.6,1,1.5,1.7,-0.5,7,42,8,3,11,Matches
499,Antoine Moreau,hr CRO,MF,Brentford,eng Premier League,26,1997,9.8,714,853,83.7,15512,5348,405,421,96.2,270,325,83.1,67,107,62.6,0,0.6,0.5,-0.6,5,61,8,1,25,Matches
500,Adam Bakker,us USA,"DF,MF",Leeds United,eng Premier League,28,1995,6.2,296,329,90.0,6279,2309,114,125,91.2,92,97,94.8,56,107,52.3,0,0.0,0.0,0.0,6,31,7,2,9,Matches
501,Anton Horvat,eng ENG,MF,Manchester Utd,eng Premier League,27,1996,4.2,165,209,78.9,3256,994,91,101,90.1,76,81,93.8,18,27,66.7,0,0.0,1.0,0.0,2,16,3,1,16,Matches
502,Connor Sánchez,no NOR,GK,Everton,eng Premier League,28,1995,1.0,33,53,62.3,681,103,20,24,83.3,14,18,77.8,6,11,54.5,0,0.0,0.6,0.0,1,3,1,1,4,Matches
503,Noah Hansen,br BRA,GK,Wolves,eng Premier League,27,1996,2.6,107,156,68.6,2040,716,64,68,94.1,50,66,75.8,12,22,54.5,0,1.6,1.5,-1.6,1,12,1,0,12,Matches
504,Stefan Fernández,es ESP,"DF,FW",Arsenal,eng Premier League,28,1995,2.7,64,75,85.3,1276,412,22,24,91.7,27,33,81.8,13,18,72.2,0,0.0,0.0,0.0,3,2,3,1,7,Matches
505,Nicolas Andersson,pl POL,MF,Brighton,eng Premier League,33,1990,14.4,976,1122,87.0,18260,8079,426,448,95.1,360,416,86.5,179,258,69.4,0,0.0,0.3,0.0,15,80,30,4,106,Matches
506,Takumi Nowak,uy URU,MF,Liverpool,eng Premier League,27,1996,4.9,215,261,82.4,4815,1680,98,108,90.7,73,82,89.0,42,71,59.2,0,0.0,0.0,0.0,1,21,1,0,11,Matches
507,David Sánchez,be BEL,"FW,MF",Brentford,eng Premier League,24,1999,8.1,536,600,89.3,7898,2932,226,235,96.2,167,185,90.3,97,180,53.9,1,0.3,0.7,0.7,6,42,11,3,68,Matches
508,Youssef Cissé,eng ENG,"DF,MF",Everton,eng Premier League,22,2001,6.1,271,316,85.8,5299,1657,147,150,98.0,113,134,84.3,19,32,59.4,0,0.0,0.0,0.0,4,22,6,1,18,Matches
509,Ryan Silva,se SWE,DF,Liverpool,eng Premier League,28,1995,13.6,465,569,81.7,8510,2610,216,220,98.2,194,214,90.7,59,135,43.7,0,0.0,0.1,0.0,1,66,1,0,46,Matches
510,Nuno Andersson,hr CRO,MF,Tottenham,eng Premier League,25,1998,4.9,141,172,82.0,2911,908,82,90,91.1,64,80,80.0,1,2,50.0,0,0.5,0.6,-0.5,4,14,4,3,4,Matches
511,Felix Dubois,de GER,"DF,MF",West Ham,eng Premier League,22,2001,20.4,978,1016,96.3,17565,5850,368,393,93.6,387,417,92.8,154,206,74.8,1,2.0,2.4,-1.0,24,91,25,19,75,Matches
512,Mateo Wright,fr FRA,FW,Newcastle Utd,eng Premier League,30,1993,2.7,83,104,79.8,1548,287,45,51,88.2,41,48,85.4,3,5,60.0,0,1.1,0.9,-1.1,2,9,2,1,4,Matches
513,Viktor Novak,eng ENG,"FW,MF",Bournemouth,eng Premier League,27,1996,2.5,143,172,83.1,2858,1121,70,77,90.9,69,69,100.0,17,26,65.4,1,0.7,0.4,0.3,5,13,7,3,11,Matches
514,Yusuf Yamamoto,no NOR,GK,West Ham,eng Premier League,22,2001,7.8,316,463,68.3,6715,2205,203,226,89.8,140,161,87.0,41,76,53.9,1,0.1,0.0,0.9,3,38,5,2,27,Matches
515,Samuel Nowak,nl NED,"DF,MF",Nott'ham Forest,eng Premier League,30,1993,2.1,60,73,82.2,967,335,29,30,96.7,24,26,92.3,10,17,58.8,1,1.1,0.1,-0.1,1,5,1,0,7,Matches
516,Nicolas Weber,be BEL,DF,Crystal Palace,eng Premier League,34,1989,33.0,418,537,77.8,8355,2750,253,282,89.7,150,198,75.8,28,57,49.1,6,6.0,6.1,0.0,39,25,46,25,34,Matches
517,Andrés Weber,hr CRO,MF,Aston Villa,eng Premier League,29,1994,4.0,166,217,76.5,2794,1278,91,102,89.2,93,96,96.9,12,19,63.2,1,4.3,4.3,-3.3,3,25,5,0,6,Matches
518,Pedro Gómez,pt POR,"FW,MF",Newcastle Utd,eng Premier League,23,2000,12.2,348,468,74.4,7698,3175,201,221,91.0,151,161,93.8,62,86,72.1,1,1.0,0.7,0.0,8,39,6,6,20,Matches
519,Maxime Santos,es ESP,MF,Wolves,eng Premier League,23,2000,11.6,651,743,87.6,11844,856,351,368,95.4,239,282,84.8,41,93,44.1,3,1.1,1.7,1.9,23,89,26,11,24,Matches
520,Marco Weber,ch SUI,GK,Brentford,eng Premier League,25,1998,3.6,177,245,72.2,3693,1320,115,117,98.3,87,95,91.6,16,33,48.5,0,1.0,0.3,-1.0,4,15,1,0,11,Matches
521,Daniel Traoré,it ITA,"MF,DF",Rayo Vallecano,es La Liga,28,1995,10.1,470,589,79.8,8376,2749,289,306,94.4,192,222,86.5,38,61,62.3,1,0.2,0.0,0.8,9,7,9,2,39,Matches
522,Bruno Sánchez,us USA,DF,Espanyol,es La Liga,26,1997,6.2,271,339,79.9,5578,1566,131,145,90.3,96,114,84.2,54,80,67.5,2,2.5,2.5,-0.5,6,33,8,3,22,Matches
523,Thomas Müller,pl POL,"FW,MF",Valladolid,es La Liga,27,1996,21.7,939,1063,88.3,20255,5606,460,485,94.8,291,372,78.2,138,206,67.0,2,1.7,1.7,0.3,39,49,52,24,50,Matches
524,Mateo Horvat,ar ARG,GK,Elche,es La Liga,25,1998,8.5,550,735,74.8,10144,1919,349,372,93.8,278,317,87.7,21,46,45.7,0,0.0,0.0,0.0,5,84,5,2,36,Matches
525,Takumi Fischer,se SWE,DF,Sevilla,es La Liga,22,2001,1.6,43,55,78.2,897,363,20,22,90.9,20,25,80.0,4,8,50.0,0,0.8,0.9,-0.8,0,3,0,0,3,Matches
526,Lucas Barnes,dk DEN,DF,Espanyol,es La Liga,21,2002,0.6,15,20,75.0,270,93,8,9,88.9,5,7,71.4,2,4,50.0,0,0.0,0.3,0.0,0,2,0,0,2,Matches
527,Samuel Traoré,es ESP,"MF,FW",Osasuna,es La Liga,35,1988,14.3,802,944,85.0,15399,5791,475,521,91.2,379,438,86.5,0,0,,2,1.8,2.3,0.2,19,76,33,4,88,Matches
528,David Bakker,ma MAR,DF,Villarreal,es La Liga,22,2001,1.5,48,61,78.7,1034,473,23,24,95.8,17,19,89.5,9,18,50.0,0,1.7,1.8,-1.7,1,4,2,0,3,Matches
529,Karim El Amrani,it ITA,MF,Elche,es La Liga,29,1994,14.1,695,851,81.7,15774,5699,305,354,86.2,361,384,94.0,60,113,53.1,3,4.3,4.7,-1.3,9,90,9,2,35,Matches
530,Takumi Petit,be BEL,"FW,MF",Real Sociedad,es La Liga,26,1997,1.5,46,57,80.7,778,330,27,27,100.0,18,22,81.8,5,8,62.5,0,0.0,0.4,0.0,2,4,3,1,5,Matches
531,Pedro Sánchez,rs SRB,"DF,MF",Girona,es La Liga,28,1995,1.7,60,74,81.1,1240,436,41,43,95.3,23,28,82.1,2,3,66.7,2,2.7,2.8,-0.7,3,9,4,1,6,Matches
532,Marco Bakker,at AUT,MF,Mallorca,es La Liga,26,1997,12.0,508,568,89.4,8839,3811,292,302,96.7,228,259,88.0,3,7,42.9,0,1.4,1.3,-1.4,7,66,10,2,67,Matches
533,Anton Wright,us USA,DF,Atlético Madrid,es La Liga,17,2006,4.1,24,33,72.7,509,224,13,14,92.9,11,13,84.6,4,6,66.7,0,0.0,0.4,0.0,3,2,5,1,3,Matches
534,Bruno Yamamoto,nl NED,DF,Almería,es La Liga,28,1995,12.3,218,291,74.9,4221,1034,135,142,95.1,98,112,87.5,20,37,54.1,1,0.8,0.1,0.2,3,24,4,1,28,Matches
535,Noah Yamamoto,dk DEN,DF,Osasuna,es La Liga,23,2000,4.2,97,124,78.2,1910,509,59,62,95.2,34,42,81.0,12,20,60.0,0,0.0,0.0,0.0,1,5,1,0,6,Matches
536,Javier Schmidt,it ITA,MF,Barcelona,es La Liga,20,2003,28.9,1140,1466,77.8,19271,7085,542,588,92.2,286,309,92.6,411,569,72.2,9,8.8,9.3,0.2,87,131,72,11,150,Matches
537,Kevin Dubois,jp JPN,DF,Atlético Madrid,es La Liga,32,1991,22.1,782,995,78.6,17087,6968,405,421,96.2,275,347,79.3,155,227,68.3,3,1.8,1.7,1.2,12,118,15,6,59,Matches
538,Pablo Wright,de GER,"DF,FW",Real Betis,es La Liga,24,1999,7.3,252,349,72.2,4425,1349,156,170,91.8,95,109,87.2,38,70,54.3,0,0.0,0.3,0.0,8,23,14,2,7,Matches
539,Lucas Kovač,pl POL,"DF,MF",Valencia,es La Liga,20,2003,7.8,405,526,77.0,7912,3356,222,226,98.2,132,149,88.6,60,151,39.7,2,3.4,3.3,-1.4,16,49,23,1,45,Matches
540,Javier Fischer,sn SEN,MF,Osasuna,es La Liga,25,1998,2.8,149,175,85.1,3185,1272,75,83,90.4,40,48,83.3,21,44,47.7,0,1.1,0.7,-1.1,3,14,5,1,13,Matches
541,Ibrahim Ferrari,pt POR,GK,Elche,es La Liga,26,1997,7.6,415,568,73.1,6716,2603,258,275,93.8,175,195,89.7,58,98,59.2,0,0.0,0.0,0.0,1,33,1,1,32,Matches
542,Kevin Murphy,se SWE,DF,Mallorca,es La Liga,28,1995,0.9,24,30,80.0,472,173,12,13,92.3,12,13,92.3,2,4,50.0,0,0.8,0.0,-0.8,1,2,1,0,4,Matches
543,Liam Berg,jp JPN,"MF,DF",Barcelona,es La Liga,29,1994,16.0,707,880,80.3,13874,4732,385,413,93.2,212,239,88.7,102,228,44.7,2,4.0,3.6,-2.0,17,54,36,3,88,Matches
544,Youssef Horvat,it ITA,DF,Real Madrid,es La Liga,22,2001,15.6,243,304,79.9,4776,1459,117,122,95.9,91,105,86.7,49,77,63.6,1,0.0,0.1,1.0,9,27,9,3,33,Matches
545,Connor Bakker,pl POL,"DF,MF",Valladolid,es La Liga,22,2001,9.3,308,364,84.6,5767,2080,106,127,83.5,111,141,78.7,26,96,27.1,0,1.3,1.1,-1.3,9,28,9,1,22,Matches
546,Nicolas Girard,co COL,DF,Getafe,es La Liga,20,2003,2.2,73,94,77.7,1638,720,45,50,90.0,35,41,85.4,2,3,66.7,1,3.4,3.5,-2.4,3,7,4,1,8,Matches
547,Jonas Fischer,pl POL,MF,Rayo Vallecano,es La Liga,25,1998,20.0,998,1180,84.6,20426,5382,445,455,97.8,430,514,83.7,111,211,52.6,0,2.0,1.8,-2.0,2,155,2,1,152,Matches
548,Ibrahim Fernández,rs SRB,GK,Rayo Vallecano,es La Liga,20,2003,4.8,304,394,77.2,6460,2152,148,163,90.8,130,144,90.3,54,87,62.1,0,0.0,0.0,0.0,4,34,8,2,39,Matches
549,Lucas Santos,rs SRB,FW,Girona,es La Liga,16,2007,18.1,444,635,69.9,8863,4445,264,309,85.4,193,203,95.1,64,123,52.0,1,0.0,0.4,1.0,26,62,43,14,35,Matches
550,Yusuf Fernández,sn SEN,DF,Real Madrid,es La Liga,16,2007,11.7,409,537,76.2,7806,2973,206,215,95.8,158,189,83.6,80,133,60.2,0,0.2,0.1,-0.2,7,31,5,3,35,Matches
551,Finn Weber,at AUT,FW,Real Betis,es La Liga,29,1994,2.2,77,86,89.5,1291,426,36,40,90.0,26,28,92.9,9,18,50.0,0,0.0,0.2,0.0,0,8,0,0,8,Matches
552,Marco Yamamoto,us USA,"FW,DF",Espanyol,es La Liga,25,1998,9.4,289,393,73.5,5876,2015,132,141,93.6,143,169,84.6,61,83,73.5,2,0.0,0.0,2.0,12,20,23,3,19,Matches
553,Ryan Walsh,ma MAR,"FW,DF",Barcelona,es La Liga,20,2003,22.4,617,797,77.4,12373,4158,340,364,93.4,257,282,91.1,92,151,60.9,0,0.7,0.3,-0.7,16,36,21,6,52,Matches
554,Andrés Conti,sn SEN,DF,Celta Vigo,es La Liga,30,1993,6.9,259,317,81.7,4871,1886,159,176,90.3,130,149,87.2,0,0,,0,1.2,1.5,-1.2,3,33,5,1,19,Matches
555,Maxime Pereira,jp JPN,FW,Athletic Club,es La Liga,32,1991,7.5,180,249,72.3,4020,848,101,114,88.6,65,79,82.3,25,56,44.6,0,0.0,0.9,0.0,1,5,1,0,21,Matches
556,Sota El Amrani,us USA,"DF,FW",Villarreal,es La Liga,25,1998,12.3,167,214,78.0,3669,1112,92,102,90.2,62,67,92.5,27,45,60.0,0,0.0,0.0,0.0,1,17,1,0,7,Matches
557,Owen Fischer,ma MAR,DF,Villarreal,es La Liga,29,1994,4.8,237,306,77.5,4682,2149,136,145,93.8,93,106,87.7,24,55,43.6,1,3.1,2.9,-2.1,2,14,2,1,26,Matches
558,Antoine Martínez,co COL,"MF,FW",Espanyol,es La Liga,30,1993,5.9,201,275,73.1,4128,1729,123,129,95.3,97,101,96.0,24,45,53.3,0,0.0,0.0,0.0,1,29,2,0,12,Matches
559,Luca Yamamoto,br BRA,GK,Valladolid,es La Liga,28,1995,0.4,17,25,68.0,331,97,5,6,83.3,9,9,100.0,6,10,60.0,0,0.0,0.0,0.0,0,2,0,0,2,Matches
560,Milan Rossi,pl POL,FW,Real Betis,es La Liga,27,1996,4.7,199,246,80.9,3848,1021,92,93,98.9,67,81,82.7,31,72,43.1,0,0.0,0.0,0.0,1,14,1,0,16,Matches
561,Diego Tanaka,ar ARG,DF,Elche,es La Liga,28,1995,9.9,499,608,82.1,8326,2460,218,235,92.8,221,260,85.0,90,113,79.6,1,1.9,1.7,-0.9,9,52,13,4,57,Matches
562,Mason Schmidt,rs SRB,GK,Espanyol,es La Liga,23,2000,12.2,839,1004,83.6,18155,5363,398,455,87.5,346,372,93.0,116,177,65.5,0,0.0,0.1,0.0,1,82,1,0,60,Matches
563,Stefan Rizzo,de GER,DF,Valencia,es La Liga,25,1998,12.8,467,718,65.0,8282,2589,239,263,90.9,210,227,92.5,95,228,41.7,0,0.0,0.1,0.0,9,49,16,3,40,Matches
564,Adam Nielsen,be BEL,DF,Real Madrid,es La Liga,30,1993,16.1,478,569,84.0,9923,4334,223,252,88.5,188,224,83.9,58,93,62.4,3,3.7,3.8,-0.7,16,47,23,3,34,Matches
565,Luca Murphy,us USA,DF,Girona,es La Liga,17,2006,11.4,236,319,74.0,3869,1673,155,163,95.1,66,80,82.5,58,76,76.3,0,1.4,1.5,-1.4,1,32,2,0,7,Matches
566,Youssef Santos,pl POL,FW,Espanyol,es La Liga,24,1999,3.5,82,109,75.2,1374,400,47,51,92.2,41,47,87.2,7,11,63.6,0,0.0,0.0,0.0,2,13,2,0,7,Matches
567,Callum Petit,co COL,DF,Real Betis,es La Liga,22,2001,9.1,328,411,79.8,5492,1499,180,187,96.3,114,136,83.8,54,88,61.4,0,0.0,0.0,0.0,4,37,4,1,31,Matches
568,Bruno Ferrari,se SWE,"MF,FW",Girona,es La Liga,21,2002,8.9,400,502,79.7,7846,3576,247,264,93.6,152,190,80.0,34,48,70.8,0,1.3,1.8,-1.3,4,51,7,2,49,Matches
569,Luca Hoffmann,de GER,MF,Real Sociedad,es La Liga,25,1998,22.4,1315,1414,93.0,25236,6865,547,556,98.4,372,446,83.4,303,412,73.5,0,0.5,0.3,-0.5,17,228,22,4,82,Matches
570,Jonas Traoré,co COL,FW,Athletic Club,es La Liga,30,1993,27.2,1077,1273,84.6,23221,8415,564,587,96.1,421,470,89.6,124,216,57.4,0,0.0,0.8,0.0,3,64,3,1,71,Matches
571,Erik Müller,se SWE,"MF,FW",Real Betis,es La Liga,31,1992,4.3,154,184,83.7,2687,894,73,79,92.4,64,83,77.1,12,22,54.5,0,0.0,0.0,0.0,2,13,4,0,19,Matches
572,Felix Wright,es ESP,"MF,FW",Barcelona,es La Liga,23,2000,24.2,1198,1376,87.1,20942,8184,541,587,92.2,451,517,87.2,154,272,56.6,3,5.6,5.7,-2.6,21,141,24,13,136,Matches
573,Yusuf Nielsen,no NOR,"MF,DF",Villarreal,es La Liga,23,2000,20.3,867,1004,86.4,17230,5093,442,501,88.2,321,348,92.2,116,155,74.8,0,2.1,2.7,-2.1,5,90,7,0,68,Matches
574,Omar El Amrani,ch SUI,"MF,FW",Celta Vigo,es La Liga,30,1993,10.9,541,714,75.8,11936,3397,340,366,92.9,274,291,94.2,30,57,52.6,1,1.8,1.9,-0.8,2,64,4,0,42,Matches
575,Mateo Hansen,br BRA,FW,Cádiz,es La Liga,29,1994,8.1,445,529,84.1,8502,2877,246,282,87.2,178,186,95.7,41,61,67.2,1,0.6,0.7,0.4,12,45,19,4,40,Matches
576,Javier Nowak,sn SEN,DF,Sevilla,es La Liga,22,2001,4.4,145,170,85.3,3096,1046,53,57,93.0,66,78,84.6,17,35,48.6,0,0.0,0.0,0.0,3,20,4,1,12,Matches
577,Callum Horvat,fr FRA,FW,Girona,es La Liga,30,1993,7.3,295,398,74.1,5961,1713,160,181,88.4,164,182,90.1,14,35,40.0,0,0.0,0.0,0.0,0,29,0,0,33,Matches
578,Omar Ndiaye,co COL,MF,Celta Vigo,es La Liga,25,1998,10.6,388,453,85.7,6731,2632,195,218,89.4,172,176,97.7,41,59,69.5,0,0.0,0.0,0.0,18,36,20,11,32,Matches
579,Marco Rizzo,be BEL,DF,Almería,es La Liga,23,2000,7.1,160,200,80.0,3112,1280,68,76,89.5,79,85,92.9,24,39,61.5,0,0.4,0.7,-0.4,2,19,2,0,12,Matches
580,David Walsh,pt POR,"DF,MF",Barcelona,es La Liga,20,2003,14.7,469,553,84.8,9615,3502,238,259,91.9,197,243,81.1,29,51,56.9,0,1.3,1.8,-1.3,5,21,11,1,34,Matches
581,Julien Costa,dk DEN,MF,Mallorca,es La Liga,31,1992,4.7,228,279,81.7,4301,1339,140,146,95.9,125,137,91.2,0,0,,0,0.0,0.8,0.0,3,21,5,1,33,Matches
582,Luca Silva,br BRA,FW,Sevilla,es La Liga,24,1999,2.3,70,88,79.5,1331,388,42,44,95.5,32,38,84.2,3,6,50.0,0,0.0,0.0,0.0,1,4,2,0,8,Matches
583,Jordan Novak,pt POR,"MF,FW",Osasuna,es La Liga,31,1992,3.5,154,188,81.9,3062,931,69,79,87.3,69,76,90.8,21,33,63.6,0,0.0,0.0,0.0,4,16,4,1,12,Matches
584,Nuno Girard,nl NED,"MF,DF",Villarreal,es La Liga,25,1998,5.9,368,384,95.8,7749,2890,156,167,93.4,134,136,98.5,35,81,43.2,1,0.9,2.0,0.1,9,34,9,3,10,Matches
585,Théo Hansen,eng ENG,"MF,FW",Rayo Vallecano,es La Liga,28,1995,13.3,703,763,92.1,15394,6369,400,431,92.8,248,297,83.5,28,35,80.0,0,0.0,0.0,0.0,3,42,5,2,59,Matches
586,Rafael Moreau,it ITA,DF,Getafe,es La Liga,19,2004,14.7,323,413,78.2,7166,2384,167,180,92.8,143,157,91.1,31,76,40.8,2,3.0,2.6,-1.0,5,34,11,2,30,Matches
587,Noah Dubois,pt POR,MF,Espanyol,es La Liga,28,1995,38.0,1651,1814,91.0,26474,8756,594,614,96.7,517,614,84.2,327,586,55.8,4,3.6,4.3,0.4,35,55,34,14,170,Matches
588,Bruno Weber,de GER,MF,Elche,es La Liga,23,2000,24.8,1314,1429,92.0,24906,7064,710,732,97.0,431,508,84.8,131,189,69.3,4,4.1,4.5,-0.1,61,182,94,3,109,Matches
589,Yusuf Pereira,pl POL,DF,Celta Vigo,es La Liga,25,1998,9.4,480,555,86.5,9736,3197,200,219,91.3,150,176,85.2,110,160,68.8,2,2.3,1.2,-0.3,10,58,19,0,60,Matches
590,Ryan Rossi,eng ENG,"MF,DF",Mallorca,es La Liga,28,1995,8.2,422,485,87.0,7980,2855,197,214,92.1,154,188,81.9,47,83,56.6,0,0.0,0.0,0.0,4,32,7,1,32,Matches
591,Luca Tanaka,fr FRA,DF,Valladolid,es La Liga,27,1996,10.9,338,477,70.9,7365,1994,214,218,98.2,153,171,89.5,40,88,45.5,0,0.0,0.0,0.0,0,47,0,0,18,Matches
592,Maxime Kovač,co COL,DF,Real Sociedad,es La Liga,29,1994,8.0,277,349,79.4,5533,2269,164,167,98.2,101,129,78.3,29,53,54.7,0,0.0,0.0,0.0,3,35,4,1,18,Matches
593,Yusuf López,pt POR,FW,Espanyol,es La Liga,25,1998,7.8,252,283,89.0,5052,2175,113,132,85.6,84,93,90.3,32,58,55.2,0,0.0,0.4,0.0,11,31,10,4,12,Matches
594,Liam Murphy,ch SUI,GK,Rayo Vallecano,es La Liga,18,2005,9.1,482,691,69.8,9909,4498,265,293,90.4,194,231,84.0,101,167,60.5,2,2.5,1.4,-0.5,6,30,12,2,31,Matches
595,Théo Wagner,se SWE,"MF,FW",Valencia,es La Liga,22,2001,5.1,241,307,78.5,4545,1826,150,161,93.2,157,168,93.5,0,0,,2,2.8,2.7,-0.8,6,21,10,5,14,Matches
596,Anton Wagner,nl NED,DF,Girona,es La Liga,23,2000,1.5,52,59,88.1,938,309,24,25,96.0,18,20,90.0,9,14,64.3,0,0.0,0.0,0.0,2,4,3,0,6,Matches
597,Youssef Moreau,br BRA,FW,Athletic Club,es La Liga,26,1997,6.7,130,165,78.8,2366,900,59,66,89.4,81,84,96.4,9,15,60.0,0,0.0,0.0,0.0,4,10,6,2,14,Matches
598,Finn Clarke,dk DEN,"DF,MF",Athletic Club,es La Liga,23,2000,12.2,629,727,86.5,13383,4057,280,304,92.1,223,254,87.8,110,169,65.1,2,1.6,1.4,0.4,13,40,10,8,61,Matches
599,Youssef Sánchez,hr CRO,"FW,MF",Barcelona,es La Liga,21,2002,15.7,780,924,84.4,13489,3368,373,395,94.4,300,356,84.3,87,173,50.3,5,5.6,6.0,-0.6,46,40,88,10,77,Matches
600,Viktor Martínez,no NOR,DF,Valladolid,es La Liga,28,1995,18.0,589,790,74.6,10649,2709,365,403,90.6,340,382,89.0,3,5,60.0,3,3.8,3.8,-0.8,15,42,18,5,12,Matches
601,Lucas Fischer,us USA,FW,Valladolid,es La Liga,26,1997,10.2,354,430,82.3,6862,1599,162,168,96.4,133,146,91.1,52,116,44.8,0,0.0,0.1,0.0,2,20,2,0,34,Matches
602,Daniel Doyle,pt POR,"MF,FW",Elche,es La Liga,16,2007,14.2,595,764,77.9,14087,4902,281,313,89.8,356,393,90.6,44,58,75.9,0,0.0,0.0,0.0,3,68,4,1,36,Matches
603,Yusuf Yamamoto,rs SRB,DF,Girona,es La Liga,28,1995,13.8,436,586,74.4,9325,3071,234,246,95.1,176,216,81.5,69,124,55.6,2,0.0,0.1,2.0,21,38,36,10,43,Matches
604,Hugo Moreau,pt POR,"FW,MF",Rayo Vallecano,es La Liga,25,1998,8.8,343,408,84.1,5958,2351,172,193,89.1,147,165,89.1,30,50,60.0,2,3.2,3.4,-1.2,18,23,31,10,29,Matches
605,Marco Larsen,se SWE,"FW,MF",Villarreal,es La Liga,26,1997,4.1,250,309,80.9,5245,1887,141,152,92.8,101,118,85.6,20,39,51.3,1,1.5,2.5,-0.5,3,19,5,0,14,Matches
606,Pablo Byrne,jp JPN,GK,Osasuna,es La Liga,22,2001,6.9,251,313,80.2,4744,1836,143,143,100.0,126,129,97.7,35,41,85.4,1,1.1,0.9,-0.1,1,29,1,0,35,Matches
607,Mason Clarke,nl NED,GK,Athletic Club,es La Liga,20,2003,3.2,167,224,74.6,3656,1264,112,120,93.3,81,93,87.1,7,11,63.6,1,0.0,0.0,1.0,4,18,4,2,14,Matches
608,Karim Wagner,no NOR,FW,Villarreal,es La Liga,25,1998,11.6,238,316,75.3,4614,1842,123,141,87.2,93,112,83.0,45,63,71.4,1,0.0,0.1,1.0,8,26,10,3,33,Matches
609,Ibrahim Rizzo,es ESP,FW,Osasuna,es La Liga,31,1992,23.1,660,820,80.5,12381,4143,399,453,88.1,272,327,83.2,27,40,67.5,0,2.2,2.3,-2.2,1,123,1,1,30,Matches
610,Elias Fernández,pl POL,FW,Real Sociedad,es La Liga,24,1999,15.1,533,592,90.0,12845,4946,301,322,93.5,152,176,86.4,35,94,37.2,2,1.7,1.6,0.3,11,39,18,3,35,Matches
611,João Traoré,it ITA,DF,Real Sociedad,es La Liga,29,1994,6.1,195,248,78.6,3917,1496,87,93,93.5,63,69,91.3,35,86,40.7,1,2.5,2.3,-1.5,2,19,2,1,16,Matches
612,João Nielsen,de GER,FW,Almería,es La Liga,29,1994,17.2,333,453,73.5,6107,2443,189,207,91.3,156,167,93.4,44,79,55.7,0,0.0,0.5,0.0,5,46,7,4,29,Matches
613,Hugo Kovač,se SWE,MF,Athletic Club,es La Liga,22,2001,13.3,515,654,78.7,9194,2022,247,265,93.2,247,269,91.8,42,120,35.0,3,1.3,0.7,1.7,29,41,49,12,48,Matches
614,Emil Moreau,jp JPN,MF,Real Sociedad,es La Liga,34,1989,9.0,393,501,78.4,6530,2044,211,237,89.0,156,176,88.6,42,88,47.7,1,0.0,0.2,1.0,17,53,29,2,48,Matches
615,Théo Traoré,ch SUI,"MF,DF",Elche,es La Liga,25,1998,16.5,545,717,76.0,9999,3170,266,320,83.1,218,231,94.4,87,166,52.4,0,0.5,0.6,-0.5,11,54,9,0,48,Matches
616,Finn Becker,uy URU,"MF,FW",Girona,es La Liga,30,1993,13.6,514,600,85.7,10306,2839,207,228,90.8,258,271,95.2,49,101,48.5,0,0.9,0.8,-0.9,3,73,7,2,57,Matches
617,Anton Barnes,dk DEN,DF,Osasuna,es La Liga,30,1993,17.7,369,487,75.8,7559,2261,204,219,93.2,173,199,86.9,50,69,72.5,1,1.2,1.1,-0.2,32,34,36,21,58,Matches
618,Samuel Moreau,be BEL,DF,Sevilla,es La Liga,20,2003,9.7,391,465,84.1,9236,3399,212,251,84.5,144,160,90.0,36,54,66.7,0,2.2,2.4,-2.2,5,55,4,2,37,Matches
619,Théo Costa,it ITA,MF,Almería,es La Liga,28,1995,4.8,224,274,81.8,4733,1842,97,106,91.5,116,132,87.9,21,36,58.3,0,0.2,0.3,-0.2,5,21,4,3,13,Matches
620,Callum Santos,fr FRA,FW,Villarreal,es La Liga,27,1996,14.4,562,777,72.3,10643,3682,303,344,88.1,240,278,86.3,97,155,62.6,0,1.0,1.0,-1.0,3,77,6,2,38,Matches
621,Pedro Laurent,be BEL,"DF,MF",Valencia,es La Liga,27,1996,30.8,448,504,88.9,6567,2752,246,275,89.5,111,122,91.0,50,107,46.7,0,0.0,0.4,0.0,6,49,6,0,52,Matches
622,Théo Barnes,ar ARG,MF,Valencia,es La Liga,35,1988,17.8,722,977,73.9,12019,2859,361,390,92.6,342,438,78.1,104,149,69.8,1,1.9,1.6,-0.9,8,71,14,2,96,Matches
623,Théo Schmidt,nl NED,"MF,DF",Osasuna,es La Liga,23,2000,8.4,380,451,84.3,8054,2829,214,225,95.1,162,176,92.0,35,50,70.0,1,0.2,0.1,0.8,11,30,12,4,22,Matches
624,Nicolas Larsen,br BRA,DF,Rayo Vallecano,es La Liga,27,1996,6.3,237,273,86.8,4521,1054,127,137,92.7,76,87,87.4,22,49,44.9,1,0.7,0.4,0.3,7,27,13,5,31,Matches
625,David Fernández,pl POL,MF,Real Sociedad,es La Liga,24,1999,18.3,863,1032,83.6,16393,5584,352,406,86.7,244,270,90.4,207,356,58.1,0,0.0,0.2,0.0,13,83,17,5,64,Matches
626,Maxime Larsen,it ITA,MF,Atlético Madrid,es La Liga,31,1992,17.5,725,858,84.5,13819,5171,359,390,92.1,361,389,92.8,44,79,55.7,0,0.0,0.1,0.0,7,58,12,3,79,Matches
627,Milan Tanaka,hr CRO,DF,Barcelona,es La Liga,25,1998,15.7,325,412,78.9,6492,2624,190,191,99.5,139,162,85.8,33,59,55.9,1,0.0,0.7,1.0,7,35,7,4,43,Matches
628,Marco Jansen,jp JPN,MF,Getafe,es La Liga,25,1998,19.5,1129,1459,77.4,23957,6201,721,751,96.0,594,669,88.8,26,39,66.7,4,3.4,3.8,0.6,65,154,99,10,137,Matches
629,Oscar Sánchez,ch SUI,MF,Mallorca,es La Liga,29,1994,8.3,397,489,81.2,8122,3015,213,233,91.4,131,144,91.0,45,112,40.2,0,0.0,0.4,0.0,4,71,7,2,21,Matches
630,Karim Becker,es ESP,DF,Real Betis,es La Liga,19,2004,3.8,118,156,75.6,2437,987,55,58,94.8,46,59,78.0,30,39,76.9,0,0.0,0.0,0.0,0,11,0,0,10,Matches
631,Hugo Conti,es ESP,"FW,MF",Osasuna,es La Liga,23,2000,3.1,159,190,83.7,2927,1323,86,95,90.5,85,90,94.4,2,5,40.0,0,0.0,0.0,0.0,1,10,1,0,16,Matches
632,Adam Tanaka,no NOR,MF,Barcelona,es La Liga,24,1999,2.2,91,101,90.1,1956,665,45,48,93.8,39,41,95.1,7,12,58.3,0,0.0,0.0,0.0,4,9,6,2,9,Matches
633,Pedro Schmidt,dk DEN,"DF,MF",Real Sociedad,es La Liga,29,1994,9.0,439,535,82.1,6213,1612,240,259,92.7,222,248,89.5,23,28,82.1,0,0.0,0.0,0.0,3,51,4,0,36,Matches
634,Omar Conti,es ESP,MF,Rayo Vallecano,es La Liga,26,1997,7.3,376,436,86.2,7676,2668,180,184,97.8,151,181,83.4,31,71,43.7,0,0.0,0.1,0.0,1,42,2,0,36,Matches
635,Mason Walsh,se SWE,DF,Celta Vigo,es La Liga,30,1993,10.0,474,581,81.6,9143,2436,209,225,92.9,183,226,81.0,66,130,50.8,0,0.0,0.1,0.0,10,44,14,0,60,Matches
636,Noah Pereira,es ESP,DF,Valencia,es La Liga,17,2006,3.7,25,30,83.3,404,122,13,14,92.9,11,12,91.7,2,4,50.0,0,0.4,0.8,-0.4,2,2,2,1,3,Matches
637,Liam Hoffmann,co COL,MF,Almería,es La Liga,26,1997,5.1,335,363,92.3,5547,1871,150,153,98.0,99,109,90.8,56,101,55.4,0,1.2,1.3,-1.2,3,29,5,1,27,Matches
638,Sota Tanaka,hr CRO,MF,Getafe,es La Liga,32,1991,4.3,398,422,94.3,8359,2970,163,178,91.6,130,155,83.9,58,89,65.2,0,0.0,0.3,0.0,1,57,1,0,35,Matches
639,Maxime Martínez,hr CRO,"MF,FW",Mallorca,es La Liga,31,1992,6.9,438,462,94.8,8880,3135,182,194,93.8,124,144,86.1,80,124,64.5,0,0.0,0.4,0.0,8,45,10,1,29,Matches
640,Omar Silva,uy URU,DF,Girona,es La Liga,23,2000,7.6,133,165,80.6,2676,764,67,76,88.2,53,60,88.3,17,29,58.6,0,0.8,0.6,-0.8,6,16,5,3,15,Matches
641,Felix López,uy URU,DF,Almería,es La Liga,18,2005,8.7,195,274,71.2,3944,1271,101,105,96.2,102,137,74.5,15,32,46.9,1,0.3,0.3,0.7,4,23,6,1,24,Matches
642,Mason Weber,dk DEN,"MF,FW",Mallorca,es La Liga,25,1998,4.6,173,231,74.9,3427,1531,100,103,97.1,65,77,84.4,26,51,51.0,0,0.0,0.0,0.0,2,19,4,1,3,Matches
643,Karim Rossi,no NOR,FW,Osasuna,es La Liga,22,2001,6.1,247,356,69.4,4572,2009,124,142,87.3,106,127,83.5,51,87,58.6,0,0.0,0.1,0.0,4,27,3,1,26,Matches
644,Julien Hoffmann,nl NED,"MF,DF",Barcelona,es La Liga,27,1996,0.3,10,11,90.9,165,45,5,5,100.0,4,5,80.0,1,1,100.0,0,0.0,0.2,0.0,0,1,0,0,1,Matches
645,Milan Diallo,ma MAR,"DF,MF",Valencia,es La Liga,23,2000,4.7,115,139,82.7,2245,395,40,43,93.0,47,57,82.5,17,39,43.6,0,0.0,0.3,0.0,1,14,1,0,9,Matches
646,Adam Kovač,ma MAR,MF,Athletic Club,es La Liga,28,1995,6.2,239,290,82.4,4895,1616,123,131,93.9,94,104,90.4,36,55,65.5,0,0.6,0.7,-0.6,1,14,1,0,31,Matches
647,Jordan Traoré,es ESP,"MF,FW",Getafe,es La Liga,28,1995,13.4,611,761,80.3,10999,3478,331,351,94.3,275,298,92.3,86,112,76.8,1,0.9,0.6,0.1,8,44,8,4,44,Matches
648,Antoine Novak,at AUT,"DF,FW",Rayo Vallecano,es La Liga,34,1989,5.5,138,186,74.2,3144,1411,66,71,93.0,54,65,83.1,40,50,80.0,0,0.0,0.0,0.0,1,14,1,0,9,Matches
649,Daniel Ndiaye,it ITA,"MF,DF",Real Betis,es La Liga,30,1993,6.6,204,243,84.0,4172,1434,123,140,87.9,71,79,89.9,15,24,62.5,2,2.2,2.1,-0.2,19,17,24,3,24,Matches
650,Nuno Berg,jp JPN,GK,Real Betis,es La Liga,18,2005,6.5,342,462,74.0,6905,2409,185,205,90.2,141,147,95.9,77,110,70.0,0,0.0,0.1,0.0,7,44,13,0,43,Matches
651,Owen Weber,sn SEN,GK,Girona,es La Liga,21,2002,8.0,492,584,84.2,9238,3117,257,273,94.1,152,185,82.2,87,126,69.0,0,2.0,2.1,-2.0,5,56,5,1,51,Matches
652,Pedro Horvat,co COL,MF,Valladolid,es La Liga,31,1992,8.0,270,333,81.1,5778,1857,131,158,82.9,96,114,84.2,22,61,36.1,3,1.7,1.3,1.3,14,27,16,4,19,Matches
653,Sota Girard,es ESP,FW,Valencia,es La Liga,27,1996,9.8,271,302,89.7,5120,1486,139,156,89.1,90,110,81.8,24,36,66.7,0,0.9,0.9,-0.9,6,32,10,1,29,Matches
654,Samuel Bakker,at AUT,DF,Getafe,es La Liga,28,1995,8.0,407,450,90.4,9681,3135,168,186,90.3,139,166,83.7,65,98,66.3,1,1.1,0.2,-0.1,7,52,15,0,24,Matches
655,Mason Girard,dk DEN,MF,Real Betis,es La Liga,31,1992,8.4,505,538,93.9,7204,2713,208,211,98.6,131,156,84.0,78,171,45.6,1,0.0,0.0,1.0,2,27,3,0,55,Matches
656,Erik Conti,nl NED,DF,Girona,es La Liga,25,1998,7.1,160,211,75.8,3829,1799,81,90,90.0,72,77,93.5,24,44,54.5,0,0.6,1.0,-0.6,4,14,4,1,8,Matches
657,Javier Laurent,hr CRO,DF,Valencia,es La Liga,29,1994,13.3,367,504,72.8,7054,2496,191,213,89.7,148,188,78.7,63,103,61.2,0,0.3,0.3,-0.3,2,35,4,0,26,Matches
658,Pedro Conti,se SWE,"DF,MF",Cádiz,es La Liga,26,1997,13.3,529,579,91.4,7668,2588,217,241,90.0,223,274,81.4,39,64,60.9,0,0.0,0.0,0.0,10,50,21,7,50,Matches
659,Felix Cissé,uy URU,FW,Cádiz,es La Liga,28,1995,7.0,345,439,78.6,6897,2614,191,206,92.7,154,174,88.5,33,59,55.9,0,0.0,0.6,0.0,4,24,6,3,29,Matches
660,Leo Becker,dk DEN,GK,Osasuna,es La Liga,17,2006,10.7,502,666,75.4,8996,3098,313,339,92.3,279,330,84.5,0,0,,0,0.0,0.6,0.0,3,14,5,1,29,Matches
661,Adam Becker,fr FRA,"MF,FW",Atlético Madrid,es La Liga,35,1988,4.5,238,284,83.8,4598,1617,109,119,91.6,100,105,95.2,18,60,30.0,0,0.6,1.2,-0.6,3,38,2,1,21,Matches
662,Maxime El Amrani,co COL,DF,Cádiz,es La Liga,24,1999,20.7,807,1034,78.0,17300,6004,374,433,86.4,392,507,77.3,59,94,62.8,0,0.0,0.1,0.0,2,48,2,1,151,Matches
663,Antoine Martínez,no NOR,DF,Atlético Madrid,es La Liga,26,1997,10.3,511,673,75.9,10449,3451,281,282,99.6,297,334,88.9,21,57,36.8,0,0.0,0.0,0.0,5,34,9,3,52,Matches
664,Ryan Müller,sn SEN,DF,Elche,es La Liga,30,1993,10.6,269,373,72.1,5051,1798,171,202,84.7,102,115,88.7,30,56,53.6,1,3.0,3.1,-2.0,3,19,3,1,19,Matches
665,Lucas Conti,hr CRO,FW,Osasuna,es La Liga,29,1994,3.4,129,147,87.8,2421,1043,42,44,95.5,37,48,77.1,34,55,61.8,0,0.0,0.0,0.0,0,11,0,0,4,Matches
666,Connor Walsh,us USA,GK,Real Betis,es La Liga,21,2002,13.0,529,693,76.3,9680,4325,380,405,93.8,159,186,85.5,52,102,51.0,0,0.7,0.2,-0.7,0,96,0,0,59,Matches
667,Thomas Greco,br BRA,DF,Rayo Vallecano,es La Liga,25,1998,3.6,168,226,74.3,2958,653,75,82,91.5,76,88,86.4,40,56,71.4,0,0.3,0.0,-0.3,2,16,2,1,8,Matches
668,Felix Benali,fr FRA,MF,Rayo Vallecano,es La Liga,28,1995,22.9,836,943,88.7,17984,4373,438,486,90.1,261,307,85.0,67,150,44.7,2,3.0,2.5,-1.0,11,83,15,0,73,Matches
669,Diego El Amrani,ch SUI,GK,Getafe,es La Liga,26,1997,38.0,1840,2798,65.8,34662,12150,1276,1375,92.8,888,944,94.1,300,479,62.6,0,0.0,0.2,0.0,46,334,45,20,192,Matches
670,Rafael López,pl POL,DF,Girona,es La Liga,27,1996,23.2,966,1326,72.9,19956,8628,540,560,96.4,474,518,91.5,161,248,64.9,0,0.0,0.0,0.0,2,85,3,1,68,Matches
671,Samuel Yamamoto,br BRA,"FW,DF",Almería,es La Liga,24,1999,10.8,207,273,75.8,3995,772,102,120,85.0,119,129,92.2,15,24,62.5,0,0.7,0.0,-0.7,1,19,2,0,9,Matches
672,Luca Kowalski,de GER,"FW,MF",Villarreal,es La Liga,23,2000,3.8,111,136,81.6,1897,635,56,57,98.2,38,42,90.5,20,37,54.1,0,0.0,0.4,0.0,8,8,12,2,15,Matches
673,Lucas Schmidt,nl NED,FW,Almería,es La Liga,30,1993,10.5,509,649,78.4,10678,2338,304,323,94.1,194,215,90.2,71,111,64.0,0,0.2,0.3,-0.2,3,56,6,0,61,Matches
674,Luca Bakker,ma MAR,"DF,MF",Athletic Club,es La Liga,29,1994,28.5,1401,1509,92.8,30363,6782,631,693,91.1,503,589,85.4,113,227,49.8,1,1.8,2.4,-0.8,25,130,37,9,110,Matches
675,Daniel Moreau,ma MAR,"DF,MF",Almería,es La Liga,30,1993,5.0,273,313,87.2,5978,1959,166,174,95.4,117,118,99.2,14,21,66.7,1,0.0,0.0,1.0,7,32,13,0,37,Matches
676,Youssef Bianchi,be BEL,DF,Girona,es La Liga,28,1995,26.6,848,1074,79.0,16008,5697,553,599,92.3,504,543,92.8,0,0,,2,3.5,3.4,-1.5,27,101,42,7,42,Matches
677,Karim Benali,ar ARG,MF,Mallorca,es La Liga,25,1998,14.5,579,703,82.4,11293,4790,334,366,91.3,240,271,88.6,41,66,62.1,0,1.0,1.5,-1.0,19,73,17,0,48,Matches
678,Felix Lindqvist,jp JPN,DF,Cádiz,es La Liga,25,1998,6.7,137,174,78.7,2779,1185,75,76,98.7,53,67,79.1,18,31,58.1,1,0.0,0.0,1.0,11,19,15,3,15,Matches
679,Ibrahim Kowalski,uy URU,FW,Villarreal,es La Liga,24,1999,12.2,349,445,78.4,8104,2609,176,187,94.1,119,154,77.3,41,104,39.4,0,1.5,0.2,-1.5,5,39,8,1,36,Matches
680,Kevin Tanaka,no NOR,"DF,FW",Almería,es La Liga,32,1991,10.0,387,481,80.5,6957,2120,160,179,89.4,218,243,89.7,36,59,61.0,0,0.0,0.0,0.0,5,32,8,4,32,Matches
681,Jonas Wright,se SWE,"FW,MF",Athletic Club,es La Liga,20,2003,1.8,74,84,88.1,1327,458,30,35,85.7,27,33,81.8,8,16,50.0,1,0.3,0.0,0.7,2,11,3,0,4,Matches
682,Karim Wright,ma MAR,DF,Elche,es La Liga,31,1992,1.1,63,84,75.0,1481,259,38,42,90.5,26,31,83.9,7,11,63.6,1,1.9,1.7,-0.9,1,6,2,0,4,Matches
683,Yusuf Conti,es ESP,FW,Almería,es La Liga,29,1994,14.6,413,519,79.6,7023,3235,212,241,88.0,193,224,86.2,18,54,33.3,0,2.3,2.0,-2.3,1,19,2,0,35,Matches
684,Sota Lindqvist,pt POR,DF,Real Sociedad,es La Liga,24,1999,1.0,27,35,77.1,466,142,15,17,88.2,13,14,92.9,2,4,50.0,0,0.1,0.2,-0.1,2,3,5,1,4,Matches
685,Callum Andersson,ch SUI,FW,Athletic Club,es La Liga,30,1993,13.6,354,439,80.6,6668,1370,187,196,95.4,174,199,87.4,27,44,61.4,1,1.7,1.4,-0.7,10,52,13,0,24,Matches
686,Leo Bianchi,ma MAR,DF,Sevilla,es La Liga,19,2004,4.0,143,158,90.5,3663,1172,58,65,89.2,45,56,80.4,20,37,54.1,0,1.8,1.5,-1.8,3,15,5,1,20,Matches
687,Iker Rossi,uy URU,"DF,MF",Villarreal,es La Liga,33,1990,6.5,362,400,90.5,8174,2331,175,186,94.1,134,169,79.3,27,45,60.0,1,0.8,0.2,0.2,3,45,4,1,35,Matches
688,Milan Ndiaye,de GER,"DF,MF",Osasuna,es La Liga,23,2000,2.6,149,164,90.9,3138,1974,46,50,92.0,40,44,90.9,43,70,61.4,0,0.0,0.4,0.0,6,14,9,1,9,Matches
689,Finn Tanaka,sn SEN,"DF,FW",Valladolid,es La Liga,21,2002,6.9,243,294,82.7,4664,2346,119,122,97.5,100,118,84.7,31,54,57.4,0,0.0,0.0,0.0,5,9,7,1,12,Matches
690,Antoine Cissé,uy URU,FW,Valencia,es La Liga,28,1995,10.3,272,337,80.7,6967,2965,111,119,93.3,141,163,86.5,27,55,49.1,0,0.0,0.0,0.0,3,31,4,1,25,Matches
691,Pedro Jansen,nl NED,DF,Getafe,es La Liga,33,1990,6.8,281,360,78.1,4979,1341,185,190,97.4,128,152,84.2,11,18,61.1,0,0.0,0.4,0.0,2,18,4,0,12,Matches
692,Jonas Sánchez,be BEL,GK,Rayo Vallecano,es La Liga,22,2001,18.1,636,982,64.8,13492,5221,433,486,89.1,413,468,88.2,14,28,50.0,1,1.5,1.2,-0.5,16,33,20,7,52,Matches
693,Leo Barnes,no NOR,DF,Valencia,es La Liga,25,1998,10.8,429,572,75.0,9768,4194,280,303,92.4,208,227,91.6,30,42,71.4,1,2.4,2.7,-1.4,3,34,6,0,34,Matches
694,João Pereira,se SWE,DF,Girona,es La Liga,22,2001,3.4,119,177,67.2,2039,639,71,77,92.2,42,49,85.7,24,51,47.1,1,0.2,0.0,0.8,5,12,5,0,15,Matches
695,Leo Dubois,rs SRB,MF,Rayo Vallecano,es La Liga,32,1991,4.2,203,250,81.2,3966,1328,120,126,95.2,84,96,87.5,11,28,39.3,0,0.0,0.7,0.0,1,21,1,1,14,Matches
696,Callum Schmidt,eng ENG,MF,Sevilla,es La Liga,30,1993,12.2,706,804,87.8,15054,3547,355,387,91.7,232,266,87.2,106,151,70.2,0,0.0,0.6,0.0,13,52,20,3,34,Matches
697,João Diallo,ar ARG,MF,Rayo Vallecano,es La Liga,23,2000,6.8,257,314,81.8,5190,1488,152,157,96.8,103,120,85.8,25,37,67.6,0,0.0,0.0,0.0,10,32,23,5,28,Matches
698,Karim El Amrani,eng ENG,GK,Real Betis,es La Liga,31,1992,18.2,793,1224,64.8,13087,6015,565,565,100.0,331,386,85.8,146,273,53.5,0,0.0,0.1,0.0,4,40,6,2,57,Matches
699,Bruno Fischer,hr CRO,DF,Osasuna,es La Liga,31,1992,3.9,98,134,73.1,1999,853,47,52,90.4,35,39,89.7,37,43,86.0,0,0.8,0.9,-0.8,2,12,4,1,13,Matches
700,Marco Barnes,pl POL,"DF,MF",Espanyol,es La Liga,21,2002,8.1,423,493,85.8,7698,2945,227,241,94.2,156,185,84.3,34,67,50.7,0,0.0,0.0,0.0,3,44,5,0,44,Matches
701,Oscar Petit,be BEL,MF,Espanyol,es La Liga,24,1999,4.1,217,236,91.9,4338,1200,101,107,94.4,60,73,82.2,21,56,37.5,0,0.0,0.4,0.0,1,14,2,0,25,Matches
702,Diego Ndiaye,be BEL,FW,Girona,es La Liga,26,1997,10.3,230,307,74.9,4283,1097,179,197,90.9,102,114,89.5,0,0,,2,1.5,0.8,0.5,10,10,20,2,28,Matches
703,Iker Sánchez,ma MAR,FW,Elche,es La Liga,29,1994,9.7,304,358,84.9,5625,2490,172,184,93.5,106,127,83.5,22,47,46.8,0,0.0,0.0,0.0,2,29,3,0,39,Matches
704,Jordan Petit,jp JPN,FW,Atlético Madrid,es La Liga,32,1991,3.1,126,157,80.3,2445,1086,56,62,90.3,55,60,91.7,17,35,48.6,0,0.2,0.5,-0.2,1,14,2,0,19,Matches
705,Lucas Murphy,ma MAR,DF,Barcelona,es La Liga,28,1995,5.8,220,320,68.8,5041,1814,153,163,93.9,102,117,87.2,23,40,57.5,0,0.0,0.0,0.0,1,18,1,0,10,Matches
706,Yusuf Gómez,se SWE,DF,Real Sociedad,es La Liga,28,1995,2.4,95,109,87.2,1786,667,58,61,95.1,33,38,86.8,6,10,60.0,0,0.6,0.0,-0.6,1,13,2,0,5,Matches
707,Samuel Horvat,it ITA,FW,Villarreal,es La Liga,26,1997,7.2,201,275,73.1,3766,1180,102,109,93.6,87,109,79.8,31,57,54.4,0,0.2,0.1,-0.2,1,12,2,0,8,Matches
708,Emil Costa,eng ENG,DF,Valencia,es La Liga,28,1995,12.9,515,594,86.7,10589,3492,223,233,95.7,173,199,86.9,94,162,58.0,1,0.0,0.3,1.0,6,54,5,3,51,Matches
709,Felix Greco,uy URU,GK,Almería,es La Liga,25,1998,10.7,509,683,74.5,8913,1679,327,359,91.1,265,302,87.7,14,22,63.6,3,3.2,3.5,-0.2,20,25,31,11,52,Matches
710,Stefan Hansen,eng ENG,"FW,MF",Real Sociedad,es La Liga,28,1995,17.2,913,1048,87.1,12415,4970,490,512,95.7,350,407,86.0,63,129,48.8,2,1.6,1.0,0.4,18,67,18,13,102,Matches
711,Thomas Petit,se SWE,DF,Cádiz,es La Liga,27,1996,10.5,406,528,76.9,7026,2459,235,259,90.7,180,196,91.8,35,73,47.9,1,0.8,1.3,0.2,12,35,19,4,29,Matches
712,Hugo Diallo,ma MAR,"MF,DF",Getafe,es La Liga,29,1994,3.9,188,224,83.9,3478,1149,98,98,100.0,62,73,84.9,28,53,52.8,0,0.0,0.0,0.0,7,17,15,3,27,Matches
713,Oscar Gómez,uy URU,MF,Celta Vigo,es La Liga,21,2002,18.8,1072,1267,84.6,19299,6053,587,640,91.7,360,433,83.1,126,194,64.9,3,3.8,3.2,-0.8,16,59,38,15,69,Matches
714,Yusuf Martínez,be BEL,FW,Getafe,es La Liga,23,2000,7.3,278,366,76.0,5695,2524,154,163,94.5,137,137,100.0,38,66,57.6,0,0.0,0.0,0.0,2,23,3,1,30,Matches
715,Iker Byrne,jp JPN,DF,Sevilla,es La Liga,27,1996,6.1,188,207,90.8,4128,1197,96,101,95.0,66,82,80.5,16,24,66.7,0,1.1,1.5,-1.1,0,26,0,0,20,Matches
716,Yusuf Martínez,ch SUI,DF,Espanyol,es La Liga,23,2000,10.4,234,338,69.2,4589,1552,129,138,93.5,84,85,98.8,65,115,56.5,0,0.0,0.2,0.0,7,25,16,2,23,Matches
717,Sergio Murphy,sn SEN,"DF,FW",Barcelona,es La Liga,24,1999,17.7,838,1065,78.7,15331,6063,439,458,95.9,347,407,85.3,94,200,47.0,1,2.1,2.4,-1.1,5,65,7,2,87,Matches
718,Callum Hansen,de GER,"DF,FW",Rayo Vallecano,es La Liga,26,1997,9.0,200,252,79.4,4976,1858,117,123,95.1,81,101,80.2,14,28,50.0,2,2.2,2.4,-0.2,6,28,5,4,23,Matches
719,Lucas Santos,de GER,DF,Real Madrid,es La Liga,16,2007,7.6,335,402,83.3,6824,2435,185,191,96.9,139,152,91.4,39,59,66.1,4,4.9,4.3,-0.9,13,19,30,6,35,Matches
720,Samuel Murphy,sn SEN,MF,Celta Vigo,es La Liga,17,2006,8.9,411,472,87.1,8523,3142,135,165,81.8,153,171,89.5,69,136,50.7,4,3.4,2.9,0.6,24,35,39,8,27,Matches
721,Julien Traoré,dk DEN,"MF,FW",Valladolid,es La Liga,22,2001,4.3,209,248,84.3,4188,1128,97,101,96.0,89,92,96.7,28,55,50.9,0,1.8,1.9,-1.8,1,16,1,0,11,Matches
722,Finn Doyle,dk DEN,MF,Athletic Club,es La Liga,24,1999,38.0,1481,1762,84.1,22559,7335,647,719,90.0,518,635,81.6,292,408,71.6,1,1.1,1.0,-0.1,25,90,22,6,30,Matches
723,Felix Berg,se SWE,DF,Real Madrid,es La Liga,20,2003,16.6,259,332,78.0,5177,1615,164,179,91.6,99,109,90.8,25,44,56.8,3,4.4,5.0,-1.4,18,47,17,2,21,Matches
724,Kevin Hughes,ch SUI,DF,Girona,es La Liga,21,2002,7.4,285,350,81.4,4792,2152,144,154,93.5,99,106,93.4,59,90,65.6,0,0.4,1.0,-0.4,5,30,5,1,22,Matches
725,Pablo López,co COL,MF,Villarreal,es La Liga,23,2000,29.4,1166,1400,83.3,19841,6174,589,675,87.3,484,536,90.3,124,189,65.6,2,1.1,0.8,0.9,24,56,26,6,130,Matches
726,David Silva,us USA,MF,Athletic Club,es La Liga,30,1993,16.5,810,944,85.8,15439,6996,372,394,94.4,319,347,91.9,158,203,77.8,3,4.7,4.5,-1.7,21,123,25,1,65,Matches
727,Takumi Fischer,pt POR,DF,Barcelona,es La Liga,24,1999,27.4,1471,1957,75.2,23673,7120,947,1080,87.7,653,712,91.7,101,165,61.2,0,0.0,0.2,0.0,6,141,8,4,81,Matches
728,Viktor Costa,sn SEN,DF,Valladolid,es La Liga,26,1997,13.2,440,544,80.9,10104,4072,239,260,91.9,202,219,92.2,44,65,67.7,0,0.0,0.0,0.0,4,47,2,2,49,Matches
729,Youssef Tanaka,uy URU,MF,Real Betis,es La Liga,34,1989,3.9,141,171,82.5,2749,1063,74,81,91.4,43,53,81.1,22,37,59.5,0,0.2,0.4,-0.2,3,7,2,1,12,Matches
730,Pablo Murphy,fr FRA,GK,Almería,es La Liga,36,1987,5.1,323,457,70.7,6313,2132,175,203,86.2,154,168,91.7,40,86,46.5,0,1.0,1.0,-1.0,4,29,3,1,62,Matches
731,João Diallo,pt POR,GK,Athletic Club,es La Liga,16,2007,10.8,674,949,71.0,11654,2296,398,425,93.6,240,271,88.6,143,253,56.5,2,2.2,2.6,-0.2,4,38,7,2,50,Matches
732,David Conti,ar ARG,FW,Atlético Madrid,es La Liga,21,2002,28.9,452,546,82.8,9498,4572,249,259,96.1,162,180,90.0,72,107,67.3,0,0.0,0.5,0.0,6,39,4,1,42,Matches
733,Bruno Yamamoto,nl NED,MF,Almería,es La Liga,33,1990,22.5,1026,1246,82.3,16862,7847,591,593,99.7,363,435,83.4,111,218,50.9,4,3.5,3.4,0.5,40,119,62,7,127,Matches
734,Thomas Schmidt,co COL,FW,Almería,es La Liga,19,2004,8.0,273,337,81.0,5149,2134,117,136,86.0,120,146,82.2,25,55,45.5,0,2.5,2.5,-2.5,4,18,4,2,26,Matches
735,Yusuf Andersson,be BEL,FW,Osasuna,es La Liga,29,1994,3.2,116,137,84.7,2091,559,71,78,91.0,48,58,82.8,1,1,100.0,0,0.0,0.0,0.0,0,15,0,0,5,Matches
736,Nicolas Costa,it ITA,"FW,DF",Elche,es La Liga,28,1995,18.4,871,1118,77.9,20356,4658,460,478,96.2,242,309,78.3,187,331,56.5,1,0.0,0.5,1.0,8,109,12,4,80,Matches
737,Kevin Murphy,de GER,"FW,MF",Elche,es La Liga,18,2005,9.0,524,565,92.7,12896,3546,301,326,92.3,233,260,89.6,0,0,,1,0.4,0.4,0.6,18,68,27,7,55,Matches
738,Anton Tanaka,uy URU,MF,Villarreal,es La Liga,20,2003,4.7,157,173,90.8,2523,1099,63,71,88.7,52,52,100.0,27,50,54.0,1,2.8,3.4,-1.8,12,11,19,6,19,Matches
739,Sergio Gómez,hr CRO,DF,Real Madrid,es La Liga,23,2000,10.5,304,361,84.2,5857,1964,123,134,91.8,128,153,83.7,28,74,37.8,0,0.8,0.6,-0.8,6,31,4,2,10,Matches
740,Omar Sánchez,es ESP,DF,Girona,es La Liga,32,1991,9.5,405,485,83.5,8127,3252,240,242,99.2,178,202,88.1,26,41,63.4,1,1.6,1.3,-0.6,7,41,10,3,42,Matches
741,Finn Benali,fr FRA,MF,Girona,es La Liga,26,1997,3.1,97,119,81.5,1617,577,49,49,100.0,30,34,88.2,21,36,58.3,0,0.2,0.0,-0.2,1,6,2,1,8,Matches
742,Nicolas Diallo,nl NED,"FW,MF",Elche,es La Liga,27,1996,5.9,205,252,81.3,3804,1321,115,124,92.7,83,95,87.4,16,33,48.5,1,1.9,2.3,-0.9,11,16,16,4,23,Matches
743,Maxime Horvat,eng ENG,"DF,FW",Valencia,es La Liga,23,2000,12.1,521,638,81.7,11609,5173,241,277,87.0,209,241,86.7,74,120,61.7,0,0.0,0.1,0.0,13,26,12,3,47,Matches
744,Hugo Sánchez,ma MAR,"MF,FW",Espanyol,es La Liga,29,1994,10.7,455,571,79.7,6964,2388,239,250,95.6,192,205,93.7,49,116,42.2,1,2.8,2.8,-1.8,16,39,14,4,42,Matches
745,Luca Schmidt,se SWE,FW,Rayo Vallecano,es La Liga,23,2000,14.9,831,1027,80.9,16029,5273,404,424,95.3,393,407,96.6,115,196,58.7,1,1.3,1.5,-0.3,9,63,16,3,59,Matches
746,Viktor Müller,be BEL,FW,Valencia,es La Liga,28,1995,6.3,220,313,70.3,4179,1417,126,136,92.6,89,99,89.9,60,78,76.9,0,0.0,0.9,0.0,3,10,3,2,23,Matches
747,Julien Clarke,be BEL,DF,Athletic Club,es La Liga,29,1994,6.3,256,337,76.0,4531,2214,136,149,91.3,107,121,88.4,53,67,79.1,0,0.0,0.0,0.0,4,38,9,1,21,Matches
748,Youssef Ferrari,co COL,MF,Athletic Club,es La Liga,22,2001,5.1,161,197,81.7,2919,757,76,84,90.5,46,59,78.0,25,54,46.3,0,0.3,0.5,-0.3,13,13,26,6,9,Matches
749,Leo Wright,se SWE,MF,Real Sociedad,es La Liga,29,1994,2.3,76,86,88.4,1501,601,37,39,94.9,31,35,88.6,6,12,50.0,0,0.4,0.2,-0.4,3,9,3,1,4,Matches
750,Pedro Fernández,co COL,"MF,FW",Getafe,es La Liga,32,1991,4.8,274,303,90.4,4524,1524,123,131,93.9,87,110,79.1,39,62,62.9,0,0.3,0.0,-0.3,3,36,1,1,26,Matches
751,Takumi Hansen,uy URU,"MF,FW",Real Madrid,es La Liga,24,1999,15.0,997,1104,90.3,21960,5701,471,490,96.1,385,453,85.0,95,161,59.0,1,1.7,2.0,-0.7,9,70,13,5,92,Matches
752,João Laurent,ch SUI,DF,Celta Vigo,es La Liga,26,1997,9.1,339,417,81.3,7455,3111,159,166,95.8,151,170,88.8,56,81,69.1,0,0.5,0.4,-0.5,13,46,20,3,25,Matches
753,Youssef Larsen,at AUT,MF,Mallorca,es La Liga,21,2002,4.1,218,281,77.6,4911,1231,137,144,95.1,127,135,94.1,1,2,50.0,0,0.0,0.3,0.0,8,22,16,5,18,Matches
754,Ryan Nielsen,it ITA,FW,Real Sociedad,es La Liga,31,1992,20.3,770,974,79.1,16793,6976,507,535,94.8,259,301,86.0,103,138,74.6,0,0.0,0.5,0.0,3,85,5,0,57,Matches
755,Oscar Jansen,uy URU,GK,Atlético Madrid,es La Liga,33,1990,4.2,215,324,66.4,4273,1868,150,165,90.9,91,109,83.5,36,50,72.0,0,0.0,0.3,0.0,3,17,6,1,21,Matches
756,Omar Doyle,eng ENG,FW,Getafe,es La Liga,33,1990,9.0,256,313,81.8,5597,2877,122,131,93.1,125,135,92.6,34,47,72.3,2,0.8,1.1,1.2,7,25,13,1,16,Matches
757,João Conti,es ESP,FW,Barcelona,es La Liga,22,2001,4.0,69,92,75.0,1201,498,38,43,88.4,37,42,88.1,4,7,57.1,0,0.7,0.4,-0.7,1,8,2,0,7,Matches
758,David Tanaka,rs SRB,DF,Almería,es La Liga,24,1999,3.7,133,167,79.6,1770,599,71,74,95.9,44,52,84.6,24,41,58.5,0,0.0,0.0,0.0,1,14,1,0,14,Matches
759,Omar Andersson,ar ARG,MF,Villarreal,es La Liga,19,2004,6.3,296,351,84.3,5913,824,159,173,91.9,119,124,96.0,37,54,68.5,1,0.0,0.0,1.0,8,29,11,1,41,Matches
760,Nuno Moreau,co COL,DF,Celta Vigo,es La Liga,25,1998,12.4,483,609,79.3,7629,3486,274,302,90.7,201,224,89.7,48,83,57.8,0,1.2,1.0,-1.2,9,48,13,1,55,Matches
761,Finn Wright,de GER,DF,Athletic Club,es La Liga,28,1995,8.6,327,371,88.1,6789,2209,187,193,96.9,120,148,81.1,17,30,56.7,0,0.7,0.4,-0.7,3,25,3,2,42,Matches
762,Emil Wagner,jp JPN,"FW,MF",Real Sociedad,es La Liga,29,1994,14.7,850,880,96.6,14431,4030,414,441,93.9,305,390,78.2,25,49,51.0,0,0.4,0.0,-0.4,5,43,8,2,66,Matches
763,João Kowalski,ar ARG,"DF,MF",Cádiz,es La Liga,16,2007,8.1,411,485,84.7,7963,2484,236,236,100.0,124,146,84.9,61,103,59.2,0,0.0,0.0,0.0,5,41,5,1,40,Matches
764,Rafael Walsh,de GER,GK,Real Sociedad,es La Liga,26,1997,11.2,567,685,82.8,10748,4707,281,312,90.1,247,296,83.4,39,77,50.6,0,0.0,0.0,0.0,11,29,18,0,43,Matches
765,Nuno Kowalski,uy URU,FW,Athletic Club,es La Liga,29,1994,1.5,62,73,84.9,1176,325,25,26,96.2,19,20,95.0,17,27,63.0,0,0.0,0.0,0.0,1,8,2,1,3,Matches
766,Nuno Bianchi,pl POL,MF,Osasuna,es La Liga,31,1992,11.2,371,393,94.4,8186,2879,193,203,95.1,121,136,89.0,31,54,57.4,1,0.9,1.7,0.1,7,30,7,1,40,Matches
767,Emil Silva,br BRA,"MF,DF",Getafe,es La Liga,24,1999,9.4,344,382,90.1,5748,1838,155,164,94.5,113,134,84.3,48,84,57.1,0,0.1,0.0,-0.1,7,32,12,5,50,Matches
768,Milan Benali,se SWE,GK,Atlético Madrid,es La Liga,30,1993,9.9,414,608,68.1,7914,2820,237,252,94.0,221,245,90.2,68,111,61.3,0,0.6,0.6,-0.6,4,32,7,1,35,Matches
769,Luca Silva,uy URU,DF,Valladolid,es La Liga,18,2005,2.7,116,147,78.9,2287,878,78,85,91.8,43,54,79.6,6,8,75.0,0,0.8,0.2,-0.8,1,14,0,1,8,Matches
770,Samuel Conti,nl NED,"DF,MF",Athletic Club,es La Liga,22,2001,17.3,774,873,88.7,15090,4740,379,419,90.5,244,273,89.4,70,181,38.7,3,2.4,2.7,0.6,20,93,22,10,89,Matches
771,Emil Silva,dk DEN,"FW,MF",Valencia,es La Liga,26,1997,1.3,72,89,80.9,1172,366,39,41,95.1,32,35,91.4,5,13,38.5,1,1.1,0.9,-0.1,2,7,3,0,7,Matches
772,Anton Laurent,hr CRO,DF,Villarreal,es La Liga,27,1996,18.2,645,784,82.3,12392,3066,306,329,93.0,204,235,86.8,100,220,45.5,0,0.0,0.0,0.0,9,113,16,4,32,Matches
773,David Becker,se SWE,"FW,MF",Atlético Madrid,es La Liga,20,2003,3.5,142,175,81.1,2405,1029,65,69,94.2,66,70,94.3,26,36,72.2,0,0.0,0.3,0.0,2,18,4,0,16,Matches
774,Ryan Müller,nl NED,MF,Barcelona,es La Liga,17,2006,10.8,575,721,79.8,11325,2517,396,411,96.4,165,191,86.4,53,119,44.5,0,1.3,1.5,-1.3,7,63,9,2,52,Matches
775,Iker Yamamoto,ar ARG,"FW,MF",Athletic Club,es La Liga,23,2000,6.8,434,495,87.7,7882,1282,158,162,97.5,242,245,98.8,40,88,45.5,1,0.5,0.1,0.5,6,37,5,1,8,Matches
776,Samuel Pereira,be BEL,FW,Valencia,es La Liga,25,1998,8.3,354,405,87.4,7337,1646,182,200,91.0,149,181,82.3,14,24,58.3,0,0.2,0.5,-0.2,3,48,3,0,29,Matches
777,Felix Santos,hr CRO,DF,Rayo Vallecano,es La Liga,29,1994,9.0,377,482,78.2,6830,3402,190,222,85.6,202,242,83.5,10,18,55.6,1,0.1,0.1,0.9,4,22,6,2,33,Matches
778,Luca Novak,de GER,MF,Valencia,es La Liga,32,1991,8.0,344,399,86.2,7600,2818,170,198,85.9,92,114,80.7,42,87,48.3,2,1.2,1.5,0.8,28,45,64,14,23,Matches
779,Youssef Yamamoto,be BEL,GK,Valencia,es La Liga,26,1997,4.0,266,322,82.6,5322,1022,152,158,96.2,133,138,96.4,15,26,57.7,0,1.5,2.0,-1.5,2,16,2,1,32,Matches
780,Leo Costa,ar ARG,DF,Osasuna,es La Liga,30,1993,9.6,314,451,69.6,5324,1814,263,302,87.1,174,186,93.5,0,0,,0,1.6,0.8,-1.6,3,37,7,1,31,Matches
781,Erik Horvat,no NOR,MF,Celta Vigo,es La Liga,28,1995,5.0,305,375,81.3,5622,1334,141,165,85.5,137,160,85.6,30,50,60.0,0,0.7,0.7,-0.7,2,29,2,0,17,Matches
782,Pedro Bakker,co COL,DF,Real Sociedad,es La Liga,30,1993,4.2,148,200,74.0,3185,1033,84,92,91.3,63,69,91.3,16,39,41.0,0,0.0,0.0,0.0,2,11,6,1,12,Matches
783,Connor Rizzo,jp JPN,"MF,FW",Villarreal,es La Liga,33,1990,2.3,115,143,80.4,2210,855,64,67,95.5,48,60,80.0,9,16,56.2,0,0.0,0.2,0.0,1,10,1,0,10,Matches
784,Elias Becker,fr FRA,FW,Girona,es La Liga,28,1995,2.4,96,129,74.4,2009,523,51,54,94.4,37,38,97.4,20,37,54.1,0,0.0,0.0,0.0,1,11,2,0,7,Matches
785,Pedro Bakker,be BEL,FW,Rayo Vallecano,es La Liga,26,1997,13.9,291,382,76.2,5775,2436,173,177,97.7,106,120,88.3,47,85,55.3,0,0.0,0.7,0.0,7,29,9,5,31,Matches
786,Callum Murphy,rs SRB,"FW,MF",Real Betis,es La Liga,25,1998,6.8,298,350,85.1,6314,2683,136,155,87.7,87,100,87.0,49,95,51.6,0,0.0,0.4,0.0,4,15,6,1,40,Matches
787,Emil Fernández,es ESP,"DF,FW",Valladolid,es La Liga,25,1998,10.9,256,340,75.3,4419,2170,131,135,97.0,113,122,92.6,43,83,51.8,0,0.0,0.0,0.0,15,29,20,3,37,Matches
788,Emil Martínez,us USA,FW,Rayo Vallecano,es La Liga,28,1995,8.5,348,463,75.2,8274,3653,196,219,89.5,158,184,85.9,39,60,65.0,0,0.0,0.0,0.0,3,53,4,1,16,Matches
789,Rafael Larsen,ma MAR,"DF,MF",Barcelona,es La Liga,17,2006,2.3,120,139,86.3,2531,769,59,64,92.2,47,50,94.0,13,25,52.0,0,0.0,0.0,0.0,1,7,1,0,18,Matches
790,Ibrahim Bakker,fr FRA,MF,Real Betis,es La Liga,25,1998,4.7,305,390,78.2,5866,1690,180,188,95.7,128,147,87.1,29,55,52.7,0,0.0,0.0,0.0,8,39,8,1,27,Matches
791,Diego Conti,uy URU,GK,Sevilla,es La Liga,31,1992,14.1,641,1035,61.9,14507,4304,426,453,94.0,381,473,80.5,57,109,52.3,2,0.2,0.1,1.8,9,66,9,5,63,Matches
792,Mason Petit,uy URU,FW,Villarreal,es La Liga,24,1999,9.8,308,370,83.2,5228,2081,156,165,94.5,129,140,92.1,35,65,53.8,1,0.0,0.1,1.0,7,24,7,5,29,Matches
793,Owen Byrne,it ITA,MF,Real Betis,es La Liga,22,2001,1.9,130,146,89.0,2261,767,58,66,87.9,58,66,87.9,10,14,71.4,1,0.0,0.1,1.0,3,8,2,2,11,Matches
794,Karim El Amrani,fr FRA,"MF,FW",Barcelona,es La Liga,20,2003,17.9,1059,1221,86.7,23577,6970,636,655,97.1,391,440,88.9,97,126,77.0,6,6.4,6.1,-0.4,31,95,21,5,128,Matches
795,Mason Costa,co COL,MF,Valencia,es La Liga,26,1997,9.5,523,612,85.5,10203,3168,254,269,94.4,204,243,84.0,61,100,61.0,0,0.0,0.0,0.0,4,47,7,3,74,Matches
796,Callum Conti,hr CRO,FW,Atlético Madrid,es La Liga,26,1997,6.6,263,363,72.5,4511,1260,112,120,93.3,125,147,85.0,56,96,58.3,0,0.0,0.5,0.0,1,28,2,0,13,Matches
797,Javier Dubois,br BRA,"DF,FW",Sevilla,es La Liga,23,2000,14.7,649,822,79.0,13708,4144,325,348,93.4,349,401,87.0,65,73,89.0,3,2.7,1.6,0.3,28,57,42,19,64,Matches
798,Viktor Wright,hr CRO,FW,Valladolid,es La Liga,25,1998,28.8,976,1107,88.2,21632,8339,439,492,89.2,453,536,84.5,45,79,57.0,0,0.0,0.0,0.0,7,95,8,2,125,Matches
799,Théo Yamamoto,dk DEN,DF,Mallorca,es La Liga,33,1990,23.3,714,885,80.7,13933,6079,325,358,90.8,253,289,87.5,164,238,68.9,0,0.7,0.9,-0.7,8,54,8,3,88,Matches
800,Yusuf Diallo,pl POL,DF,Girona,es La Liga,25,1998,3.0,88,110,80.0,1963,738,35,37,94.6,38,41,92.7,22,32,68.8,0,0.0,0.4,0.0,3,11,5,1,9,Matches
801,Rafael Murphy,be BEL,DF,Espanyol,es La Liga,22,2001,4.7,134,190,70.5,2683,762,82,87,94.3,62,72,86.1,17,31,54.8,0,0.0,0.0,0.0,2,8,3,1,10,Matches
802,Adam Moreau,it ITA,MF,Espanyol,es La Liga,29,1994,7.4,306,385,79.5,5384,1960,128,144,88.9,103,116,88.8,91,125,72.8,2,1.8,1.5,0.2,13,34,28,5,13,Matches
803,Iker Hoffmann,ch SUI,MF,Rayo Vallecano,es La Liga,25,1998,19.2,850,910,93.4,14139,5748,512,532,96.2,337,396,85.1,0,0,,2,3.2,3.2,-1.2,15,76,18,7,59,Matches
804,Nuno El Amrani,at AUT,FW,Villarreal,es La Liga,25,1998,2.5,86,108,79.6,1082,353,40,42,95.2,27,33,81.8,21,33,63.6,0,1.5,2.3,-1.5,4,9,5,1,6,Matches
805,Maxime Bakker,es ESP,MF,Villarreal,es La Liga,32,1991,10.1,464,568,81.7,7455,3072,208,231,90.0,170,187,90.9,87,150,58.0,0,0.0,0.0,0.0,4,64,5,1,37,Matches
806,Samuel Santos,fr FRA,MF,Almería,es La Liga,28,1995,5.8,254,291,87.3,4437,1456,129,138,93.5,99,117,84.6,21,36,58.3,0,0.0,0.3,0.0,6,31,2,1,13,Matches
807,Noah Schmidt,rs SRB,FW,Celta Vigo,es La Liga,30,1993,19.2,433,561,77.2,8002,3273,223,244,91.4,206,226,91.2,39,91,42.9,0,0.7,1.8,-0.7,20,34,36,1,36,Matches
808,Hugo Kowalski,uy URU,GK,Barcelona,es La Liga,27,1996,5.3,241,374,64.4,5006,2191,129,133,97.0,136,143,95.1,54,98,55.1,0,0.0,0.0,0.0,4,12,6,2,9,Matches
809,Sota Fischer,ch SUI,DF,Mallorca,es La Liga,19,2004,13.4,599,765,78.3,9391,3507,264,291,90.7,277,300,92.3,142,174,81.6,1,1.3,1.8,-0.3,21,92,25,2,54,Matches
810,Marco Fischer,jp JPN,DF,Espanyol,es La Liga,21,2002,6.0,109,144,75.7,2186,782,71,82,86.6,51,54,94.4,5,8,62.5,0,0.2,0.5,-0.2,3,15,5,1,7,Matches
811,Nicolas Greco,be BEL,"DF,MF",Rayo Vallecano,es La Liga,25,1998,7.8,310,394,78.7,5531,1874,181,210,86.2,146,165,88.5,11,19,57.9,0,0.0,0.1,0.0,9,29,11,3,29,Matches
812,Sota Cissé,co COL,DF,Athletic Club,es La Liga,22,2001,12.8,353,460,76.7,7026,2535,164,176,93.2,145,176,82.4,67,108,62.0,1,0.0,0.3,1.0,2,29,2,1,16,Matches
813,Jordan Weber,no NOR,GK,Celta Vigo,es La Liga,17,2006,4.4,189,238,79.4,3710,969,76,87,87.4,59,76,77.6,43,75,57.3,1,2.2,1.9,-1.2,4,17,4,1,14,Matches
814,Samuel Rossi,jp JPN,FW,Espanyol,es La Liga,19,2004,4.9,192,234,82.1,4241,1817,86,90,95.6,94,102,92.2,30,42,71.4,0,0.0,0.2,0.0,4,21,7,2,14,Matches
815,Luca Petit,sn SEN,DF,Real Betis,es La Liga,24,1999,12.3,623,819,76.1,10097,4141,345,364,94.8,242,267,90.6,116,188,61.7,0,0.0,0.0,0.0,11,39,14,6,83,Matches
816,Emil Bianchi,nl NED,FW,Valladolid,es La Liga,27,1996,17.4,577,765,75.4,11105,4300,367,408,90.0,361,397,90.9,0,0,,1,2.1,2.0,-1.1,17,33,14,9,43,Matches
817,João Tanaka,nl NED,DF,Real Madrid,es La Liga,27,1996,5.8,82,110,74.5,1667,450,54,59,91.5,37,42,88.1,4,9,44.4,0,0.4,0.1,-0.4,6,13,12,2,10,Matches
818,Andrés Jansen,ma MAR,"MF,DF",Cádiz,es La Liga,27,1996,18.2,979,1113,88.0,19328,6535,480,536,89.6,334,395,84.6,78,182,42.9,1,2.1,1.9,-1.1,31,85,37,0,91,Matches
819,Anton Berg,at AUT,MF,Almería,es La Liga,27,1996,7.0,389,453,85.9,7058,1691,171,180,95.0,195,236,82.6,21,37,56.8,0,0.0,0.2,0.0,3,46,4,2,43,Matches
820,Jonas Nowak,pl POL,MF,Real Sociedad,es La Liga,22,2001,5.2,214,235,91.1,4550,1404,105,113,92.9,81,95,85.3,18,27,66.7,0,2.1,2.6,-2.1,3,25,5,2,17,Matches
821,Kevin Fernández,dk DEN,FW,Mallorca,es La Liga,29,1994,7.3,210,254,82.7,3487,1167,126,139,90.6,105,106,99.1,6,9,66.7,1,0.0,0.5,1.0,5,8,7,1,16,Matches
822,Finn Jansen,uy URU,"MF,FW",Athletic Club,es La Liga,30,1993,3.7,192,228,84.2,3162,1279,110,122,90.2,68,75,90.7,18,31,58.1,1,3.8,4.5,-2.8,5,20,5,1,10,Matches
823,Maxime Dubois,sn SEN,MF,Almería,es La Liga,25,1998,5.2,233,270,86.3,4349,1079,126,135,93.3,109,115,94.8,9,20,45.0,0,0.0,0.4,0.0,9,29,10,4,23,Matches
824,Ryan Pereira,es ESP,DF,Almería,es La Liga,25,1998,2.4,83,102,81.4,1689,649,61,65,93.8,33,37,89.2,0,0,,0,0.6,0.9,-0.6,1,7,1,0,8,Matches
825,Milan Nowak,es ESP,MF,Getafe,es La Liga,25,1998,6.5,268,289,92.7,5659,1796,107,124,86.3,94,105,89.5,33,60,55.0,1,0.5,0.7,0.5,15,29,19,4,0,Matches
826,Daniel Müller,jp JPN,FW,Rayo Vallecano,es La Liga,23,2000,6.9,270,332,81.3,4493,1167,174,184,94.6,82,103,79.6,22,45,48.9,0,0.0,0.1,0.0,1,31,1,0,36,Matches
827,Leo Novak,dk DEN,MF,Valencia,es La Liga,18,2005,4.1,255,286,89.2,4864,1676,122,131,93.1,115,138,83.3,9,17,52.9,0,0.0,0.1,0.0,6,37,10,1,22,Matches
828,Jordan Novak,it ITA,FW,Getafe,es La Liga,29,1994,4.1,127,160,79.4,2493,687,67,76,88.2,38,44,86.4,19,40,47.5,0,0.0,0.3,0.0,3,12,6,2,17,Matches
829,Nicolas Benali,be BEL,DF,Atlético Madrid,es La Liga,32,1991,36.5,594,763,77.9,11803,3144,277,313,88.5,221,252,87.7,86,198,43.4,1,0.0,0.3,1.0,15,16,10,1,45,Matches
830,Kevin Diallo,rs SRB,DF,Real Betis,es La Liga,32,1991,9.2,396,436,90.8,6245,1784,199,208,95.7,153,190,80.5,24,38,63.2,0,0.0,0.0,0.0,1,28,1,0,55,Matches
831,Pedro Martínez,jp JPN,GK,Villarreal,es La Liga,21,2002,25.1,762,981,77.7,18938,8828,453,453,100.0,271,321,84.4,142,207,68.6,4,5.0,5.1,-1.0,45,33,85,5,70,Matches
832,Liam Murphy,fr FRA,"FW,MF",Real Sociedad,es La Liga,29,1994,11.0,515,631,81.6,10939,4931,199,236,84.3,195,215,90.7,112,180,62.2,0,0.3,0.3,-0.3,4,34,6,1,67,Matches
833,Daniel López,hr CRO,"FW,MF",Celta Vigo,es La Liga,26,1997,3.4,161,210,76.7,3529,954,78,83,94.0,62,68,91.2,36,59,61.0,0,0.0,0.0,0.0,3,17,4,2,12,Matches
834,Julien Diallo,es ESP,DF,Espanyol,es La Liga,25,1998,13.1,545,704,77.4,9913,3710,280,315,88.9,261,269,97.0,67,120,55.8,0,1.1,1.5,-1.1,4,59,7,1,44,Matches
835,Callum Novak,rs SRB,MF,Getafe,es La Liga,31,1992,6.2,238,299,79.6,4492,2155,156,172,90.7,117,134,87.3,0,0,,0,1.3,1.5,-1.3,1,16,2,0,25,Matches
836,Javier Tanaka,jp JPN,MF,Elche,es La Liga,25,1998,11.5,435,500,87.0,6357,1904,239,246,97.2,183,198,92.4,29,56,51.8,0,0.0,0.0,0.0,17,68,26,6,29,Matches
837,Felix Hoffmann,es ESP,GK,Osasuna,es La Liga,33,1990,6.1,283,420,67.4,5975,2363,165,175,94.3,149,179,83.2,39,66,59.1,0,1.3,1.5,-1.3,3,26,1,1,18,Matches
838,Julien Conti,it ITA,DF,Osasuna,es La Liga,20,2003,10.4,442,606,72.9,9608,3222,302,340,88.8,128,142,90.1,72,124,58.1,2,0.8,1.0,1.2,5,45,8,3,33,Matches
839,Marco Jansen,dk DEN,MF,Rayo Vallecano,es La Liga,19,2004,3.0,145,188,77.1,2127,523,85,87,97.7,58,63,92.1,18,38,47.4,1,2.0,2.2,-1.0,12,21,18,8,14,Matches
840,Stefan Benali,co COL,"FW,MF",Girona,es La Liga,35,1988,18.7,959,1116,85.9,17975,6684,477,555,85.9,245,287,85.4,138,274,50.4,0,0.8,0.3,-0.8,11,146,18,2,78,Matches
841,Lucas Tanaka,nl NED,"FW,MF",Sevilla,es La Liga,30,1993,5.5,249,321,77.6,4412,1537,132,149,88.6,73,81,90.1,51,91,56.0,0,0.0,0.0,0.0,13,31,11,3,30,Matches
842,Anton Walsh,nl NED,MF,Real Madrid,es La Liga,33,1990,6.5,218,245,89.0,4058,1696,100,119,84.0,85,88,96.6,27,38,71.1,0,0.5,0.4,-0.5,5,23,8,1,17,Matches
843,Elias Novak,de GER,DF,Real Sociedad,es La Liga,17,2006,10.6,384,527,72.9,7268,1852,213,241,88.4,162,199,81.4,64,87,73.6,0,0.0,0.0,0.0,2,36,3,1,47,Matches
844,Omar Dubois,co COL,"MF,DF",Mallorca,es La Liga,20,2003,16.9,902,951,94.8,17254,7217,320,324,98.8,229,272,84.2,173,355,48.7,2,2.7,2.4,-0.7,24,44,35,9,56,Matches
845,Théo Hughes,it ITA,GK,Sevilla,es La Liga,26,1997,13.8,844,1113,75.8,17282,6803,514,554,92.8,450,522,86.2,21,37,56.8,0,1.1,1.1,-1.1,20,61,40,8,70,Matches
846,João Clarke,fr FRA,MF,Valladolid,es La Liga,18,2005,16.2,485,564,86.0,9948,4892,245,271,90.4,146,163,89.6,79,130,60.8,4,4.3,4.0,-0.3,41,61,77,14,42,Matches
847,Callum Kowalski,nl NED,MF,Celta Vigo,es La Liga,26,1997,2.8,136,150,90.7,2305,803,68,76,89.5,52,58,89.7,8,16,50.0,0,0.0,0.5,0.0,1,12,1,0,15,Matches
848,Julien El Amrani,se SWE,MF,Cádiz,es La Liga,32,1991,2.4,114,137,83.2,2478,705,52,56,92.9,32,41,78.0,25,40,62.5,0,0.0,0.0,0.0,2,8,4,1,10,Matches
849,Mason Silva,co COL,GK,Barcelona,es La Liga,25,1998,2.9,135,197,68.5,3510,1574,88,90,97.8,80,102,78.4,3,5,60.0,0,0.0,0.0,0.0,3,15,4,2,10,Matches
850,Jordan Dubois,sn SEN,"MF,FW",Osasuna,es La Liga,29,1994,6.3,218,243,89.7,5064,1438,74,81,91.4,76,81,93.8,50,81,61.7,0,0.0,0.2,0.0,3,18,5,1,10,Matches
851,Daniel Bianchi,br BRA,"MF,FW",Real Sociedad,es La Liga,27,1996,16.3,657,925,71.0,12191,5017,460,533,86.3,272,291,93.5,54,101,53.5,0,0.0,0.4,0.0,7,75,10,2,62,Matches
852,Pedro Larsen,uy URU,DF,Elche,es La Liga,25,1998,14.6,463,552,83.9,8764,2083,246,270,91.1,222,238,93.3,26,44,59.1,1,1.2,1.2,-0.2,5,41,5,2,32,Matches
853,Felix Greco,at AUT,"DF,FW",Rayo Vallecano,es La Liga,18,2005,2.1,86,111,77.5,1801,482,49,52,94.2,19,21,90.5,21,38,55.3,0,0.1,0.0,-0.1,1,7,1,1,9,Matches
854,Yusuf Larsen,at AUT,"MF,FW",Mallorca,es La Liga,16,2007,14.0,622,775,80.3,9169,3390,316,323,97.8,179,228,78.5,72,224,32.1,1,0.7,0.8,0.3,16,62,26,0,81,Matches
855,Elias Tanaka,dk DEN,"DF,MF",Mallorca,es La Liga,29,1994,10.8,491,643,76.4,9619,4735,262,299,87.6,236,272,86.8,25,72,34.7,1,1.7,1.7,-0.7,6,42,6,2,30,Matches
856,Finn Cissé,eng ENG,"MF,FW",Osasuna,es La Liga,23,2000,16.6,450,508,88.6,7794,2430,181,207,87.4,188,208,90.4,51,93,54.8,5,4.4,4.3,0.6,29,69,39,5,63,Matches
857,Erik Andersson,at AUT,"FW,DF",Atlético Madrid,es La Liga,26,1997,7.1,381,410,92.9,7585,2716,212,227,93.4,95,107,88.8,35,76,46.1,0,0.0,0.4,0.0,2,13,2,1,37,Matches
858,Connor Andersson,es ESP,"MF,DF",Espanyol,es La Liga,22,2001,3.0,114,138,82.6,1925,987,53,59,89.8,52,60,86.7,11,19,57.9,0,0.7,1.3,-0.7,2,13,3,0,7,Matches
859,Sergio Nowak,sn SEN,MF,Atlético Madrid,es La Liga,25,1998,13.8,402,508,79.1,7479,2936,209,224,93.3,180,216,83.3,40,68,58.8,0,3.6,3.5,-3.6,2,44,4,1,23,Matches
860,Jonas Moreau,uy URU,MF,Villarreal,es La Liga,25,1998,5.9,279,336,83.0,5229,2023,178,201,88.6,131,148,88.5,0,0,,0,0.0,0.5,0.0,11,14,18,5,13,Matches
861,Oscar Andersson,hr CRO,GK,Real Sociedad,es La Liga,32,1991,2.9,155,216,71.8,2959,920,62,67,92.5,68,81,84.0,39,68,57.4,1,2.1,2.1,-1.1,3,10,6,1,13,Matches
862,Maxime Ndiaye,eng ENG,FW,Osasuna,es La Liga,27,1996,13.5,674,839,80.3,14165,5258,363,411,88.3,274,347,79.0,50,81,61.7,0,1.0,1.7,-1.0,10,49,13,1,72,Matches
863,Samuel Larsen,hr CRO,DF,Cádiz,es La Liga,30,1993,16.6,554,652,85.0,11373,2623,272,289,94.1,239,288,83.0,50,75,66.7,3,3.5,3.3,-0.5,9,93,14,2,30,Matches
864,Callum Conti,pl POL,DF,Celta Vigo,es La Liga,22,2001,1.3,61,79,77.2,1352,497,33,34,97.1,31,37,83.8,5,8,62.5,0,0.0,0.0,0.0,0,7,0,0,5,Matches
865,Jonas López,co COL,DF,Real Betis,es La Liga,29,1994,27.1,609,740,82.3,10379,3898,338,395,85.6,238,272,87.5,48,73,65.8,1,0.1,0.1,0.9,21,67,23,5,42,Matches
866,Diego Lindqvist,at AUT,DF,Atlético Madrid,es La Liga,26,1997,3.7,135,170,79.4,2818,1019,80,91,87.9,80,92,87.0,0,0,,0,0.0,0.2,0.0,4,18,3,2,9,Matches
867,Milan Wright,ma MAR,"MF,FW",Real Betis,es La Liga,23,2000,4.0,227,242,93.8,4375,1853,90,99,90.9,87,102,85.3,23,41,56.1,0,2.8,2.9,-2.8,2,16,2,1,25,Matches
868,Andrés Larsen,br BRA,"DF,MF",Cádiz,es La Liga,18,2005,5.7,259,291,89.0,4905,1431,128,137,93.4,110,123,89.4,13,31,41.9,2,2.2,2.1,-0.2,19,23,10,10,27,Matches
869,Mason Schmidt,at AUT,DF,Almería,es La Liga,19,2004,5.4,129,177,72.9,2625,776,60,65,92.3,61,69,88.4,26,43,60.5,0,0.0,0.4,0.0,1,15,1,0,3,Matches
870,Nuno Cissé,de GER,FW,Celta Vigo,es La Liga,25,1998,20.6,259,330,78.5,4337,1383,164,177,92.7,118,129,91.5,15,24,62.5,0,0.0,0.0,0.0,7,38,4,3,18,Matches
871,Daniel Walsh,be BEL,"DF,MF",Almería,es La Liga,26,1997,3.3,135,166,81.3,2497,816,82,87,94.3,63,69,91.3,6,10,60.0,0,0.0,0.0,0.0,2,11,3,0,14,Matches
872,Sergio Andersson,it ITA,DF,Athletic Club,es La Liga,28,1995,16.5,304,364,83.5,6614,1270,164,180,91.1,105,121,86.8,37,63,58.7,0,0.0,0.1,0.0,4,32,7,1,21,Matches
873,Finn Wagner,ch SUI,MF,Celta Vigo,es La Liga,25,1998,5.8,343,401,85.5,6805,2426,217,217,100.0,119,151,78.8,19,33,57.6,0,0.0,0.0,0.0,6,34,4,0,20,Matches
874,Oscar Nielsen,ch SUI,MF,Espanyol,es La Liga,30,1993,7.7,351,435,80.7,8613,3018,187,202,92.6,129,140,92.1,59,93,63.4,0,0.0,0.9,0.0,7,28,6,1,41,Matches
875,Callum Larsen,se SWE,"DF,MF",Girona,es La Liga,32,1991,7.4,243,289,84.1,4858,1620,149,151,98.7,82,90,91.1,34,48,70.8,1,1.4,1.2,-0.4,5,27,5,1,27,Matches
876,Antoine Becker,co COL,"DF,MF",Real Madrid,es La Liga,26,1997,5.1,239,284,84.2,4485,1683,137,148,92.6,110,128,85.9,5,8,62.5,0,0.0,0.3,0.0,7,41,9,2,16,Matches
877,Sota Yamamoto,de GER,DF,Celta Vigo,es La Liga,27,1996,7.5,161,230,70.0,3245,1085,69,74,93.2,85,103,82.5,25,53,47.2,0,1.4,1.9,-1.4,8,21,10,3,18,Matches
878,Bruno Jansen,uy URU,MF,Valencia,es La Liga,34,1989,3.5,266,281,94.7,5008,1344,109,121,90.1,98,107,91.6,36,53,67.9,0,0.0,0.6,0.0,4,20,9,2,27,Matches
879,Mason Sánchez,ch SUI,DF,Osasuna,es La Liga,29,1994,6.2,277,363,76.3,4868,1467,125,134,93.3,121,143,84.6,58,86,67.4,0,0.0,0.3,0.0,4,21,5,2,28,Matches
880,Lucas Andersson,nl NED,"DF,FW",Almería,es La Liga,26,1997,11.8,288,359,80.2,4927,1549,150,171,87.7,101,121,83.5,40,67,59.7,0,0.7,0.3,-0.7,9,38,10,0,29,Matches
881,Erik Larsen,ar ARG,MF,Almería,es La Liga,30,1993,13.1,750,927,80.9,13008,4539,387,424,91.3,378,431,87.7,42,72,58.3,2,2.1,2.1,-0.1,23,93,37,14,92,Matches
882,Emil Nielsen,uy URU,"MF,DF",Valencia,es La Liga,29,1994,5.6,222,245,90.6,4694,1392,111,122,91.0,79,83,95.2,21,40,52.5,0,0.0,0.3,0.0,2,32,4,1,16,Matches
883,Karim Petit,nl NED,MF,Athletic Club,es La Liga,19,2004,10.7,687,835,82.3,16539,4850,284,306,92.8,235,273,86.1,132,256,51.6,3,4.8,4.7,-1.8,6,63,8,2,27,Matches
884,Théo Hansen,fr FRA,DF,Getafe,es La Liga,18,2005,1.8,49,61,80.3,861,277,19,20,95.0,25,29,86.2,8,12,66.7,0,0.3,0.1,-0.3,1,6,2,0,5,Matches
885,Sergio El Amrani,no NOR,"MF,FW",Elche,es La Liga,26,1997,13.1,457,466,98.1,10607,3582,181,198,91.4,130,151,86.1,79,117,67.5,2,2.4,2.4,-0.4,22,47,26,11,35,Matches
886,Diego Hughes,dk DEN,FW,Rayo Vallecano,es La Liga,30,1993,24.7,1266,1424,88.9,22065,8759,657,758,86.7,364,435,83.7,174,231,75.3,3,1.1,0.9,1.9,11,80,21,3,95,Matches
887,Connor Martínez,br BRA,GK,Barcelona,es La Liga,17,2006,15.1,727,951,76.4,14719,4769,336,380,88.4,367,436,84.2,84,135,62.2,1,0.9,1.0,0.1,7,47,8,1,52,Matches
888,Nuno Bakker,no NOR,FW,Villarreal,es La Liga,22,2001,5.9,179,221,81.0,3600,998,86,95,90.5,90,94,95.7,16,32,50.0,0,0.7,0.4,-0.7,5,26,5,2,16,Matches
889,Pablo Walsh,jp JPN,GK,Osasuna,es La Liga,17,2006,11.3,417,586,71.2,7994,3912,170,190,89.5,189,221,85.5,105,175,60.0,1,1.9,1.8,-0.9,7,32,9,3,42,Matches
890,Thomas Costa,at AUT,DF,Valladolid,es La Liga,29,1994,6.4,226,278,81.3,4463,1529,100,113,88.5,84,100,84.0,40,65,61.5,0,0.0,0.0,0.0,1,15,2,0,8,Matches
891,Sergio Martínez,it ITA,DF,Rayo Vallecano,es La Liga,22,2001,4.0,195,215,90.7,3743,1196,100,111,90.1,75,87,86.2,9,17,52.9,1,1.5,1.8,-0.5,1,15,2,0,29,Matches
892,Maxime Sánchez,nl NED,"FW,MF",Real Betis,es La Liga,28,1995,28.1,1674,1970,85.0,25431,6576,926,1034,89.6,515,556,92.6,164,380,43.2,1,1.8,1.5,-0.8,27,208,40,7,97,Matches
893,Leo Hughes,jp JPN,FW,Valencia,es La Liga,24,1999,6.6,158,184,85.9,3220,1468,79,89,88.8,57,65,87.7,21,30,70.0,1,0.0,0.0,1.0,3,14,4,2,17,Matches
894,João Müller,hr CRO,DF,Almería,es La Liga,27,1996,6.7,180,226,79.6,3651,1497,124,132,93.9,82,89,92.1,3,5,60.0,1,0.9,1.1,0.1,5,15,7,1,13,Matches
895,Milan Benali,dk DEN,DF,Cádiz,es La Liga,20,2003,7.2,336,422,79.6,7365,3093,185,210,88.1,176,195,90.3,14,17,82.4,0,2.3,2.5,-2.3,1,12,1,1,31,Matches
896,Nuno Weber,no NOR,MF,Real Madrid,es La Liga,31,1992,1.9,84,105,80.0,1470,374,46,51,90.2,29,34,85.3,11,20,55.0,0,0.9,0.2,-0.9,1,10,2,1,7,Matches
897,Youssef Gómez,uy URU,DF,Getafe,es La Liga,29,1994,8.7,306,365,83.8,4959,2451,183,201,91.0,109,127,85.8,17,37,45.9,1,1.8,1.5,-0.8,8,28,8,2,26,Matches
898,Ibrahim Benali,at AUT,"MF,FW",Real Sociedad,es La Liga,26,1997,4.5,237,285,83.2,4764,1936,108,121,89.3,105,120,87.5,22,44,50.0,0,0.6,1.2,-0.6,7,17,11,3,10,Matches
899,Yusuf El Amrani,dk DEN,"DF,MF",Sevilla,es La Liga,28,1995,5.7,291,360,80.8,6199,1962,149,163,91.4,108,130,83.1,32,67,47.8,3,4.1,4.4,-1.1,16,26,14,7,16,Matches
900,Liam Pereira,co COL,DF,Real Sociedad,es La Liga,19,2004,11.6,408,521,78.3,9028,2820,253,284,89.1,149,171,87.1,41,66,62.1,0,0.5,0.2,-0.5,8,33,11,0,31,Matches
901,David Cissé,uy URU,MF,Villarreal,es La Liga,32,1991,4.3,225,274,82.1,4392,1306,110,129,85.3,80,95,84.2,30,50,60.0,2,1.7,1.6,0.3,5,41,3,2,19,Matches
902,Sota Hoffmann,pl POL,GK,Atlético Madrid,es La Liga,29,1994,10.5,526,737,71.4,9328,2836,318,337,94.4,288,321,89.7,44,79,55.7,0,0.0,0.0,0.0,7,61,6,3,48,Matches
903,Ibrahim Dubois,be BEL,"MF,DF",Osasuna,es La Liga,26,1997,11.7,397,521,76.2,8123,2314,209,223,93.7,165,208,79.3,69,90,76.7,0,0.0,1.0,0.0,7,43,11,4,16,Matches
904,Pablo Fernández,hr CRO,MF,Real Sociedad,es La Liga,22,2001,24.5,1360,1616,84.2,29043,9999,834,938,88.9,518,551,94.0,73,127,57.5,5,5.1,5.0,-0.1,63,195,80,38,91,Matches
905,Kevin Fischer,sn SEN,"DF,MF",Cádiz,es La Liga,23,2000,9.9,648,745,87.0,14836,6120,259,290,89.3,277,313,88.5,76,142,53.5,3,1.6,1.7,1.4,28,71,31,0,71,Matches
906,Anton Greco,us USA,DF,Getafe,es La Liga,22,2001,3.7,141,177,79.7,3168,1161,82,95,86.3,59,71,83.1,5,11,45.5,1,0.8,0.7,0.2,4,8,4,2,13,Matches
907,Omar Ferrari,ma MAR,GK,Valladolid,es La Liga,25,1998,16.7,761,1000,76.1,18021,3813,522,586,89.1,344,383,89.8,17,31,54.8,4,3.6,3.3,0.4,22,91,31,13,31,Matches
908,Yusuf Bakker,br BRA,"MF,FW",Espanyol,es La Liga,25,1998,6.2,224,239,93.7,5038,1689,111,127,87.4,86,95,90.5,10,17,58.8,0,0.5,0.9,-0.5,18,38,42,3,23,Matches
909,Youssef Horvat,nl NED,MF,Cádiz,es La Liga,18,2005,2.7,155,176,88.1,2782,1369,81,87,93.1,60,73,82.2,9,16,56.2,1,1.4,1.3,-0.4,1,28,1,0,13,Matches
910,Théo Hughes,no NOR,DF,Atlético Madrid,es La Liga,27,1996,3.1,77,101,76.2,1507,483,37,43,86.0,32,35,91.4,16,23,69.6,0,0.9,0.7,-0.9,4,6,4,1,5,Matches
911,Elias Petit,it ITA,FW,Sevilla,es La Liga,24,1999,7.4,295,362,81.5,5588,1818,150,175,85.7,112,126,88.9,44,61,72.1,0,1.3,1.0,-1.3,10,36,18,6,27,Matches
912,Milan Silva,rs SRB,"MF,DF",Villarreal,es La Liga,24,1999,7.4,464,538,86.2,7368,2592,221,226,97.8,199,201,99.0,55,111,49.5,0,0.1,0.3,-0.1,1,70,2,1,53,Matches
913,Nicolas Conti,dk DEN,FW,Real Betis,es La Liga,18,2005,4.2,80,105,76.2,1651,427,46,51,90.2,41,48,85.4,3,6,50.0,0,0.0,0.0,0.0,1,5,1,0,6,Matches
914,Yusuf Nielsen,it ITA,MF,Real Sociedad,es La Liga,32,1991,3.7,190,222,85.6,4372,1482,98,106,92.5,65,71,91.5,27,45,60.0,1,0.7,0.8,0.3,4,17,5,2,13,Matches
915,Connor Novak,sn SEN,"FW,DF",Real Sociedad,es La Liga,26,1997,26.3,867,1151,75.3,15845,5419,532,532,100.0,366,405,90.4,131,214,61.2,3,4.9,4.5,-1.9,18,88,29,9,80,Matches
916,Javier Wagner,hr CRO,"MF,FW",Osasuna,es La Liga,28,1995,16.7,874,992,88.1,17455,5535,378,378,100.0,206,251,82.1,220,363,60.6,0,0.0,0.1,0.0,3,74,5,1,78,Matches
917,Thomas Lindqvist,de GER,GK,Espanyol,es La Liga,29,1994,10.7,287,484,59.3,4851,1674,180,209,86.1,160,168,95.2,59,107,55.1,0,0.0,0.6,0.0,6,32,11,2,20,Matches
918,Samuel Clarke,jp JPN,DF,Celta Vigo,es La Liga,32,1991,13.7,674,887,76.0,12364,5701,427,485,88.0,327,402,81.3,0,0,,1,1.7,1.3,-0.7,11,71,15,0,41,Matches
919,Anton Lindqvist,de GER,"MF,DF",Celta Vigo,es La Liga,27,1996,8.7,430,478,90.0,7953,3264,214,232,92.2,182,191,95.3,18,55,32.7,1,2.5,2.3,-1.5,29,63,46,15,53,Matches
920,Adam Nowak,be BEL,DF,Elche,es La Liga,25,1998,2.9,157,189,83.1,3329,713,81,91,89.0,44,53,83.0,30,45,66.7,0,0.0,0.3,0.0,1,19,1,1,12,Matches
921,Youssef Kowalski,sn SEN,FW,Osasuna,es La Liga,25,1998,13.4,349,423,82.5,7188,2705,131,145,90.3,142,155,91.6,83,123,67.5,2,4.6,4.8,-2.6,29,60,31,3,31,Matches
922,Antoine Kowalski,at AUT,FW,Atlético Madrid,es La Liga,30,1993,1.7,83,98,84.7,1617,519,44,44,100.0,42,44,95.5,5,10,50.0,0,2.5,2.1,-2.5,1,11,1,0,7,Matches
923,Julien Bianchi,pt POR,"MF,DF",Valencia,es La Liga,25,1998,14.2,772,898,86.0,17208,8077,336,373,90.1,296,328,90.2,142,197,72.1,0,0.0,0.0,0.0,3,81,5,1,67,Matches
924,Felix López,se SWE,MF,Almería,es La Liga,27,1996,19.0,587,659,89.1,10489,3342,278,304,91.4,201,237,84.8,64,118,54.2,5,5.8,6.2,-0.8,32,60,33,13,17,Matches
925,Sota Santos,pl POL,MF,Real Betis,es La Liga,32,1991,16.3,745,867,85.9,17283,5079,304,356,85.4,285,354,80.5,95,157,60.5,3,2.0,1.7,1.0,25,63,47,9,58,Matches
926,Jordan Costa,ar ARG,MF,Girona,es La Liga,25,1998,8.0,453,556,81.5,9152,3388,278,306,90.8,178,193,92.2,34,57,59.6,0,0.0,0.0,0.0,11,41,21,7,47,Matches
927,Pablo Moreau,de GER,MF,Athletic Club,es La Liga,27,1996,5.1,178,233,76.4,3758,1169,73,86,84.9,78,98,79.6,30,49,61.2,2,3.4,3.8,-1.4,3,14,5,0,17,Matches
928,Nicolas Rossi,ch SUI,"DF,MF",Athletic Club,es La Liga,23,2000,24.7,835,1124,74.3,13031,4077,441,496,88.9,410,500,82.0,74,128,57.8,7,7.9,7.2,-0.9,65,119,124,29,67,Matches
929,Oscar Ndiaye,br BRA,GK,Real Madrid,es La Liga,25,1998,11.4,631,843,74.9,11518,5133,304,307,99.0,296,338,87.6,88,198,44.4,0,0.0,0.0,0.0,5,51,10,2,50,Matches
930,Samuel Gómez,pt POR,DF,Espanyol,es La Liga,25,1998,6.0,281,322,87.3,5149,2165,111,120,92.5,131,150,87.3,25,52,48.1,0,0.0,0.5,0.0,2,30,3,1,28,Matches
931,Nuno Martínez,be BEL,"DF,MF",Atlético Madrid,es La Liga,24,1999,20.0,848,988,85.8,15096,5119,411,468,87.8,363,375,96.8,75,145,51.7,8,6.2,5.6,1.8,48,70,88,31,35,Matches
932,Omar Schmidt,rs SRB,DF,Athletic Club,es La Liga,32,1991,15.0,320,418,76.6,6102,2094,197,216,91.2,134,156,85.9,23,46,50.0,2,4.3,4.2,-2.3,7,43,9,3,23,Matches
933,Luca Hansen,ar ARG,MF,Sevilla,es La Liga,25,1998,6.9,120,138,87.0,2520,733,57,60,95.0,36,42,85.7,16,36,44.4,1,1.3,1.7,-0.3,11,14,12,5,14,Matches
934,Mateo Walsh,no NOR,MF,Cádiz,es La Liga,20,2003,4.8,181,211,85.8,4281,1778,96,104,92.3,97,104,93.3,2,3,66.7,0,0.0,0.0,0.0,1,25,1,0,15,Matches
935,Finn Schmidt,us USA,DF,Elche,es La Liga,22,2001,15.2,324,433,74.8,5214,1793,153,166,92.2,146,182,80.2,41,85,48.2,0,0.5,0.4,-0.5,3,33,3,2,30,Matches
936,Karim Dubois,se SWE,DF,Osasuna,es La Liga,24,1999,27.4,1257,1683,74.7,25011,11536,539,557,96.8,570,685,83.2,225,441,51.0,2,3.4,3.8,-1.4,24,112,59,9,104,Matches
937,Hugo Fernández,fr FRA,DF,Valladolid,es La Liga,30,1993,6.9,327,412,79.4,6927,2565,169,188,89.9,139,172,80.8,26,52,50.0,0,0.2,0.9,-0.2,2,28,3,0,22,Matches
938,Lucas Moreau,it ITA,FW,Mallorca,es La Liga,22,2001,6.0,134,161,83.2,2723,911,73,76,96.1,59,75,78.7,5,10,50.0,0,0.6,0.8,-0.6,3,5,3,0,15,Matches
939,Liam Andersson,jp JPN,GK,Cádiz,es La Liga,28,1995,15.6,638,930,68.6,13613,4396,435,544,80.0,345,383,90.1,2,3,66.7,2,2.1,2.0,-0.1,13,75,16,2,78,Matches
940,Felix Diallo,ar ARG,"MF,FW",Almería,es La Liga,25,1998,8.8,534,591,90.4,10494,2227,247,252,98.0,189,208,90.9,79,131,60.3,3,3.3,2.5,-0.3,5,81,6,0,33,Matches
941,Youssef Andersson,co COL,GK,Celta Vigo,es La Liga,34,1989,7.5,362,530,68.3,6946,2712,217,227,95.6,201,234,85.9,47,69,68.1,0,0.0,0.0,0.0,4,20,7,1,19,Matches
942,Noah Pereira,uy URU,FW,Atlético Madrid,es La Liga,22,2001,0.6,28,34,82.4,577,185,15,16,93.8,11,14,78.6,2,4,50.0,0,0.6,0.1,-0.6,0,3,0,0,3,Matches
943,Nicolas Martínez,jp JPN,MF,Real Madrid,es La Liga,26,1997,5.5,169,207,81.6,3011,1315,101,120,84.2,72,85,84.7,1,2,50.0,0,0.0,0.6,0.0,5,22,3,2,14,Matches
944,Julien Benali,es ESP,FW,Celta Vigo,es La Liga,29,1994,9.5,196,272,72.1,3937,1342,98,106,92.5,79,91,86.8,29,75,38.7,1,1.3,2.4,-0.3,4,18,4,1,19,Matches
945,Julien Larsen,fr FRA,"DF,MF",Cádiz,es La Liga,24,1999,16.2,709,804,88.2,11721,5425,291,297,98.0,284,326,87.1,127,181,70.2,0,0.0,0.0,0.0,10,88,14,5,39,Matches
946,Karim Rossi,co COL,DF,Real Madrid,es La Liga,19,2004,20.5,421,592,71.1,8283,2179,265,280,94.6,169,200,84.5,63,112,56.2,0,1.0,0.7,-1.0,8,52,7,2,44,Matches
947,Diego Rizzo,pt POR,DF,Girona,es La Liga,20,2003,5.5,239,267,89.5,4426,1672,122,136,89.7,81,86,94.2,24,45,53.3,0,2.2,2.1,-2.2,4,19,8,0,20,Matches
948,Maxime Schmidt,it ITA,GK,Girona,es La Liga,33,1990,2.8,123,195,63.1,2863,964,75,87,86.2,79,90,87.8,11,18,61.1,0,0.0,0.0,0.0,1,13,1,0,4,Matches
949,Thomas Müller,pt POR,MF,Atlético Madrid,es La Liga,26,1997,8.3,412,513,80.3,8677,3852,223,235,94.9,157,191,82.2,56,87,64.4,1,1.9,2.3,-0.9,4,56,5,2,29,Matches
950,Anton Schmidt,nl NED,MF,Real Sociedad,es La Liga,19,2004,4.2,130,150,86.7,2641,800,65,73,89.0,29,32,90.6,25,45,55.6,0,1.2,1.5,-1.2,4,13,5,1,13,Matches
951,Takumi Nowak,hr CRO,DF,Athletic Club,es La Liga,26,1997,12.7,505,622,81.2,9170,3619,304,321,94.7,153,205,74.6,47,96,49.0,0,0.8,0.7,-0.8,4,45,4,2,29,Matches
952,Erik Diallo,br BRA,MF,Villarreal,es La Liga,24,1999,18.3,1020,1174,86.9,20541,6300,519,590,88.0,499,530,94.2,32,54,59.3,5,5.6,5.9,-0.6,38,67,81,25,87,Matches
953,Nuno López,pl POL,FW,Athletic Club,es La Liga,23,2000,13.5,577,687,84.0,12151,4733,220,234,94.0,241,278,86.7,88,175,50.3,0,0.0,0.0,0.0,4,37,5,1,55,Matches
954,Adam Wright,uy URU,"DF,MF",Espanyol,es La Liga,28,1995,13.5,709,814,87.1,15701,5432,356,389,91.5,293,322,91.0,80,103,77.7,1,1.9,2.2,-0.9,2,45,1,0,58,Matches
955,Karim Novak,nl NED,FW,Almería,es La Liga,30,1993,14.5,531,717,74.1,11378,3839,368,402,91.5,291,327,89.0,0,0,,0,0.1,0.0,-0.1,9,48,15,3,48,Matches
956,João Novak,dk DEN,"MF,DF",Mallorca,es La Liga,22,2001,6.6,427,499,85.6,8901,2991,244,256,95.3,202,221,91.4,14,22,63.6,0,0.0,0.0,0.0,12,56,5,4,38,Matches
957,Liam Rossi,ar ARG,MF,Getafe,es La Liga,32,1991,6.5,179,237,75.5,4119,1483,97,107,90.7,90,100,90.0,14,30,46.7,1,3.2,3.6,-2.2,6,22,11,2,16,Matches
958,Mason Girard,no NOR,MF,Osasuna,es La Liga,26,1997,1.8,78,93,83.9,1364,720,39,43,90.7,23,24,95.8,18,26,69.2,0,0.0,0.0,0.0,3,8,4,2,8,Matches
959,Mason Barnes,eng ENG,DF,Atlético Madrid,es La Liga,26,1997,7.3,278,330,84.2,5107,1748,130,142,91.5,110,120,91.7,44,68,64.7,2,1.6,1.8,0.4,5,32,7,1,15,Matches
960,Noah Ndiaye,jp JPN,FW,Cádiz,es La Liga,24,1999,9.4,338,459,73.6,6625,1571,189,215,87.9,176,206,85.4,11,38,28.9,0,0.0,0.3,0.0,3,38,4,0,17,Matches
961,Javier Barnes,it ITA,MF,Celta Vigo,es La Liga,29,1994,20.3,1329,1483,89.6,24853,10108,717,751,95.5,515,592,87.0,61,140,43.6,3,5.1,5.2,-2.1,39,47,65,1,93,Matches
962,Jonas Cissé,se SWE,"MF,FW",Real Betis,es La Liga,19,2004,2.8,152,174,87.4,3211,799,104,117,88.9,65,69,94.2,0,0,,0,0.0,0.0,0.0,1,9,1,0,6,Matches
963,Felix Costa,it ITA,"DF,MF",Elche,es La Liga,29,1994,9.0,484,597,81.1,9363,3747,303,316,95.9,231,261,88.5,14,20,70.0,1,0.5,0.7,0.5,6,75,7,2,38,Matches
964,Nuno Girard,se SWE,GK,Real Sociedad,es La Liga,30,1993,0.5,23,35,65.7,385,100,11,13,84.6,12,13,92.3,6,9,66.7,0,0.4,0.9,-0.4,1,2,1,0,1,Matches
965,Iker Andersson,de GER,DF,Elche,es La Liga,29,1994,22.2,417,554,75.3,9946,1777,238,254,93.7,166,183,90.7,71,117,60.7,2,3.1,3.4,-1.1,21,58,35,8,50,Matches
966,Karim Pereira,pt POR,FW,Osasuna,es La Liga,24,1999,2.6,137,167,82.0,2472,872,78,85,91.8,66,72,91.7,6,10,60.0,1,0.0,0.0,1.0,1,12,1,0,8,Matches
967,Nuno Rossi,se SWE,MF,Rayo Vallecano,es La Liga,25,1998,4.4,269,310,86.8,4445,1266,128,136,94.1,155,160,96.9,9,14,64.3,1,1.6,1.6,-0.6,1,25,2,0,38,Matches
968,Ibrahim Barnes,es ESP,"DF,FW",Real Madrid,es La Liga,32,1991,5.5,152,209,72.7,2488,998,89,98,90.8,63,76,82.9,22,35,62.9,0,0.0,0.0,0.0,2,21,3,0,15,Matches
969,Andrés López,es ESP,"DF,MF",Cádiz,es La Liga,27,1996,16.0,832,944,88.1,14937,4639,401,447,89.7,399,417,95.7,46,80,57.5,3,1.9,2.4,1.1,3,77,4,1,114,Matches
970,Karim Kovač,ch SUI,MF,Rayo Vallecano,es La Liga,25,1998,3.9,153,183,83.6,2966,1198,78,86,90.7,76,91,83.5,3,6,50.0,0,0.0,0.0,0.0,7,17,8,2,17,Matches
971,Julien Kovač,us USA,FW,Atlético Madrid,es La Liga,25,1998,4.3,172,212,81.1,3334,907,83,93,89.2,76,92,82.6,19,27,70.4,0,0.0,0.0,0.0,2,16,2,0,12,Matches
972,Emil Fernández,ar ARG,FW,Girona,es La Liga,25,1998,12.5,297,378,78.6,5061,989,200,216,92.6,101,113,89.4,32,49,65.3,0,0.0,0.4,0.0,4,36,6,1,18,Matches
973,Julien Murphy,de GER,DF,Getafe,es La Liga,29,1994,8.2,289,327,88.4,5373,1793,171,182,94.0,115,136,84.6,4,9,44.4,0,1.0,1.2,-1.0,1,36,1,1,40,Matches
974,Antoine Yamamoto,se SWE,MF,Real Sociedad,es La Liga,23,2000,4.5,184,219,84.0,3566,1521,86,96,89.6,90,96,93.8,19,27,70.4,1,0.1,0.0,0.9,3,22,6,1,17,Matches
975,Anton Müller,es ESP,GK,Athletic Club,es La Liga,28,1995,2.2,103,149,69.1,1870,477,52,57,91.2,43,54,79.6,22,38,57.9,0,0.0,0.3,0.0,0,12,0,0,9,Matches
976,Adam Conti,se SWE,"DF,MF",Valencia,es La Liga,18,2005,9.5,347,396,87.6,6133,1729,193,213,90.6,195,222,87.8,0,0,,0,0.0,0.3,0.0,4,30,4,2,43,Matches
977,Anton Sánchez,se SWE,FW,Almería,es La Liga,25,1998,7.2,210,280,75.0,3246,944,97,105,92.4,90,104,86.5,43,71,60.6,0,0.8,0.7,-0.8,4,21,7,2,24,Matches
978,Daniel Benali,no NOR,FW,Celta Vigo,es La Liga,19,2004,20.5,454,578,78.5,8397,2467,260,260,100.0,196,235,83.4,36,83,43.4,1,1.3,1.5,-0.3,20,64,13,11,23,Matches
979,Jordan Byrne,eng ENG,MF,Sevilla,es La Liga,26,1997,9.0,344,382,90.1,7351,3349,154,163,94.5,108,126,85.7,42,93,45.2,0,0.0,0.0,0.0,3,34,7,2,45,Matches
980,Callum Pereira,ar ARG,FW,Barcelona,es La Liga,20,2003,8.5,178,203,87.7,3557,1210,79,88,89.8,71,79,89.9,20,36,55.6,0,0.0,0.0,0.0,8,17,7,2,20,Matches
981,Emil Larsen,se SWE,DF,Atlético Madrid,es La Liga,23,2000,4.3,74,104,71.2,1601,542,44,50,88.0,34,42,81.0,9,12,75.0,0,0.0,0.0,0.0,1,8,1,0,7,Matches
982,Daniel Hughes,se SWE,"MF,DF",Barcelona,es La Liga,29,1994,17.2,779,832,93.6,16115,4137,365,402,90.8,286,302,94.7,78,128,60.9,1,0.7,0.7,0.3,7,41,15,4,60,Matches
983,Thomas Moreau,eng ENG,GK,Sevilla,es La Liga,20,2003,8.6,413,517,79.9,8518,2779,256,274,93.4,171,177,96.6,48,66,72.7,0,0.4,0.1,-0.4,1,64,2,1,28,Matches
984,Finn Bianchi,se SWE,DF,Real Sociedad,es La Liga,34,1989,21.1,624,857,72.8,13418,6272,438,438,100.0,242,285,84.9,80,134,59.7,1,1.8,1.7,-0.8,11,57,16,6,32,Matches
985,Rafael Fischer,fr FRA,MF,Elche,es La Liga,17,2006,20.1,767,809,94.8,13621,3545,323,367,88.0,257,285,90.2,95,157,60.5,0,1.1,1.5,-1.1,39,99,53,13,46,Matches
986,Bruno Silva,fr FRA,FW,Valladolid,es La Liga,32,1991,9.3,310,426,72.8,7042,3012,195,230,84.8,112,130,86.2,25,66,37.9,0,0.3,0.9,-0.3,0,40,0,0,36,Matches
987,Javier Bianchi,es ESP,DF,Villarreal,es La Liga,28,1995,9.6,465,571,81.4,9106,3317,263,303,86.8,218,259,84.2,6,9,66.7,0,0.0,0.0,0.0,5,30,6,2,39,Matches
988,Leo Pereira,ch SUI,"MF,FW",Valladolid,es La Liga,29,1994,5.4,206,245,84.1,4065,1496,118,131,90.1,102,112,91.1,1,2,50.0,0,0.0,0.1,0.0,12,36,16,6,27,Matches
989,Omar Nielsen,fr FRA,DF,Girona,es La Liga,23,2000,0.4,17,24,70.8,351,125,12,13,92.3,6,7,85.7,2,4,50.0,0,0.0,0.0,0.0,0,1,0,0,2,Matches
990,Mason Larsen,es ESP,DF,Valencia,es La Liga,37,1986,17.6,610,740,82.4,10138,4760,278,314,88.5,264,277,95.3,107,149,71.8,3,3.7,3.8,-0.7,14,71,27,6,43,Matches
991,Ryan Martínez,no NOR,DF,Getafe,es La Liga,30,1993,22.9,1180,1453,81.2,21607,7041,551,606,90.9,443,568,78.0,127,279,45.5,0,0.0,0.0,0.0,9,107,16,2,93,Matches
992,Nuno Santos,dk DEN,FW,Villarreal,es La Liga,27,1996,7.3,178,214,83.2,4327,1235,84,91,92.3,76,85,89.4,21,38,55.3,2,1.3,0.9,0.7,9,12,11,7,16,Matches
993,Stefan López,us USA,DF,Almería,es La Liga,20,2003,38.0,1191,1483,80.3,24751,9379,533,544,98.0,451,533,84.6,291,406,71.7,1,2.1,2.1,-1.1,10,174,22,5,82,Matches
994,Leo Jansen,jp JPN,MF,Almería,es La Liga,32,1991,8.0,337,362,93.1,5656,1694,116,127,91.3,138,154,89.6,38,81,46.9,3,2.6,2.9,0.4,10,17,12,6,24,Matches
995,Antoine Hansen,uy URU,DF,Elche,es La Liga,26,1997,27.1,1079,1290,83.6,21291,4929,384,436,88.1,459,579,79.3,145,275,52.7,3,0.9,0.9,2.1,25,120,37,8,106,Matches
996,Julien Wright,uy URU,"MF,FW",Espanyol,es La Liga,28,1995,18.1,1142,1324,86.3,20242,8818,628,658,95.4,396,475,83.4,130,191,68.1,0,0.0,0.0,0.0,4,127,9,2,41,Matches
997,Ryan Kowalski,us USA,MF,Villarreal,es La Liga,30,1993,20.6,955,1207,79.1,17402,5856,651,679,95.9,350,391,89.5,48,137,35.0,1,1.1,0.8,-0.1,16,166,22,11,34,Matches
998,Anton Petit,ma MAR,MF,Valladolid,es La Liga,34,1989,6.5,207,239,86.6,4585,1230,94,99,94.9,90,100,90.0,20,40,50.0,0,1.2,1.5,-1.2,1,32,1,1,17,Matches
999,Connor Murphy,it ITA,DF,Mallorca,es La Liga,27,1996,5.7,300,369,81.3,6659,1970,149,163,91.4,114,128,89.1,35,78,44.9,0,0.0,0.0,0.0,3,33,5,2,26,Matches
1000,Milan Santos,it ITA,GK,Villarreal,es La Liga,24,1999,8.1,447,638,70.1,7027,2165,297,307,96.7,150,156,96.2,99,175,56.6,0,0.0,0.3,0.0,0,27,0,0,47,Matches
1001,Finn Becker,at AUT,"FW,DF",Sevilla,es La Liga,28,1995,9.5,229,288,79.5,3551,782,133,145,91.7,121,132,91.7,8,11,72.7,1,0.7,1.0,0.3,7,34,11,2,15,Matches
1002,Karim Clarke,it ITA,"MF,FW",Espanyol,es La Liga,32,1991,8.8,429,526,81.6,9087,2682,160,179,89.4,194,231,84.0,71,116,61.2,0,0.0,0.0,0.0,5,45,2,2,31,Matches
1003,Owen El Amrani,pt POR,DF,Barcelona,es La Liga,30,1993,1.0,20,26,76.9,373,167,10,11,90.9,8,9,88.9,4,6,66.7,0,1.4,0.8,-1.4,1,2,2,0,2,Matches
1004,Mason Moreau,se SWE,FW,Real Sociedad,es La Liga,28,1995,1.8,43,58,74.1,719,200,30,32,93.8,18,20,90.0,4,6,66.7,0,0.5,0.5,-0.5,1,6,1,0,2,Matches
1005,Daniel Kovač,no NOR,FW,Getafe,es La Liga,25,1998,15.2,656,789,83.1,12538,4427,401,414,96.9,203,236,86.0,62,139,44.6,1,2.5,2.0,-1.5,17,67,32,10,18,Matches
1006,Mateo Horvat,us USA,DF,Real Betis,es La Liga,25,1998,4.6,204,282,72.3,3629,620,107,116,92.2,87,111,78.4,23,55,41.8,0,0.0,0.0,0.0,1,16,1,0,3,Matches
1007,Omar Bianchi,nl NED,DF,Celta Vigo,es La Liga,24,1999,21.2,590,857,68.8,11167,2663,355,405,87.7,272,352,77.3,51,100,51.0,1,1.2,1.9,-0.2,9,51,11,4,70,Matches
1008,Jonas Fernández,uy URU,MF,Real Sociedad,es La Liga,21,2002,20.0,785,912,86.1,17161,4830,435,495,87.9,268,317,84.5,52,100,52.0,2,0.3,0.7,1.7,17,73,22,10,52,Matches
1009,Lucas Benali,dk DEN,MF,Sevilla,es La Liga,29,1994,37.4,2376,2619,90.7,40926,16040,933,1007,92.7,926,1047,88.4,388,565,68.7,2,2.0,2.7,0.0,15,171,29,6,366,Matches
1010,Marco Schmidt,pt POR,GK,Valencia,es La Liga,26,1997,6.5,245,350,70.0,4381,1653,136,144,94.4,116,134,86.6,49,72,68.1,0,1.2,2.3,-1.2,1,2,1,0,18,Matches
1011,Felix Larsen,us USA,"MF,FW",Athletic Club,es La Liga,27,1996,11.6,322,406,79.3,7464,3236,162,173,93.6,124,130,95.4,51,103,49.5,2,2.1,2.2,-0.1,14,45,15,5,28,Matches
1012,Pablo Benali,br BRA,DF,Valladolid,es La Liga,28,1995,9.2,296,356,83.1,5719,1010,143,151,94.7,98,120,81.7,46,85,54.1,1,1.4,1.4,-0.4,5,27,11,2,21,Matches
1013,Mateo Bakker,ma MAR,MF,Mallorca,es La Liga,34,1989,5.9,308,351,87.7,5875,2072,135,148,91.2,102,118,86.4,41,85,48.2,0,0.0,0.8,0.0,2,22,2,0,28,Matches
1014,Mateo Rizzo,hr CRO,"FW,DF",Girona,es La Liga,32,1991,13.0,228,299,76.3,4039,1570,131,151,86.8,80,101,79.2,22,47,46.8,0,0.0,0.2,0.0,6,27,10,1,13,Matches
1015,Samuel Lindqvist,se SWE,GK,Mallorca,es La Liga,30,1993,5.2,349,438,79.7,7449,2631,188,194,96.9,136,167,81.4,46,77,59.7,3,4.1,4.1,-1.1,7,33,8,0,37,Matches
1016,Karim Lindqvist,pl POL,DF,Espanyol,es La Liga,23,2000,4.3,171,202,84.7,2769,755,78,81,96.3,68,77,88.3,25,44,56.8,0,0.0,0.0,0.0,6,16,3,1,8,Matches
1017,Stefan Fischer,fr FRA,"MF,DF",Real Sociedad,es La Liga,27,1996,16.4,864,965,89.5,20760,6416,413,421,98.1,412,464,88.8,39,80,48.8,2,2.7,2.6,-0.7,28,44,27,14,38,Matches
1018,Hugo Becker,eng ENG,FW,Girona,es La Liga,22,2001,3.3,163,188,86.7,3547,1224,81,87,93.1,47,59,79.7,28,42,66.7,1,0.6,0.7,0.4,8,21,13,5,19,Matches
1019,Yusuf Novak,no NOR,FW,Atlético Madrid,es La Liga,28,1995,2.7,97,125,77.6,1780,602,46,53,86.8,28,35,80.0,22,37,59.5,0,0.0,0.0,0.0,0,6,0,0,6,Matches
1020,Théo Rizzo,hr CRO,DF,Real Betis,es La Liga,26,1997,15.3,349,450,77.6,6295,2632,158,176,89.8,154,181,85.1,40,93,43.0,0,0.4,1.1,-0.4,3,24,6,1,35,Matches
1021,Andrés Hughes,be BEL,MF,Sevilla,es La Liga,24,1999,30.2,1187,1319,90.0,20080,6369,614,683,89.9,583,661,88.2,0,0,,3,2.2,2.8,0.8,32,156,55,17,160,Matches
1022,Karim Fernández,es ESP,DF,Almería,es La Liga,25,1998,10.9,385,487,79.1,7797,2575,170,181,93.9,176,211,83.4,56,95,58.9,0,0.0,0.0,0.0,10,36,13,2,40,Matches
1023,Youssef Walsh,nl NED,DF,Valladolid,es La Liga,20,2003,23.2,689,923,74.6,15537,3736,420,452,92.9,326,378,86.2,49,93,52.7,1,0.2,0.0,0.8,22,89,17,8,61,Matches
1024,Takumi Kovač,pl POL,"MF,FW",Villarreal,es La Liga,39,1984,14.4,727,878,82.8,14852,4941,320,350,91.4,244,268,91.0,141,260,54.2,5,6.0,6.2,-1.0,40,93,62,10,55,Matches
1025,Kevin Girard,pt POR,"FW,MF",Valencia,es La Liga,25,1998,11.1,478,582,82.1,8894,1820,276,322,85.7,139,155,89.7,76,105,72.4,3,2.0,1.9,1.0,8,82,16,4,51,Matches
1026,Noah Lindqvist,rs SRB,"MF,DF",Villarreal,es La Liga,31,1992,7.8,338,421,80.3,4768,1430,132,140,94.3,112,134,83.6,97,147,66.0,2,1.5,1.5,0.5,16,23,19,8,26,Matches
1027,Omar Ndiaye,us USA,"DF,MF",Valencia,es La Liga,26,1997,0.8,32,37,86.5,550,151,16,17,94.1,11,13,84.6,4,7,57.1,0,0.0,0.0,0.0,0,3,0,0,4,Matches
1028,Maxime Conti,es ESP,MF,Getafe,es La Liga,29,1994,12.8,555,676,82.1,9433,3304,324,344,94.2,218,240,90.8,59,92,64.1,0,0.4,1.3,-0.4,4,86,9,2,60,Matches
1029,Thomas Costa,no NOR,DF,Valencia,es La Liga,27,1996,3.2,136,165,82.4,2681,1102,84,91,92.3,56,65,86.2,6,9,66.7,0,0.0,0.3,0.0,3,11,4,2,21,Matches
1030,Rafael Benali,uy URU,"MF,DF",Osasuna,es La Liga,24,1999,3.4,190,251,75.7,4615,1264,99,106,93.4,73,90,81.1,23,55,41.8,0,0.0,0.1,0.0,3,16,5,1,12,Matches
1031,Kevin Müller,it ITA,DF,Osasuna,es La Liga,28,1995,34.8,1115,1548,72.0,22266,8236,603,694,86.9,506,585,86.5,154,269,57.2,4,3.0,3.5,1.0,45,101,37,13,63,Matches
1032,Takumi Diallo,nl NED,DF,Sevilla,es La Liga,30,1993,6.5,207,247,83.8,4652,1323,138,143,96.5,67,83,80.7,10,21,47.6,0,0.6,1.4,-0.6,1,15,2,1,11,Matches
1033,Jordan Weber,at AUT,MF,Girona,es La Liga,33,1990,7.9,499,555,89.9,9950,3362,253,298,84.9,179,234,76.5,15,23,65.2,1,2.3,2.2,-1.3,6,28,8,2,41,Matches
1034,Samuel Ndiaye,br BRA,"MF,DF",Atlético Madrid,es La Liga,29,1994,4.4,173,193,89.6,3652,935,86,91,94.5,68,83,81.9,12,19,63.2,0,0.6,0.5,-0.6,8,21,15,4,20,Matches
1035,Karim Wright,hr CRO,DF,Valladolid,es La Liga,29,1994,6.4,187,237,78.9,3848,1341,105,118,89.0,72,88,81.8,17,31,54.8,0,0.0,0.1,0.0,6,28,6,1,8,Matches
1036,Rafael Nowak,co COL,FW,Real Madrid,es La Liga,25,1998,8.3,309,349,88.5,5811,1804,165,169,97.6,112,131,85.5,30,49,61.2,1,1.6,2.4,-0.6,4,54,7,1,25,Matches
1037,Yusuf Kovač,eng ENG,"FW,MF",Espanyol,es La Liga,25,1998,5.5,288,331,87.0,5930,2269,122,137,89.1,91,111,82.0,49,83,59.0,0,0.7,1.6,-0.7,1,25,1,0,36,Matches
1038,Anton Cissé,dk DEN,FW,Sevilla,es La Liga,20,2003,14.2,308,401,76.8,4754,1375,152,173,87.9,149,170,87.6,39,58,67.2,0,0.7,1.0,-0.7,4,33,3,1,18,Matches
1039,Javier Walsh,se SWE,FW,Real Betis,es La Liga,26,1997,6.1,186,240,77.5,2945,962,76,87,87.4,75,88,85.2,42,65,64.6,1,1.3,1.2,-0.3,3,17,4,1,21,Matches
1040,Takumi Cissé,pt POR,DF,Mallorca,es La Liga,23,2000,12.7,553,740,74.7,9710,2914,348,381,91.3,207,213,97.2,78,146,53.4,0,0.5,1.0,-0.5,3,51,5,1,46,Matches
1041,Luca Fernández,sn SEN,FW,Clermont Foot,fr Ligue 1,29,1994,13.3,332,412,80.6,7000,3345,153,166,92.2,150,150,100.0,63,96,65.6,2,0.0,0.1,2.0,4,39,5,2,39,Matches
1042,Connor Martínez,rs SRB,MF,Rennes,fr Ligue 1,27,1996,5.2,226,312,72.4,4322,2203,120,136,88.2,98,116,84.5,41,60,68.3,3,0.7,0.7,2.3,11,23,21,3,22,Matches
1043,Ibrahim Martínez,fr FRA,MF,Nice,fr Ligue 1,28,1995,5.9,251,329,76.3,5025,1027,116,133,87.2,104,123,84.6,49,73,67.1,1,1.3,1.6,-0.3,2,20,3,1,28,Matches
1044,Adam Greco,be BEL,"MF,DF",Clermont Foot,fr Ligue 1,31,1992,3.0,179,210,85.2,4034,1487,77,88,87.5,67,75,89.3,27,47,57.4,0,0.2,0.2,-0.2,5,22,6,2,4,Matches
1045,Samuel Greco,sn SEN,MF,Lyon,fr Ligue 1,28,1995,7.3,358,422,84.8,5980,1495,147,167,88.0,124,150,82.7,54,105,51.4,0,1.6,1.1,-1.6,8,18,13,5,43,Matches
1046,Marco Dubois,co COL,GK,Montpellier,fr Ligue 1,24,1999,8.8,655,795,82.4,13189,3684,395,431,91.6,335,414,80.9,0,0,,0,0.4,0.3,-0.4,3,48,4,1,27,Matches
1047,Samuel Hoffmann,es ESP,DF,Lille,fr Ligue 1,28,1995,12.2,272,331,82.2,4360,1433,117,124,94.4,101,112,90.2,56,95,58.9,0,1.4,1.8,-1.4,12,21,13,2,44,Matches
1048,Felix Weber,at AUT,FW,Rennes,fr Ligue 1,27,1996,13.1,393,508,77.4,9106,4403,230,231,99.6,181,213,85.0,37,64,57.8,0,0.2,0.6,-0.2,5,43,8,2,32,Matches
1049,Rafael Hoffmann,hr CRO,"DF,MF",Monaco,fr Ligue 1,31,1992,11.8,427,531,80.4,8981,2620,231,260,88.8,168,208,80.8,37,63,58.7,2,1.9,1.8,0.1,17,51,30,6,36,Matches
1050,Elias Fischer,it ITA,FW,Reims,fr Ligue 1,30,1993,38.0,1648,2038,80.9,35084,10264,1097,1097,100.0,727,859,84.6,46,82,56.1,4,4.9,5.5,-0.9,40,158,43,20,82,Matches
1051,Milan Cissé,at AUT,MF,Angers,fr Ligue 1,16,2007,18.3,722,888,81.3,12974,5151,411,440,93.4,230,277,83.0,82,171,48.0,1,1.1,1.3,-0.1,13,90,14,6,67,Matches
1052,Adam Benali,ar ARG,GK,Paris S-G,fr Ligue 1,21,2002,14.7,700,918,76.3,14457,3630,492,521,94.4,490,545,89.9,0,0,,2,1.0,0.9,1.0,24,73,47,7,66,Matches
1053,Hugo Martínez,br BRA,"MF,DF",Lens,fr Ligue 1,27,1996,2.2,75,92,81.5,1523,480,45,48,93.8,33,37,89.2,4,7,57.1,1,1.9,2.0,-0.9,4,6,7,3,8,Matches
1054,Samuel Silva,jp JPN,"DF,MF",Lille,fr Ligue 1,27,1996,12.3,856,938,91.3,15241,4943,471,510,92.4,320,376,85.1,29,52,55.8,1,1.4,1.6,-0.4,27,61,39,0,7,Matches
1055,Anton Müller,ch SUI,FW,Angers,fr Ligue 1,23,2000,16.7,619,694,89.2,11010,4162,273,298,91.6,230,265,86.8,78,131,59.5,0,0.0,0.0,0.0,5,57,8,1,57,Matches
1056,Mateo Novak,jp JPN,MF,Reims,fr Ligue 1,29,1994,13.8,709,803,88.3,11405,1690,530,546,97.1,280,347,80.7,0,0,,1,1.0,1.3,0.0,8,90,9,3,89,Matches
1057,Finn Laurent,rs SRB,GK,Monaco,fr Ligue 1,21,2002,8.6,336,497,67.6,5146,2376,150,165,90.9,152,174,87.4,98,158,62.0,0,1.7,1.6,-1.7,5,62,9,1,29,Matches
1058,Luca Conti,de GER,DF,Nice,fr Ligue 1,26,1997,2.6,64,74,86.5,1278,392,35,38,92.1,15,19,78.9,9,17,52.9,0,0.0,0.0,0.0,1,9,2,0,3,Matches
1059,Youssef Gómez,se SWE,GK,Brest,fr Ligue 1,24,1999,2.8,116,162,71.6,1977,639,69,76,90.8,71,89,79.8,0,0,,0,0.0,0.0,0.0,1,15,1,0,13,Matches
1060,Elias Cissé,it ITA,DF,Lens,fr Ligue 1,28,1995,4.5,43,55,78.2,750,301,21,23,91.3,17,20,85.0,8,12,66.7,0,0.2,0.1,-0.2,2,3,3,1,4,Matches
1061,Luca Barnes,ma MAR,DF,Lyon,fr Ligue 1,30,1993,24.2,386,525,73.5,8232,2375,235,266,88.3,154,201,76.6,44,58,75.9,1,0.0,0.8,1.0,2,42,2,1,36,Matches
1062,Anton Sánchez,sn SEN,DF,Montpellier,fr Ligue 1,27,1996,2.2,51,63,81.0,916,386,27,29,93.1,16,18,88.9,9,16,56.2,0,0.1,0.4,-0.1,1,5,2,1,6,Matches
1063,Stefan Yamamoto,at AUT,"FW,DF",Montpellier,fr Ligue 1,27,1996,15.8,653,855,76.4,12814,5074,342,374,91.4,278,343,81.0,80,138,58.0,0,0.0,0.2,0.0,2,53,4,1,46,Matches
1064,Takumi Schmidt,at AUT,"DF,FW",Reims,fr Ligue 1,23,2000,8.8,194,263,73.8,3752,897,102,111,91.9,110,124,88.7,13,28,46.4,0,0.0,0.0,0.0,2,30,3,1,16,Matches
1065,Maxime Horvat,ch SUI,DF,Lille,fr Ligue 1,20,2003,2.7,103,118,87.3,2117,826,55,56,98.2,45,50,90.0,8,12,66.7,0,0.0,0.0,0.0,1,11,2,0,4,Matches
1066,Andrés Yamamoto,sn SEN,"DF,MF",Lorient,fr Ligue 1,24,1999,1.0,44,52,84.6,754,160,24,27,88.9,13,15,86.7,6,10,60.0,0,1.5,1.3,-1.5,1,5,1,1,5,Matches
1067,David Bakker,nl NED,FW,Nice,fr Ligue 1,22,2001,5.2,115,162,71.0,2195,821,60,64,93.8,45,53,84.9,27,45,60.0,1,2.2,2.4,-1.2,4,11,4,1,15,Matches
1068,Pedro Lindqvist,sn SEN,DF,Clermont Foot,fr Ligue 1,26,1997,8.6,340,420,81.0,7647,2057,150,167,89.8,139,153,90.8,51,100,51.0,0,0.0,0.0,0.0,1,37,1,0,30,Matches
1069,Oscar Laurent,jp JPN,DF,Lille,fr Ligue 1,28,1995,9.5,247,320,77.2,4686,1417,136,155,87.7,100,118,84.7,25,47,53.2,2,1.8,1.7,0.2,16,24,18,8,19,Matches
1070,Marco Bakker,se SWE,"FW,MF",Lille,fr Ligue 1,24,1999,13.6,650,781,83.2,12846,5785,295,321,91.9,261,307,85.0,67,153,43.8,3,3.5,3.3,-0.5,25,78,36,7,38,Matches
1071,Diego Greco,uy URU,"MF,FW",Monaco,fr Ligue 1,31,1992,12.8,349,433,80.6,7128,2581,175,193,90.7,148,175,84.6,41,65,63.1,1,1.7,1.8,-0.7,4,24,3,1,35,Matches
1072,Ryan El Amrani,ar ARG,GK,Clermont Foot,fr Ligue 1,28,1995,12.2,506,741,68.3,10162,4093,306,353,86.7,236,281,84.0,68,107,63.6,1,1.3,1.2,-0.3,13,51,20,4,45,Matches
1073,Ibrahim Costa,pt POR,DF,Reims,fr Ligue 1,29,1994,15.6,303,382,79.3,5563,1754,130,147,88.4,123,148,83.1,62,87,71.3,0,1.2,1.2,-1.2,12,31,14,4,27,Matches
1074,Sota Schmidt,es ESP,MF,Paris S-G,fr Ligue 1,31,1992,20.4,1067,1373,77.7,22810,8834,704,753,93.5,478,580,82.4,15,40,37.5,2,2.7,2.3,-0.7,26,106,28,3,43,Matches
1075,Maxime Martínez,rs SRB,FW,Marseille,fr Ligue 1,27,1996,8.0,221,286,77.3,4658,1013,139,149,93.3,76,91,83.5,23,46,50.0,0,0.1,0.0,-0.1,2,21,1,1,16,Matches
1076,Marco Greco,pt POR,FW,Paris S-G,fr Ligue 1,32,1991,38.0,927,1308,70.9,16959,7723,381,410,92.9,548,548,100.0,165,350,47.1,6,4.4,4.7,1.6,38,124,36,12,98,Matches
1077,Noah Dubois,sn SEN,"MF,FW",Reims,fr Ligue 1,24,1999,18.1,761,977,77.9,13089,4012,358,390,91.8,353,393,89.8,121,194,62.4,1,2.0,1.5,-1.0,40,76,62,16,40,Matches
1078,Sota Martínez,pl POL,DF,Strasbourg,fr Ligue 1,16,2007,21.3,1046,1362,76.8,23053,3417,532,551,96.6,417,510,81.8,149,301,49.5,0,0.8,0.0,-0.8,15,137,12,6,169,Matches
1079,Ryan Santos,be BEL,MF,Angers,fr Ligue 1,27,1996,21.9,1289,1480,87.1,26958,10154,713,729,97.8,463,472,98.1,104,279,37.3,2,3.7,3.9,-1.7,18,184,16,6,153,Matches
1080,João Fischer,br BRA,GK,Ajaccio,fr Ligue 1,30,1993,5.6,385,474,81.2,6993,2075,205,220,93.2,168,201,83.6,31,53,58.5,1,1.5,1.5,-0.5,7,29,10,4,35,Matches
1081,Owen Andersson,dk DEN,DF,Montpellier,fr Ligue 1,24,1999,4.0,116,153,75.8,2303,524,77,77,100.0,54,61,88.5,8,15,53.3,0,0.0,0.4,0.0,2,9,2,1,8,Matches
1082,Luca Walsh,eng ENG,DF,Brest,fr Ligue 1,24,1999,3.1,61,82,74.4,1121,385,38,41,92.7,23,31,74.2,5,10,50.0,0,1.5,2.0,-1.5,1,2,2,0,5,Matches
1083,Callum Hughes,nl NED,FW,Ajaccio,fr Ligue 1,32,1991,8.3,220,305,72.1,3682,1362,117,131,89.3,91,104,87.5,42,70,60.0,0,0.6,0.4,-0.6,6,19,11,0,13,Matches
1084,Liam Yamamoto,jp JPN,FW,Reims,fr Ligue 1,19,2004,0.8,32,39,82.1,746,287,16,17,94.1,13,15,86.7,4,7,57.1,1,1.7,1.5,-0.7,1,4,1,0,3,Matches
1085,Thomas Lindqvist,it ITA,FW,Clermont Foot,fr Ligue 1,31,1992,12.1,642,790,81.3,11543,3010,394,423,93.1,320,373,85.8,0,0,,1,0.2,0.0,0.8,7,52,7,1,98,Matches
1086,Maxime Gómez,eng ENG,DF,Lille,fr Ligue 1,25,1998,12.0,392,546,71.8,6222,2324,241,288,83.7,158,171,92.4,49,87,56.3,0,0.0,0.5,0.0,1,60,2,1,42,Matches
1087,Owen Horvat,hr CRO,DF,Clermont Foot,fr Ligue 1,23,2000,4.2,179,207,86.5,3814,878,112,117,95.7,85,94,90.4,0,0,,0,1.9,1.9,-1.9,0,10,0,0,11,Matches
1088,Milan Byrne,pl POL,DF,Auxerre,fr Ligue 1,28,1995,17.5,479,685,69.9,10021,1261,298,326,91.4,200,233,85.8,66,126,52.4,1,1.7,1.7,-0.7,6,35,7,0,44,Matches
1089,Liam Rossi,uy URU,"DF,FW",Montpellier,fr Ligue 1,20,2003,3.8,139,157,88.5,2657,710,60,66,90.9,48,59,81.4,20,32,62.5,0,1.3,0.6,-1.3,1,16,1,0,9,Matches
1090,Callum Müller,nl NED,FW,Lorient,fr Ligue 1,27,1996,28.1,1110,1413,78.6,20198,8487,678,756,89.7,429,529,81.1,87,128,68.0,4,3.8,3.2,0.2,38,158,44,2,81,Matches
1091,Sota Rossi,nl NED,DF,Nantes,fr Ligue 1,29,1994,3.9,113,148,76.4,2277,970,73,82,89.0,45,54,83.3,5,12,41.7,0,0.0,0.0,0.0,2,14,3,1,7,Matches
1092,Oscar Yamamoto,uy URU,"DF,MF",Nantes,fr Ligue 1,30,1993,18.2,1021,1113,91.7,19735,5186,397,482,82.4,360,433,83.1,86,198,43.4,3,2.7,3.4,0.3,34,119,36,1,159,Matches
1093,Luca Costa,no NOR,DF,Nantes,fr Ligue 1,22,2001,3.0,95,121,78.5,1990,783,53,55,96.4,34,41,82.9,12,25,48.0,0,0.8,0.4,-0.8,1,11,1,0,8,Matches
1094,Hugo Pereira,pl POL,"MF,FW",Paris S-G,fr Ligue 1,28,1995,4.2,188,227,82.8,4556,1495,111,116,95.7,92,110,83.6,0,1,0.0,1,1.3,1.2,-0.3,8,17,13,4,15,Matches
1095,Daniel Hughes,es ESP,DF,Lens,fr Ligue 1,35,1988,2.6,100,133,75.2,2211,757,54,60,90.0,40,49,81.6,12,24,50.0,1,1.8,1.3,-0.8,1,14,2,1,11,Matches
1096,Mason Becker,sn SEN,FW,Toulouse,fr Ligue 1,25,1998,5.4,228,262,87.0,4101,1100,85,90,94.4,74,88,84.1,34,84,40.5,0,0.0,0.5,0.0,3,28,3,2,28,Matches
1097,Javier Petit,us USA,MF,Lyon,fr Ligue 1,27,1996,12.6,609,638,95.5,11936,4481,279,300,93.0,224,249,90.0,44,89,49.4,0,0.0,0.2,0.0,5,43,6,4,39,Matches
1098,Owen Hughes,jp JPN,MF,Brest,fr Ligue 1,33,1990,3.7,251,275,91.3,4226,1458,91,96,94.8,72,85,84.7,63,94,67.0,0,0.0,0.2,0.0,6,29,8,3,4,Matches
1099,Théo Weber,pl POL,MF,Reims,fr Ligue 1,28,1995,9.2,542,616,88.0,12914,5026,264,290,91.0,198,222,89.2,59,104,56.7,0,0.0,0.0,0.0,4,46,4,1,65,Matches
1100,Anton Girard,se SWE,"MF,FW",Nantes,fr Ligue 1,22,2001,3.5,131,156,84.0,2685,857,59,69,85.5,46,48,95.8,21,39,53.8,0,0.4,0.3,-0.4,2,15,3,1,14,Matches
1101,Luca Greco,ch SUI,DF,Lorient,fr Ligue 1,21,2002,5.5,177,264,67.0,3468,721,106,120,88.3,98,112,87.5,18,32,56.2,1,1.2,1.1,-0.2,10,15,13,4,22,Matches
1102,Diego Rizzo,uy URU,FW,Angers,fr Ligue 1,29,1994,14.8,670,758,88.4,14372,5286,329,342,96.2,163,224,72.8,126,192,65.6,1,0.2,0.5,0.8,19,70,37,16,51,Matches
1103,Sota Becker,se SWE,DF,Lyon,fr Ligue 1,29,1994,3.5,132,163,81.0,2618,772,75,78,96.2,58,72,80.6,6,13,46.2,0,0.0,0.2,0.0,3,5,4,0,6,Matches
1104,Stefan Tanaka,it ITA,GK,Reims,fr Ligue 1,26,1997,3.5,169,249,67.9,3569,1552,121,121,100.0,91,109,83.5,11,19,57.9,0,0.1,0.5,-0.1,2,10,2,1,24,Matches
1105,Owen Traoré,de GER,MF,Monaco,fr Ligue 1,27,1996,10.7,583,703,82.9,12921,4089,273,293,93.2,239,275,86.9,78,135,57.8,2,3.7,4.0,-1.7,8,67,17,4,49,Matches
1106,Liam Müller,co COL,"MF,FW",Monaco,fr Ligue 1,23,2000,1.5,41,55,74.5,818,354,25,26,96.2,22,23,95.7,4,6,66.7,0,0.0,0.0,0.0,1,3,1,0,6,Matches
1107,Julien Kowalski,de GER,DF,Monaco,fr Ligue 1,34,1989,6.4,180,216,83.3,3434,1137,119,119,100.0,75,87,86.2,4,10,40.0,0,0.4,0.9,-0.4,3,15,4,0,28,Matches
1108,Ryan Lindqvist,ar ARG,MF,Reims,fr Ligue 1,34,1989,6.9,295,397,74.3,5724,1912,149,152,98.0,103,128,80.5,75,117,64.1,4,5.3,6.0,-1.3,24,40,39,15,33,Matches
1109,Emil Greco,br BRA,GK,Paris S-G,fr Ligue 1,25,1998,3.5,173,248,69.8,3980,1221,93,110,84.5,86,98,87.8,18,40,45.0,0,1.3,1.7,-1.3,2,12,2,0,16,Matches
1110,Youssef Kowalski,de GER,FW,Monaco,fr Ligue 1,27,1996,7.2,342,404,84.7,7336,2406,191,196,97.4,128,153,83.7,36,55,65.5,0,1.4,1.1,-1.4,8,24,12,2,16,Matches
1111,Samuel Ndiaye,no NOR,DF,Troyes,fr Ligue 1,20,2003,4.9,237,278,85.3,5102,2070,100,112,89.3,82,97,84.5,35,69,50.7,0,0.0,0.1,0.0,6,19,9,3,18,Matches
1112,Ryan Fischer,no NOR,FW,Toulouse,fr Ligue 1,24,1999,9.1,123,179,68.7,2744,683,80,91,87.9,64,73,87.7,10,15,66.7,1,1.3,1.0,-0.3,13,14,23,6,9,Matches
1113,Samuel Nielsen,ma MAR,GK,Ajaccio,fr Ligue 1,28,1995,9.3,361,536,67.4,8175,2347,236,252,93.7,228,279,81.7,2,5,40.0,0,0.0,0.0,0.0,8,38,14,3,45,Matches
1114,Maxime Wagner,eng ENG,DF,Monaco,fr Ligue 1,25,1998,15.9,511,610,83.8,8203,2898,210,231,90.9,194,205,94.6,84,174,48.3,1,0.3,0.2,0.7,10,31,13,2,36,Matches
1115,Callum Clarke,pl POL,"MF,FW",Paris S-G,fr Ligue 1,30,1993,0.3,7,10,70.0,138,42,6,6,100.0,4,5,80.0,0,0,,0,0.4,0.7,-0.4,0,1,0,0,0,Matches
1116,Oscar Berg,fr FRA,"FW,MF",Auxerre,fr Ligue 1,30,1993,11.3,433,541,80.0,8710,2970,199,204,97.5,218,240,90.8,55,97,56.7,0,1.2,1.4,-1.2,15,45,20,6,21,Matches
1117,Andrés Andersson,ma MAR,DF,Auxerre,fr Ligue 1,24,1999,5.9,280,327,85.6,5469,1604,123,134,91.8,116,123,94.3,57,70,81.4,0,0.0,0.0,0.0,4,27,4,2,21,Matches
1118,Julien Hughes,rs SRB,FW,Lorient,fr Ligue 1,28,1995,4.3,107,130,82.3,1849,444,45,49,91.8,52,58,89.7,14,23,60.9,1,1.8,2.8,-0.8,3,5,3,1,5,Matches
1119,Connor Becker,hr CRO,"FW,MF",Brest,fr Ligue 1,25,1998,12.4,645,729,88.5,13105,3101,309,352,87.8,201,239,84.1,74,138,53.6,0,0.0,0.4,0.0,7,75,11,2,32,Matches
1120,Connor Rossi,ar ARG,DF,Lille,fr Ligue 1,24,1999,7.5,295,362,81.5,6399,2030,149,164,90.9,122,139,87.8,31,59,52.5,1,0.0,0.2,1.0,9,21,16,2,17,Matches
1121,Leo Doyle,us USA,"DF,MF",Lorient,fr Ligue 1,25,1998,17.8,631,664,95.0,13023,5929,308,372,82.8,270,300,90.0,0,0,,0,2.5,2.3,-2.5,5,48,6,4,58,Matches
1122,Karim Costa,eng ENG,DF,Paris S-G,fr Ligue 1,26,1997,3.3,96,121,79.3,1894,856,39,40,97.5,34,42,81.0,22,39,56.4,0,0.3,0.0,-0.3,0,7,0,0,5,Matches
1123,Mason Rizzo,se SWE,"FW,MF",Angers,fr Ligue 1,24,1999,12.1,707,850,83.2,11940,4549,235,258,91.1,250,293,85.3,190,299,63.5,2,1.3,1.9,0.7,16,47,22,6,53,Matches
1124,Daniel Rizzo,br BRA,MF,Paris S-G,fr Ligue 1,31,1992,14.0,795,1000,79.5,15751,5540,355,388,91.5,365,416,87.7,120,196,61.2,0,1.4,1.2,-1.4,5,51,5,1,93,Matches
1125,Julien El Amrani,fr FRA,MF,Toulouse,fr Ligue 1,20,2003,0.4,21,24,87.5,480,129,7,8,87.5,7,8,87.5,5,8,62.5,0,0.0,0.2,0.0,0,1,0,0,3,Matches
1126,Liam Kovač,no NOR,MF,Troyes,fr Ligue 1,30,1993,9.5,470,570,82.5,9937,2812,252,279,90.3,187,224,83.5,26,67,38.8,0,0.1,0.4,-0.1,2,55,3,1,47,Matches
1127,João Berg,hr CRO,MF,Montpellier,fr Ligue 1,25,1998,11.0,424,510,83.1,7774,2837,290,295,98.3,161,185,87.0,12,30,40.0,3,3.3,3.9,-0.3,36,43,56,17,23,Matches
1128,Daniel Silva,rs SRB,"DF,MF",Angers,fr Ligue 1,26,1997,9.3,230,330,69.7,4702,1404,140,151,92.7,77,99,77.8,57,80,71.2,0,1.4,0.3,-1.4,5,18,6,3,13,Matches
1129,Diego Cissé,eng ENG,GK,Toulouse,fr Ligue 1,27,1996,6.1,365,455,80.2,6665,2684,167,179,93.3,204,236,86.4,14,40,35.0,0,0.7,0.2,-0.7,2,33,3,1,24,Matches
1130,Bruno Novak,hr CRO,MF,Marseille,fr Ligue 1,23,2000,22.9,883,958,92.2,12463,3645,321,344,93.3,422,456,92.5,102,158,64.6,3,2.1,2.4,0.9,21,57,30,7,91,Matches
1131,Hugo Yamamoto,us USA,MF,Nice,fr Ligue 1,32,1991,12.8,610,640,95.3,14412,4972,336,339,99.1,251,298,84.2,1,3,33.3,1,0.4,0.4,0.6,18,67,14,1,68,Matches
1132,Adam Nielsen,de GER,MF,Lens,fr Ligue 1,28,1995,1.5,50,58,86.2,1073,341,22,23,95.7,15,18,83.3,10,17,58.8,0,0.0,0.0,0.0,1,3,1,1,3,Matches
1133,Milan Benali,pt POR,"DF,MF",Montpellier,fr Ligue 1,26,1997,2.4,114,133,85.7,1935,649,53,61,86.9,48,55,87.3,11,17,64.7,1,0.4,0.0,0.6,1,12,2,0,7,Matches
1134,Yusuf Wagner,it ITA,GK,Monaco,fr Ligue 1,27,1996,10.6,519,720,72.1,13027,4684,330,330,100.0,249,300,83.0,64,90,71.1,2,2.1,2.3,-0.1,10,46,15,0,46,Matches
1135,Marco Bakker,ch SUI,"MF,FW",Lyon,fr Ligue 1,23,2000,13.8,551,656,84.0,10526,3524,270,300,90.0,246,306,80.4,23,50,46.0,0,0.4,0.7,-0.4,6,84,10,1,67,Matches
1136,Sota Wright,br BRA,GK,Troyes,fr Ligue 1,19,2004,5.1,302,408,74.0,7362,2631,217,221,98.2,130,144,90.3,26,43,60.5,0,1.2,1.3,-1.2,5,35,3,0,32,Matches
1137,Bruno Fischer,sn SEN,MF,Paris S-G,fr Ligue 1,30,1993,13.8,428,562,76.2,9210,4042,249,277,89.9,176,206,85.4,38,79,48.1,0,0.8,1.3,-0.8,5,53,8,1,41,Matches
1138,Bruno Girard,pt POR,DF,Nice,fr Ligue 1,23,2000,4.6,107,152,70.4,2275,1028,65,67,97.0,43,47,91.5,17,38,44.7,0,1.9,1.4,-1.9,2,15,3,1,3,Matches
1139,Ryan López,ar ARG,MF,Rennes,fr Ligue 1,29,1994,6.3,380,453,83.9,7553,2931,163,176,92.6,162,191,84.8,50,86,58.1,0,0.0,0.0,0.0,8,68,10,5,35,Matches
1140,Stefan Murphy,no NOR,GK,Nice,fr Ligue 1,25,1998,8.0,508,634,80.1,8631,3000,291,324,89.8,191,218,87.6,69,92,75.0,0,0.0,0.3,0.0,7,50,11,3,38,Matches
1141,João Silva,es ESP,MF,Nantes,fr Ligue 1,22,2001,10.7,475,591,80.4,8593,2342,174,187,93.0,169,188,89.9,120,216,55.6,0,0.0,0.2,0.0,2,45,2,1,41,Matches
1142,Yusuf Ferrari,se SWE,"MF,FW",Reims,fr Ligue 1,31,1992,14.3,695,787,88.3,13030,5835,274,291,94.2,326,326,100.0,81,170,47.6,1,0.0,0.1,1.0,17,53,13,4,94,Matches
1143,Kevin Weber,be BEL,GK,Lyon,fr Ligue 1,27,1996,17.8,1087,1458,74.6,22238,10911,769,843,91.2,559,608,91.9,4,7,57.1,0,0.0,0.0,0.0,1,25,1,1,88,Matches
1144,Ryan Silva,se SWE,DF,Strasbourg,fr Ligue 1,22,2001,12.8,397,509,78.0,7925,1994,213,235,90.6,172,203,84.7,39,71,54.9,3,3.4,3.3,-0.4,21,41,32,13,45,Matches
1145,Iker Benali,de GER,"MF,FW",Marseille,fr Ligue 1,18,2005,5.4,239,277,86.3,4926,1978,103,108,95.4,62,72,86.1,48,97,49.5,4,4.9,4.9,-0.9,4,20,7,3,34,Matches
1146,Karim Lindqvist,nl NED,FW,Angers,fr Ligue 1,31,1992,16.8,436,555,78.6,7405,1847,243,250,97.2,176,189,93.1,71,116,61.2,0,1.0,0.7,-1.0,17,53,32,0,42,Matches
1147,Sergio Andersson,us USA,FW,Paris S-G,fr Ligue 1,28,1995,1.3,34,45,75.6,779,190,22,23,95.7,11,13,84.6,6,9,66.7,0,0.0,0.6,0.0,0,5,0,0,4,Matches
1148,Adam Sánchez,ma MAR,DF,Monaco,fr Ligue 1,29,1994,1.7,52,68,76.5,981,279,31,35,88.6,22,26,84.6,4,7,57.1,0,0.0,0.7,0.0,0,4,0,0,4,Matches
1149,Diego Laurent,br BRA,"MF,FW",Nice,fr Ligue 1,29,1994,6.6,351,394,89.1,6983,2700,145,165,87.9,79,92,85.9,72,137,52.6,2,2.8,2.9,-0.8,5,26,6,3,42,Matches
1150,Erik Jansen,jp JPN,GK,Lens,fr Ligue 1,24,1999,11.7,581,744,78.1,13532,4138,237,284,83.5,243,297,81.8,95,163,58.3,0,0.0,0.0,0.0,6,50,8,1,41,Matches
1151,Nicolas Fernández,pt POR,GK,Brest,fr Ligue 1,23,2000,23.7,1052,1923,54.7,20913,5578,723,818,88.4,610,723,84.4,191,382,50.0,1,2.4,2.1,-1.4,15,121,23,3,42,Matches
1152,Kevin Murphy,at AUT,FW,Nantes,fr Ligue 1,23,2000,12.1,611,769,79.5,13054,5546,324,335,96.7,272,317,85.8,60,117,51.3,0,1.0,1.6,-1.0,4,24,5,1,32,Matches
1153,Owen Jansen,co COL,"DF,MF",Paris S-G,fr Ligue 1,21,2002,2.5,143,165,86.7,3152,716,80,89,89.9,53,63,84.1,7,13,53.8,1,2.0,1.8,-1.0,2,21,2,1,13,Matches
1154,Marco Wagner,br BRA,DF,Nantes,fr Ligue 1,22,2001,14.5,581,761,76.3,11339,4216,322,352,91.5,253,299,84.6,57,110,51.8,1,1.4,1.6,-0.4,21,55,23,4,48,Matches
1155,Yusuf Bakker,at AUT,FW,Strasbourg,fr Ligue 1,34,1989,1.8,22,26,84.6,528,244,10,11,90.9,7,9,77.8,3,6,50.0,0,0.0,0.0,0.0,1,2,1,0,1,Matches
1156,Ibrahim Diallo,rs SRB,"MF,FW",Strasbourg,fr Ligue 1,23,2000,3.4,142,165,86.1,2166,672,81,87,93.1,53,60,88.3,11,18,61.1,1,0.5,1.0,0.5,5,18,8,3,21,Matches
1157,Noah Nielsen,se SWE,MF,Clermont Foot,fr Ligue 1,18,2005,16.2,815,963,84.6,15748,5189,439,478,91.8,428,457,93.7,15,28,53.6,0,1.5,1.8,-1.5,12,80,26,5,51,Matches
1158,Thomas Cissé,jp JPN,MF,Rennes,fr Ligue 1,28,1995,24.0,1022,1215,84.1,18090,6198,420,455,92.3,322,372,86.6,146,388,37.6,2,2.6,2.5,-0.6,37,87,61,1,50,Matches
1159,Owen Laurent,us USA,"MF,FW",Lorient,fr Ligue 1,28,1995,20.4,1085,1302,83.3,18552,6668,494,557,88.7,400,482,83.0,183,263,69.6,3,4.4,4.3,-1.4,27,136,16,9,39,Matches
1160,Iker Fischer,de GER,FW,Ajaccio,fr Ligue 1,24,1999,1.4,47,58,81.0,996,383,23,26,88.5,21,23,91.3,5,9,55.6,0,1.1,1.5,-1.1,2,6,4,0,4,Matches
1161,Adam Costa,be BEL,FW,Nice,fr Ligue 1,33,1990,6.6,222,282,78.7,4255,1226,100,113,88.5,93,114,81.6,27,55,49.1,1,0.1,0.6,0.9,6,22,5,6,15,Matches
1162,Finn Petit,at AUT,DF,Brest,fr Ligue 1,26,1997,20.0,474,595,79.7,8539,2412,252,298,84.6,145,166,87.3,86,131,65.6,3,3.4,4.0,-0.4,13,22,18,3,26,Matches
1163,Viktor Greco,co COL,MF,Toulouse,fr Ligue 1,27,1996,8.5,377,406,92.9,6731,2813,169,184,91.8,135,141,95.7,43,81,53.1,2,3.4,3.4,-1.4,13,34,12,5,30,Matches
1164,Nuno Gómez,co COL,"FW,MF",Nantes,fr Ligue 1,24,1999,6.1,262,343,76.4,4053,1088,172,173,99.4,93,104,89.4,50,66,75.8,0,0.3,0.8,-0.3,8,8,17,3,30,Matches
1165,Anton Clarke,sn SEN,"DF,MF",Brest,fr Ligue 1,28,1995,8.3,446,481,92.7,9113,3112,214,222,96.4,180,200,90.0,24,59,40.7,1,1.7,1.9,-0.7,7,38,4,5,25,Matches
1166,Daniel Yamamoto,dk DEN,"FW,MF",Marseille,fr Ligue 1,27,1996,2.7,128,156,82.1,2303,666,85,87,97.7,40,51,78.4,10,18,55.6,0,0.0,0.0,0.0,1,9,1,0,11,Matches
1167,Thomas Schmidt,no NOR,"FW,MF",Angers,fr Ligue 1,26,1997,1.6,84,99,84.8,1558,524,36,43,83.7,44,49,89.8,3,7,42.9,1,0.3,0.0,0.7,2,10,2,1,6,Matches
1168,Javier Clarke,at AUT,"MF,DF",Lorient,fr Ligue 1,26,1997,19.5,1192,1398,85.3,24924,11242,485,569,85.2,451,541,83.4,124,288,43.1,3,3.0,3.4,0.0,36,140,51,5,163,Matches
1169,Antoine Nowak,co COL,MF,Auxerre,fr Ligue 1,32,1991,5.3,316,357,88.5,5664,1603,172,180,95.6,156,169,92.3,5,8,62.5,1,3.2,3.3,-2.2,7,46,9,3,34,Matches
1170,Sergio Novak,ar ARG,MF,Lens,fr Ligue 1,23,2000,7.1,250,308,81.2,5121,2145,150,158,94.9,103,125,82.4,16,25,64.0,2,3.0,2.8,-1.0,13,23,9,7,29,Matches
1171,Connor Byrne,jp JPN,MF,Nantes,fr Ligue 1,24,1999,29.3,773,968,79.9,17258,5517,359,405,88.6,211,249,84.7,181,314,57.6,0,0.0,0.0,0.0,21,98,35,9,63,Matches
1172,Elias Kowalski,no NOR,MF,Toulouse,fr Ligue 1,23,2000,11.7,588,736,79.9,11482,3692,318,339,93.8,220,246,89.4,92,151,60.9,0,1.6,2.0,-1.6,12,54,23,5,36,Matches
1173,Sergio Cissé,uy URU,"DF,MF",Troyes,fr Ligue 1,23,2000,20.1,1066,1261,84.5,23229,5813,510,616,82.8,438,522,83.9,77,123,62.6,1,2.0,1.4,-1.0,12,146,26,5,97,Matches
1174,Omar Larsen,ch SUI,"MF,DF",Montpellier,fr Ligue 1,28,1995,23.6,566,645,87.8,10573,3670,250,269,92.9,146,171,85.4,99,205,48.3,0,0.0,0.4,0.0,10,51,10,3,20,Matches
1175,Sergio Walsh,rs SRB,DF,Clermont Foot,fr Ligue 1,25,1998,21.2,1104,1351,81.7,18455,5977,608,731,83.2,503,561,89.7,28,59,47.5,0,0.0,0.0,0.0,6,93,10,5,83,Matches
1176,Jordan Ferrari,rs SRB,DF,Clermont Foot,fr Ligue 1,22,2001,7.8,208,269,77.3,4208,962,102,115,88.7,65,78,83.3,47,76,61.8,0,0.0,0.0,0.0,1,26,2,0,21,Matches
1177,Elias Clarke,sn SEN,MF,Lens,fr Ligue 1,22,2001,8.1,406,535,75.9,7778,2267,219,235,93.2,191,213,89.7,35,87,40.2,1,0.5,0.5,0.5,9,14,8,5,56,Matches
1178,Kevin Girard,es ESP,MF,Monaco,fr Ligue 1,20,2003,11.9,815,905,90.1,15208,4625,415,451,92.0,255,308,82.8,65,146,44.5,0,0.0,0.3,0.0,7,83,12,2,60,Matches
1179,Youssef Jansen,de GER,MF,Toulouse,fr Ligue 1,22,2001,5.5,262,306,85.6,4456,1151,106,120,88.3,99,122,81.1,42,64,65.6,2,1.0,1.0,1.0,4,30,6,0,29,Matches
1180,Felix Traoré,co COL,FW,Strasbourg,fr Ligue 1,33,1990,20.4,461,517,89.2,8307,3362,223,264,84.5,143,200,71.5,30,53,56.6,0,1.1,1.0,-1.1,8,43,15,3,40,Matches
1181,Youssef Rizzo,es ESP,MF,Clermont Foot,fr Ligue 1,27,1996,2.0,119,125,95.2,2026,661,60,70,85.7,31,40,77.5,11,15,73.3,0,0.0,0.0,0.0,3,15,5,1,10,Matches
1182,Yusuf Doyle,no NOR,"MF,DF",Paris S-G,fr Ligue 1,29,1994,4.8,136,148,91.9,2929,958,65,72,90.3,47,60,78.3,11,16,68.8,1,1.4,1.3,-0.4,11,15,16,4,17,Matches
1183,Daniel Bianchi,it ITA,DF,Ajaccio,fr Ligue 1,23,2000,8.7,256,331,77.3,2950,1035,139,156,89.1,127,128,99.2,29,47,61.7,0,1.7,1.9,-1.7,4,40,6,2,13,Matches
1184,Connor Costa,de GER,FW,Ajaccio,fr Ligue 1,23,2000,11.3,307,409,75.1,4525,1459,215,240,89.6,107,133,80.5,19,36,52.8,0,0.0,0.0,0.0,8,26,13,0,30,Matches
1185,Lucas Nowak,sn SEN,GK,Toulouse,fr Ligue 1,28,1995,4.9,177,257,68.9,3493,1312,142,142,100.0,89,108,82.4,3,7,42.9,0,0.0,0.0,0.0,2,13,3,1,6,Matches
1186,Ryan Becker,co COL,GK,Lorient,fr Ligue 1,25,1998,3.3,190,255,74.5,4289,1494,105,115,91.3,81,92,88.0,26,48,54.2,0,0.0,0.0,0.0,1,12,1,1,17,Matches
1187,Emil Walsh,ma MAR,DF,Auxerre,fr Ligue 1,34,1989,6.0,225,298,75.5,4238,1869,126,144,87.5,99,120,82.5,20,34,58.8,0,0.5,0.0,-0.5,1,21,2,0,19,Matches
1188,Antoine Wright,pl POL,DF,Rennes,fr Ligue 1,31,1992,13.6,118,153,77.1,2550,555,59,62,95.2,51,57,89.5,18,34,52.9,3,4.2,4.3,-1.2,12,7,9,3,11,Matches
1189,Omar Berg,fr FRA,"FW,MF",Reims,fr Ligue 1,23,2000,8.6,294,361,81.4,4897,1707,148,166,89.2,85,98,86.7,69,97,71.1,0,0.5,0.0,-0.5,7,27,10,1,17,Matches
1190,Owen Sánchez,jp JPN,DF,Brest,fr Ligue 1,22,2001,24.1,815,1099,74.2,16801,6301,507,557,91.0,298,339,87.9,117,203,57.6,0,0.1,0.0,-0.1,12,125,17,6,68,Matches
1191,David Santos,us USA,"MF,FW",Toulouse,fr Ligue 1,21,2002,29.4,1655,1777,93.1,32125,11936,735,773,95.1,498,597,83.4,217,407,53.3,1,2.0,1.9,-1.0,7,54,14,2,235,Matches
1192,Hugo Rossi,es ESP,DF,Lorient,fr Ligue 1,25,1998,12.5,535,673,79.5,11801,4090,326,340,95.9,225,229,98.3,31,104,29.8,0,0.0,0.0,0.0,1,51,2,1,53,Matches
1193,Mateo Pereira,no NOR,FW,Strasbourg,fr Ligue 1,30,1993,5.8,139,182,76.4,3681,1495,90,102,88.2,65,75,86.7,4,5,80.0,1,0.5,0.4,0.5,6,14,7,2,15,Matches
1194,Thomas Wright,eng ENG,DF,Clermont Foot,fr Ligue 1,24,1999,16.1,676,852,79.3,12623,4890,337,380,88.7,292,308,94.8,47,164,28.7,1,1.0,1.3,0.0,6,78,9,1,57,Matches
1195,Jonas Horvat,be BEL,"MF,FW",Troyes,fr Ligue 1,27,1996,29.8,1029,1229,83.7,20858,5671,444,476,93.3,375,431,87.0,138,322,42.9,3,5.7,5.6,-2.7,30,81,64,34,112,Matches
1196,Pedro Moreau,ch SUI,DF,Nantes,fr Ligue 1,20,2003,6.2,133,186,71.5,3421,1473,99,100,99.0,74,85,87.1,0,1,0.0,0,1.9,2.0,-1.9,4,13,5,1,9,Matches
1197,Iker Nielsen,jp JPN,FW,Paris S-G,fr Ligue 1,28,1995,3.1,111,140,79.3,1969,426,61,69,88.4,44,52,84.6,10,19,52.6,0,4.2,5.3,-4.2,2,11,2,1,6,Matches
1198,Sergio Barnes,ch SUI,FW,Rennes,fr Ligue 1,20,2003,3.0,101,139,72.7,1914,711,57,63,90.5,49,61,80.3,8,15,53.3,0,0.2,0.2,-0.2,2,10,3,1,6,Matches
1199,Bruno Costa,es ESP,MF,Lyon,fr Ligue 1,25,1998,4.0,146,184,79.3,3154,1042,74,80,92.5,61,71,85.9,19,33,57.6,0,0.4,0.1,-0.4,6,19,3,2,15,Matches
1200,Adam Santos,nl NED,MF,Lorient,fr Ligue 1,25,1998,17.0,879,1009,87.1,17536,6347,471,492,95.7,399,463,86.2,35,54,64.8,0,0.0,0.0,0.0,21,82,33,10,30,Matches
1201,Antoine Wright,br BRA,FW,Montpellier,fr Ligue 1,28,1995,17.0,483,575,84.0,10586,3816,219,254,86.2,188,207,90.8,61,114,53.5,2,4.4,4.3,-2.4,19,68,30,11,54,Matches
1202,Samuel Fernández,it ITA,"MF,DF",Toulouse,fr Ligue 1,16,2007,11.1,474,523,90.6,8837,2838,202,212,95.3,152,170,89.4,96,141,68.1,0,0.0,0.2,0.0,5,42,9,4,48,Matches
1203,Rafael Rossi,jp JPN,"MF,FW",Angers,fr Ligue 1,20,2003,7.4,391,418,93.5,7203,3083,136,146,93.2,139,170,81.8,55,102,53.9,1,0.7,0.2,0.3,5,53,6,0,29,Matches
1204,Iker Traoré,no NOR,DF,Nantes,fr Ligue 1,27,1996,4.0,57,73,78.1,1192,273,32,35,91.4,28,32,87.5,4,6,66.7,0,1.3,0.9,-1.3,3,7,6,1,7,Matches
1205,Youssef El Amrani,sn SEN,DF,Toulouse,fr Ligue 1,32,1991,10.4,253,318,79.6,4718,1541,135,140,96.4,143,159,89.9,11,19,57.9,1,1.3,1.1,-0.3,7,25,13,4,32,Matches
1206,Callum Martínez,at AUT,DF,Ajaccio,fr Ligue 1,21,2002,5.9,184,236,78.0,3540,1169,76,83,91.6,56,63,88.9,54,90,60.0,0,0.0,0.4,0.0,2,24,3,1,14,Matches
1207,Julien Bakker,dk DEN,DF,Angers,fr Ligue 1,22,2001,3.1,146,207,70.5,2642,776,85,94,90.4,78,91,85.7,15,22,68.2,0,0.0,0.1,0.0,0,16,0,0,12,Matches
1208,João Rizzo,dk DEN,MF,Lille,fr Ligue 1,30,1993,8.6,329,451,72.9,7542,2186,181,200,90.5,150,195,76.9,40,56,71.4,1,1.8,2.4,-0.8,19,46,26,14,40,Matches
1209,Daniel Wagner,pt POR,"FW,MF",Auxerre,fr Ligue 1,26,1997,7.0,359,418,85.9,6978,1326,136,143,95.1,142,151,94.0,74,124,59.7,1,1.5,1.8,-0.5,2,31,3,1,39,Matches
1210,Rafael Hughes,de GER,MF,Lyon,fr Ligue 1,22,2001,5.6,193,252,76.6,4717,1408,95,110,86.4,54,59,91.5,46,83,55.4,1,0.0,0.0,1.0,5,22,7,0,21,Matches
1211,Jordan Nowak,rs SRB,MF,Lorient,fr Ligue 1,26,1997,0.8,41,55,74.5,691,174,27,29,93.1,17,20,85.0,3,6,50.0,0,0.0,0.5,0.0,1,4,2,1,4,Matches
1212,Iker Kowalski,fr FRA,DF,Angers,fr Ligue 1,22,2001,5.3,123,134,91.8,1884,649,58,66,87.9,47,51,92.2,9,17,52.9,0,0.9,0.6,-0.9,4,16,6,1,11,Matches
1213,Jordan Bianchi,no NOR,GK,Auxerre,fr Ligue 1,24,1999,4.9,154,219,70.3,3495,1229,82,87,94.3,75,90,83.3,21,42,50.0,0,0.0,0.3,0.0,1,15,1,0,20,Matches
1214,Daniel Doyle,ch SUI,MF,Auxerre,fr Ligue 1,18,2005,2.1,108,124,87.1,2102,514,61,61,100.0,45,50,90.0,7,13,53.8,1,2.7,2.8,-1.7,2,13,2,1,8,Matches
1215,Felix Traoré,eng ENG,"FW,MF",Ajaccio,fr Ligue 1,22,2001,16.4,821,1065,77.1,15393,4607,428,488,87.7,321,369,87.0,110,208,52.9,2,1.0,0.6,1.0,34,55,44,0,41,Matches
1216,Karim Weber,pt POR,DF,Reims,fr Ligue 1,22,2001,3.9,127,142,89.4,2384,534,63,68,92.6,36,40,90.0,21,34,61.8,0,0.0,0.0,0.0,1,13,1,0,5,Matches
1217,Karim Weber,br BRA,FW,Nice,fr Ligue 1,28,1995,4.6,216,260,83.1,5046,1632,95,108,88.0,78,91,85.7,36,61,59.0,0,0.0,0.3,0.0,5,21,7,0,31,Matches
1218,Owen Horvat,co COL,"DF,MF",Paris S-G,fr Ligue 1,20,2003,2.6,99,117,84.6,2078,790,55,61,90.2,48,52,92.3,1,4,25.0,0,1.7,1.3,-1.7,1,7,1,1,8,Matches
1219,Mason Nielsen,ar ARG,DF,Ajaccio,fr Ligue 1,22,2001,6.1,149,229,65.1,2786,921,126,141,89.4,73,80,91.2,6,8,75.0,0,0.0,0.0,0.0,7,10,10,4,18,Matches
1220,Callum Girard,br BRA,MF,Lorient,fr Ligue 1,33,1990,7.1,326,362,90.1,8780,3520,155,172,90.1,162,180,90.0,8,10,80.0,0,0.0,0.1,0.0,5,30,5,0,38,Matches
1221,Oscar Ndiaye,ma MAR,MF,Lens,fr Ligue 1,26,1997,10.5,606,688,88.1,12887,4150,299,322,92.9,170,204,83.3,122,162,75.3,1,1.2,1.4,-0.2,20,76,31,9,36,Matches
1222,Sergio Ndiaye,ch SUI,DF,Paris S-G,fr Ligue 1,19,2004,8.7,254,339,74.9,4877,1526,106,118,89.8,128,139,92.1,58,82,70.7,0,1.8,1.7,-1.8,2,15,2,1,23,Matches
1223,Daniel El Amrani,pt POR,FW,Brest,fr Ligue 1,27,1996,29.5,2063,2491,82.8,34811,11226,1173,1237,94.8,882,1012,87.2,135,242,55.8,2,1.5,1.4,0.5,9,252,17,2,206,Matches
1224,Viktor Barnes,pl POL,MF,Brest,fr Ligue 1,28,1995,6.2,320,372,86.0,5919,1490,147,165,89.1,156,173,90.2,20,34,58.8,0,1.2,1.1,-1.2,3,36,5,0,31,Matches
1225,Owen Costa,at AUT,DF,Ajaccio,fr Ligue 1,25,1998,4.7,182,222,82.0,3773,1539,90,96,93.8,76,87,87.4,18,39,46.2,0,0.0,0.1,0.0,0,21,0,0,13,Matches
1226,Julien Jansen,ma MAR,"DF,MF",Lyon,fr Ligue 1,34,1989,5.1,220,259,84.9,4771,1826,95,101,94.1,102,111,91.9,20,47,42.6,0,1.3,1.2,-1.3,11,20,15,4,25,Matches
1227,Mason Murphy,no NOR,GK,Nice,fr Ligue 1,25,1998,2.7,153,196,78.1,3037,701,95,101,94.1,72,83,86.7,7,12,58.3,0,0.0,0.0,0.0,2,16,4,1,12,Matches
1228,Mason Murphy,hr CRO,DF,Ajaccio,fr Ligue 1,22,2001,0.9,19,24,79.2,362,159,9,10,90.0,9,10,90.0,3,4,75.0,0,0.0,0.1,0.0,0,2,0,0,2,Matches
1229,Nicolas Ferrari,de GER,DF,Clermont Foot,fr Ligue 1,33,1990,13.2,489,557,87.8,9308,2265,310,340,91.2,163,195,83.6,8,22,36.4,0,0.0,0.2,0.0,4,61,5,2,43,Matches
1230,Rafael Müller,us USA,DF,Lille,fr Ligue 1,23,2000,6.6,190,256,74.2,4213,1318,93,101,92.1,83,101,82.2,31,54,57.4,0,1.1,1.0,-1.1,3,25,6,2,9,Matches
1231,Anton Becker,it ITA,"MF,FW",Angers,fr Ligue 1,28,1995,12.2,614,679,90.4,10642,3187,295,307,96.1,200,217,92.2,89,155,57.4,0,0.8,0.5,-0.8,11,48,17,5,52,Matches
1232,Anton Tanaka,es ESP,DF,Montpellier,fr Ligue 1,23,2000,3.9,130,161,80.7,2286,802,66,70,94.3,48,57,84.2,19,34,55.9,1,1.0,0.7,0.0,3,13,6,2,15,Matches
1233,Hugo Greco,be BEL,MF,Lorient,fr Ligue 1,33,1990,16.7,1030,1065,96.7,20731,5853,440,481,91.5,345,380,90.8,98,204,48.0,0,0.0,0.0,0.0,25,129,39,15,103,Matches
1234,Oscar Ferrari,br BRA,"MF,FW",Lyon,fr Ligue 1,30,1993,19.2,800,845,94.7,15719,6179,413,434,95.2,318,367,86.6,30,44,68.2,1,1.6,1.9,-0.6,14,87,23,4,65,Matches
1235,Mason Martínez,dk DEN,"FW,MF",Reims,fr Ligue 1,30,1993,21.5,920,1012,90.9,15724,7855,432,476,90.8,389,429,90.7,63,107,58.9,1,1.1,0.6,-0.1,14,85,24,9,106,Matches
1236,Jordan Nowak,jp JPN,DF,Strasbourg,fr Ligue 1,33,1990,15.0,437,559,78.2,8242,1961,251,268,93.7,161,180,89.4,54,111,48.6,1,0.2,0.0,0.8,4,53,6,2,47,Matches
1237,Emil Girard,ch SUI,MF,Toulouse,fr Ligue 1,22,2001,12.5,783,970,80.7,15298,5021,330,351,94.0,389,445,87.4,120,174,69.0,1,2.0,2.1,-1.0,2,87,2,1,45,Matches
1238,Sota Laurent,se SWE,FW,Auxerre,fr Ligue 1,24,1999,2.5,84,106,79.2,1411,565,47,52,90.4,35,41,85.4,9,13,69.2,0,0.0,0.2,0.0,1,6,1,0,6,Matches
1239,Marco Martínez,ma MAR,"MF,FW",Troyes,fr Ligue 1,22,2001,16.5,1072,1182,90.7,23039,7264,436,457,95.4,427,473,90.3,185,252,73.4,0,0.0,0.0,0.0,14,64,20,5,107,Matches
1240,Antoine Kowalski,sn SEN,DF,Strasbourg,fr Ligue 1,23,2000,13.9,577,737,78.3,14356,4848,322,342,94.2,218,232,94.0,123,163,75.5,0,0.7,0.5,-0.7,2,62,4,1,59,Matches
1241,Nuno Barnes,pl POL,GK,Nice,fr Ligue 1,23,2000,15.2,755,1130,66.8,15304,6056,525,555,94.6,310,367,84.5,94,208,45.2,0,0.0,0.0,0.0,2,80,1,1,89,Matches
1242,Anton Yamamoto,be BEL,GK,Montpellier,fr Ligue 1,23,2000,28.7,1573,1961,80.2,33170,12800,919,1011,90.9,761,839,90.7,47,111,42.3,0,1.5,1.7,-1.5,3,152,4,0,154,Matches
1243,Anton Rizzo,ma MAR,"MF,FW",Angers,fr Ligue 1,25,1998,4.9,217,278,78.1,4595,998,100,110,90.9,67,77,87.0,45,91,49.5,0,0.4,0.3,-0.4,6,17,11,2,18,Matches
1244,Nicolas Larsen,sn SEN,GK,Lens,fr Ligue 1,22,2001,3.3,203,265,76.6,4234,1280,119,127,93.7,88,106,83.0,21,32,65.6,0,0.0,0.3,0.0,3,18,4,1,21,Matches
1245,Lucas Gómez,dk DEN,"MF,FW",Monaco,fr Ligue 1,28,1995,9.3,356,451,78.9,5826,2003,181,200,90.5,161,182,88.5,34,69,49.3,1,0.0,0.0,1.0,5,33,6,1,28,Matches
1246,Ibrahim Rizzo,se SWE,DF,Strasbourg,fr Ligue 1,31,1992,12.3,443,562,78.8,6770,2504,205,230,89.1,156,179,87.2,83,153,54.2,0,0.0,0.1,0.0,15,47,20,5,57,Matches
1247,Antoine Gómez,sn SEN,MF,Auxerre,fr Ligue 1,26,1997,10.0,539,607,88.8,11667,4061,214,241,88.8,203,259,78.4,55,107,51.4,0,0.3,0.6,-0.3,12,34,17,6,50,Matches
1248,Takumi Fischer,ar ARG,"MF,DF",Monaco,fr Ligue 1,16,2007,17.0,684,871,78.5,14888,5086,381,435,87.6,248,306,81.0,88,130,67.7,2,1.7,1.2,0.3,18,97,23,3,63,Matches
1249,Finn Novak,nl NED,FW,Paris S-G,fr Ligue 1,29,1994,2.8,114,136,83.8,2159,832,57,63,90.5,51,53,96.2,11,20,55.0,0,0.2,0.4,-0.2,3,9,5,1,8,Matches
1250,Oscar Fernández,pt POR,MF,Toulouse,fr Ligue 1,23,2000,5.6,270,300,90.0,4968,1559,133,146,91.1,86,90,95.6,28,64,43.8,2,1.3,1.3,0.7,25,13,40,8,29,Matches
1251,Erik Petit,ch SUI,FW,Lorient,fr Ligue 1,29,1994,7.6,321,410,78.3,7105,2557,187,187,100.0,169,190,88.9,19,33,57.6,0,1.1,0.7,-1.1,4,47,8,2,23,Matches
1252,Daniel Becker,no NOR,"MF,FW",Montpellier,fr Ligue 1,25,1998,8.4,468,512,91.4,10459,2424,267,271,98.5,207,242,85.5,0,0,,3,3.8,3.3,-0.8,15,48,14,5,52,Matches
1253,Leo Fernández,ch SUI,DF,Lorient,fr Ligue 1,27,1996,9.2,277,368,75.3,5657,1505,164,177,92.7,126,158,79.7,16,33,48.5,0,0.0,0.1,0.0,12,31,15,6,31,Matches
1254,Julien Schmidt,it ITA,"DF,MF",Paris S-G,fr Ligue 1,30,1993,17.9,616,705,87.4,14290,3919,266,286,93.0,220,270,81.5,90,149,60.4,0,0.0,0.2,0.0,9,61,15,4,75,Matches
1255,Sota Costa,se SWE,GK,Toulouse,fr Ligue 1,28,1995,14.9,606,924,65.6,10871,4375,372,391,95.1,262,315,83.2,141,218,64.7,0,0.0,0.0,0.0,17,49,31,3,69,Matches
1256,Mateo Hoffmann,at AUT,FW,Paris S-G,fr Ligue 1,23,2000,16.6,740,921,80.3,11469,5295,350,393,89.1,287,327,87.8,118,201,58.7,1,0.1,0.1,0.9,9,74,20,3,49,Matches
1257,Erik Cissé,ar ARG,"MF,DF",Clermont Foot,fr Ligue 1,26,1997,8.6,468,573,81.7,8739,3100,290,308,94.2,163,195,83.6,43,70,61.4,0,0.0,0.2,0.0,3,51,3,1,34,Matches
1258,Kevin Wright,uy URU,FW,Marseille,fr Ligue 1,29,1994,3.9,97,131,74.0,1915,748,61,68,89.7,45,50,90.0,7,13,53.8,0,0.0,0.0,0.0,0,10,0,0,12,Matches
1259,Viktor Greco,sn SEN,DF,Toulouse,fr Ligue 1,21,2002,11.0,525,652,80.5,12934,4930,231,255,90.6,237,248,95.6,99,149,66.4,0,0.0,0.0,0.0,6,77,9,2,74,Matches
1260,Stefan Fischer,se SWE,DF,Lorient,fr Ligue 1,30,1993,0.2,6,7,85.7,102,44,3,3,100.0,2,3,66.7,1,1,100.0,0,0.0,0.0,0.0,0,1,0,0,0,Matches
1261,Mason Andersson,rs SRB,FW,Paris S-G,fr Ligue 1,26,1997,5.5,115,176,65.3,1871,579,98,110,89.1,63,75,84.0,0,0,,0,0.0,0.5,0.0,2,10,3,1,11,Matches
1262,Marco Horvat,pt POR,MF,Brest,fr Ligue 1,23,2000,3.4,120,134,89.6,2444,949,65,70,92.9,32,39,82.1,16,25,64.0,0,0.0,0.4,0.0,2,15,3,2,10,Matches
1263,Stefan Greco,es ESP,"DF,MF",Reims,fr Ligue 1,28,1995,13.5,613,782,78.4,11293,3576,359,382,94.0,285,298,95.6,65,102,63.7,0,2.2,2.6,-2.2,2,60,3,1,59,Matches
1264,Pablo Lindqvist,br BRA,DF,Nantes,fr Ligue 1,16,2007,10.6,402,540,74.4,7425,2145,216,238,90.8,187,209,89.5,57,93,61.3,0,0.0,0.0,0.0,6,41,10,3,50,Matches
1265,Mason Rossi,br BRA,DF,Strasbourg,fr Ligue 1,23,2000,3.8,90,109,82.6,1725,656,53,59,89.8,30,38,78.9,7,12,58.3,1,0.7,0.3,0.3,4,11,5,2,7,Matches
1266,João Nielsen,jp JPN,MF,Ajaccio,fr Ligue 1,26,1997,2.8,160,182,87.9,2754,790,76,82,92.7,48,54,88.9,23,46,50.0,2,0.6,0.3,1.4,8,14,9,3,8,Matches
1267,Felix Hughes,rs SRB,MF,Lorient,fr Ligue 1,16,2007,3.0,112,143,78.3,2107,775,63,71,88.7,44,48,91.7,18,24,75.0,0,1.1,1.2,-1.1,0,11,0,0,10,Matches
1268,Pedro Wright,dk DEN,FW,Lorient,fr Ligue 1,30,1993,7.4,280,365,76.7,4960,1234,185,205,90.2,114,135,84.4,13,25,52.0,4,3.6,4.1,0.4,21,27,12,6,35,Matches
1269,Anton López,co COL,"FW,DF",Clermont Foot,fr Ligue 1,33,1990,13.1,292,360,81.1,5786,1555,141,165,85.5,119,139,85.6,37,56,66.1,0,0.0,0.4,0.0,7,46,10,3,23,Matches
1270,Hugo Silva,ch SUI,"MF,FW",Marseille,fr Ligue 1,19,2004,11.9,482,579,83.2,9707,2834,232,251,92.4,180,220,81.8,45,108,41.7,4,4.3,4.1,-0.3,23,43,36,10,70,Matches
1271,Jonas Ndiaye,sn SEN,"DF,FW",Strasbourg,fr Ligue 1,16,2007,12.9,642,742,86.5,10181,4505,294,323,91.0,189,253,74.7,105,166,63.3,2,2.8,3.0,-0.8,11,55,19,5,83,Matches
1272,Hugo Novak,at AUT,DF,Lille,fr Ligue 1,22,2001,10.5,317,432,73.4,6864,2671,162,171,94.7,148,168,88.1,58,93,62.4,1,1.0,0.9,0.0,11,33,13,3,26,Matches
1273,Finn Kovač,no NOR,DF,Rennes,fr Ligue 1,27,1996,3.6,129,166,77.7,2904,1097,58,62,93.5,71,83,85.5,11,21,52.4,0,1.1,0.9,-1.1,0,9,0,0,13,Matches
1274,Andrés Santos,pt POR,MF,Troyes,fr Ligue 1,29,1994,2.8,157,175,89.7,3330,1198,61,68,89.7,62,68,91.2,31,39,79.5,0,0.0,0.0,0.0,4,13,5,1,14,Matches
1275,Emil Ferrari,br BRA,DF,Monaco,fr Ligue 1,31,1992,10.7,293,393,74.6,5894,2497,202,223,90.6,83,94,88.3,46,76,60.5,0,1.2,1.2,-1.2,1,37,2,0,13,Matches
1276,Sota Byrne,sn SEN,GK,Angers,fr Ligue 1,20,2003,5.2,292,389,75.1,4812,1698,188,201,93.5,147,169,87.0,12,19,63.2,1,2.2,1.7,-1.2,5,4,7,0,38,Matches
1277,Andrés Hughes,no NOR,MF,Rennes,fr Ligue 1,26,1997,3.6,118,144,81.9,2260,556,75,77,97.4,46,49,93.9,7,18,38.9,1,2.5,1.4,-1.5,2,8,3,1,7,Matches
1278,Callum Kovač,nl NED,DF,Toulouse,fr Ligue 1,27,1996,11.6,422,510,82.7,8436,3406,244,263,92.8,131,164,79.9,34,83,41.0,0,0.0,0.0,0.0,4,30,6,1,49,Matches
1279,Emil Moreau,co COL,"MF,DF",Toulouse,fr Ligue 1,33,1990,7.7,300,408,73.5,5260,2025,159,175,90.9,148,165,89.7,36,68,52.9,0,0.3,0.4,-0.3,8,26,11,5,19,Matches
1280,Kevin Hoffmann,br BRA,MF,Toulouse,fr Ligue 1,26,1997,15.0,459,567,81.0,8856,2615,333,341,97.7,221,243,90.9,0,0,,1,0.8,1.4,0.2,8,50,18,3,30,Matches
1281,Iker Pereira,rs SRB,GK,Paris S-G,fr Ligue 1,16,2007,9.7,407,613,66.4,7916,2140,249,278,89.6,209,247,84.6,49,88,55.7,0,0.0,0.0,0.0,1,44,1,0,37,Matches
1282,Pablo Andersson,nl NED,DF,Lille,fr Ligue 1,30,1993,7.6,350,423,82.7,6816,2237,186,202,92.1,111,128,86.7,51,93,54.8,0,0.9,1.5,-0.9,2,21,4,1,15,Matches
1283,Milan Yamamoto,jp JPN,"MF,FW",Marseille,fr Ligue 1,17,2006,4.9,184,202,91.1,3943,1764,88,95,92.6,71,79,89.9,19,28,67.9,0,2.1,1.7,-2.1,2,12,2,1,15,Matches
1284,Ryan Girard,fr FRA,MF,Troyes,fr Ligue 1,26,1997,6.9,381,432,88.2,6470,2070,186,208,89.4,117,136,86.0,40,88,45.5,0,1.5,2.0,-1.5,2,37,3,1,33,Matches
1285,Leo Andersson,dk DEN,"FW,MF",Ajaccio,fr Ligue 1,28,1995,11.4,438,470,93.2,9011,2349,203,227,89.4,122,148,82.4,50,95,52.6,0,0.0,0.0,0.0,12,47,28,3,68,Matches
1286,Javier Sánchez,nl NED,"MF,FW",Montpellier,fr Ligue 1,25,1998,2.1,98,137,71.5,1870,751,56,59,94.9,48,53,90.6,20,25,80.0,0,0.0,0.0,0.0,1,10,1,0,9,Matches
1287,Viktor Berg,se SWE,DF,Paris S-G,fr Ligue 1,27,1996,4.5,146,178,82.0,2586,881,85,92,92.4,45,58,77.6,23,28,82.1,0,1.9,1.6,-1.9,2,17,4,1,12,Matches
1288,Omar Fernández,pt POR,DF,Lille,fr Ligue 1,24,1999,7.1,290,362,80.1,5669,2037,139,155,89.7,135,155,87.1,28,52,53.8,0,0.8,0.4,-0.8,5,27,3,2,22,Matches
1289,Emil Hansen,br BRA,"FW,MF",Lorient,fr Ligue 1,18,2005,6.5,227,236,96.2,4034,1623,99,103,96.1,77,88,87.5,22,45,48.9,1,0.7,0.1,0.3,6,26,8,2,41,Matches
1290,Rafael Rizzo,nl NED,DF,Rennes,fr Ligue 1,17,2006,7.6,222,251,88.4,4387,1002,97,102,95.1,53,61,86.9,52,88,59.1,0,0.2,0.2,-0.2,4,24,6,1,29,Matches
1291,Anton Weber,fr FRA,DF,Toulouse,fr Ligue 1,28,1995,5.7,94,137,68.6,1449,490,71,75,94.7,27,31,87.1,16,31,51.6,0,1.9,1.7,-1.9,1,15,1,0,14,Matches
1292,Rafael Schmidt,at AUT,FW,Nice,fr Ligue 1,35,1988,14.2,696,839,83.0,13866,4945,317,345,91.9,332,367,90.5,62,127,48.8,1,0.0,0.0,1.0,9,81,15,4,29,Matches
1293,Takumi Santos,sn SEN,MF,Lyon,fr Ligue 1,26,1997,19.2,660,822,80.3,11941,3904,334,366,91.3,256,295,86.8,85,161,52.8,1,1.6,1.3,-0.6,23,52,23,7,55,Matches
1294,Elias Laurent,at AUT,FW,Ajaccio,fr Ligue 1,21,2002,9.9,320,435,73.6,5759,2167,182,203,89.7,162,166,97.6,37,66,56.1,2,1.6,2.0,0.4,19,37,22,9,28,Matches
1295,Maxime Gómez,ch SUI,GK,Troyes,fr Ligue 1,20,2003,21.8,1049,1541,68.1,24434,8497,705,707,99.7,413,519,79.6,187,315,59.4,2,0.0,0.5,2.0,20,72,24,9,48,Matches
1296,Leo Wagner,eng ENG,DF,Marseille,fr Ligue 1,25,1998,15.6,284,365,77.8,5255,1377,153,158,96.8,91,111,82.0,66,96,68.8,0,2.2,2.4,-2.2,8,45,10,4,16,Matches
1297,Felix Rizzo,co COL,MF,Nantes,fr Ligue 1,28,1995,35.2,1265,1404,90.1,18394,7465,699,739,94.6,450,512,87.9,102,153,66.7,3,2.8,3.0,0.2,47,118,48,15,97,Matches
1298,Elias Martínez,fr FRA,MF,Nice,fr Ligue 1,24,1999,8.6,481,524,91.8,9598,3517,198,209,94.7,165,179,92.2,70,136,51.5,1,0.0,0.0,1.0,14,75,21,8,21,Matches
1299,João Silva,dk DEN,FW,Strasbourg,fr Ligue 1,26,1997,20.3,357,511,69.9,6340,2126,246,272,90.4,154,190,81.1,30,49,61.2,0,1.8,1.1,-1.8,0,44,0,0,50,Matches
1300,Connor Conti,de GER,MF,Ajaccio,fr Ligue 1,23,2000,6.2,314,333,94.3,4614,1709,172,178,96.6,125,148,84.5,5,7,71.4,1,0.0,1.2,1.0,15,42,12,2,29,Matches
1301,Emil Costa,ch SUI,FW,Lorient,fr Ligue 1,26,1997,10.1,218,274,79.6,2892,884,121,145,83.4,100,108,92.6,14,21,66.7,0,0.4,1.1,-0.4,6,17,6,2,34,Matches
1302,Lucas Hansen,pl POL,MF,Strasbourg,fr Ligue 1,27,1996,14.4,802,1113,72.1,15122,3878,491,500,98.2,348,418,83.3,102,195,52.3,3,2.6,2.4,0.4,29,72,27,10,44,Matches
1303,Pedro Greco,de GER,DF,Clermont Foot,fr Ligue 1,27,1996,12.1,437,520,84.0,8576,2355,206,223,92.4,176,214,82.2,40,83,48.2,0,1.9,2.4,-1.9,2,38,3,1,61,Matches
1304,Julien Greco,eng ENG,DF,Auxerre,fr Ligue 1,28,1995,0.5,14,18,77.8,336,127,8,10,80.0,5,6,83.3,1,2,50.0,0,0.7,1.0,-0.7,0,2,0,0,1,Matches
1305,Omar Rossi,eng ENG,MF,Ajaccio,fr Ligue 1,29,1994,29.0,1145,1368,83.7,24263,5358,527,590,89.3,396,424,93.4,237,354,66.9,5,3.7,3.0,1.3,63,124,106,22,78,Matches
1306,Rafael Horvat,it ITA,MF,Brest,fr Ligue 1,23,2000,15.5,845,1044,80.9,17380,7142,498,527,94.5,293,342,85.7,100,175,57.1,6,6.3,6.4,-0.3,21,75,20,2,106,Matches
1307,Théo Rizzo,ma MAR,"FW,MF",Montpellier,fr Ligue 1,23,2000,11.5,653,791,82.6,11576,2209,365,388,94.1,282,325,86.8,37,78,47.4,0,0.0,0.2,0.0,7,111,9,2,58,Matches
1308,Nicolas Pereira,ar ARG,"MF,DF",Ajaccio,fr Ligue 1,20,2003,18.8,783,1003,78.1,15567,5813,373,378,98.7,550,551,99.8,40,74,54.1,0,0.6,0.7,-0.6,18,50,27,3,51,Matches
1309,Ibrahim Ndiaye,dk DEN,FW,Toulouse,fr Ligue 1,19,2004,7.6,382,486,78.6,5207,1459,228,260,87.7,128,161,79.5,27,65,41.5,0,0.2,0.1,-0.2,8,28,10,4,13,Matches
1310,Pablo Schmidt,ar ARG,"MF,FW",Angers,fr Ligue 1,22,2001,5.8,143,179,79.9,2173,481,58,59,98.3,58,67,86.6,26,53,49.1,1,0.0,0.3,1.0,4,12,5,3,12,Matches
1311,Ryan Dubois,ar ARG,DF,Lille,fr Ligue 1,30,1993,13.0,457,547,83.5,8081,2576,171,190,90.0,222,237,93.7,89,120,74.2,0,0.0,0.0,0.0,1,44,1,0,66,Matches
1312,Anton Kowalski,us USA,"MF,DF",Clermont Foot,fr Ligue 1,29,1994,22.9,1312,1529,85.8,26711,10756,667,781,85.4,471,549,85.8,97,199,48.7,4,3.7,4.0,0.3,28,137,38,13,108,Matches
1313,Maxime El Amrani,dk DEN,GK,Lens,fr Ligue 1,20,2003,2.7,136,176,77.3,3167,1434,78,87,89.7,67,77,87.0,6,12,50.0,0,1.3,1.8,-1.3,2,14,3,1,12,Matches
1314,Ryan Nielsen,dk DEN,"DF,MF",Paris S-G,fr Ligue 1,23,2000,7.8,352,407,86.5,5899,1533,194,205,94.6,167,180,92.8,15,22,68.2,1,2.9,2.3,-1.9,14,40,21,6,25,Matches
1315,Emil Benali,es ESP,DF,Auxerre,fr Ligue 1,26,1997,8.0,269,346,77.7,5059,1691,149,153,97.4,121,135,89.6,38,58,65.5,1,0.0,0.1,1.0,7,21,7,2,34,Matches
1316,Viktor Hansen,se SWE,MF,Toulouse,fr Ligue 1,23,2000,16.7,727,834,87.2,17931,6714,382,428,89.3,260,319,81.5,42,87,48.3,0,0.0,0.0,0.0,18,102,37,5,46,Matches
1317,Noah Yamamoto,de GER,DF,Strasbourg,fr Ligue 1,16,2007,12.3,167,219,76.3,3625,1224,100,105,95.2,77,89,86.5,12,25,48.0,5,5.1,5.6,-0.1,26,16,61,16,12,Matches
1318,Milan Diallo,fr FRA,DF,Lens,fr Ligue 1,29,1994,5.6,163,237,68.8,4047,1944,104,104,100.0,90,96,93.8,18,37,48.6,0,0.0,0.0,0.0,4,18,8,0,14,Matches
1319,Adam Bakker,se SWE,FW,Troyes,fr Ligue 1,29,1994,12.9,350,453,77.3,6600,2488,236,256,92.2,130,152,85.5,27,45,60.0,1,1.3,1.4,-0.3,11,33,17,2,29,Matches
1320,Ryan Larsen,co COL,DF,Monaco,fr Ligue 1,28,1995,14.4,295,363,81.3,6241,2023,162,175,92.6,135,157,86.0,19,31,61.3,0,0.0,0.6,0.0,5,39,6,6,27,Matches
1321,Callum Costa,us USA,DF,Brest,fr Ligue 1,24,1999,10.9,340,437,77.8,6818,2317,174,187,93.0,175,180,97.2,36,70,51.4,0,0.0,0.4,0.0,2,42,2,1,21,Matches
1322,Emil Gómez,rs SRB,FW,Lorient,fr Ligue 1,27,1996,9.9,234,336,69.6,3762,1937,132,137,96.4,88,104,84.6,57,95,60.0,0,0.5,0.5,-0.5,13,13,18,7,20,Matches
1323,Diego Conti,eng ENG,MF,Toulouse,fr Ligue 1,29,1994,6.3,319,396,80.6,6274,1630,131,157,83.4,128,151,84.8,47,88,53.4,0,0.4,0.6,-0.4,2,27,2,0,26,Matches
1324,Sota Clarke,ma MAR,FW,Lens,fr Ligue 1,25,1998,10.9,163,205,79.5,3332,1312,89,95,93.7,68,83,81.9,16,27,59.3,0,0.0,0.0,0.0,1,13,1,0,16,Matches
1325,Noah Yamamoto,jp JPN,"DF,MF",Lille,fr Ligue 1,21,2002,1.6,100,123,81.3,1632,512,50,57,87.7,34,39,87.2,12,27,44.4,0,0.7,0.8,-0.7,1,11,2,0,8,Matches
1326,Karim Kovač,de GER,DF,Clermont Foot,fr Ligue 1,21,2002,7.5,192,238,80.7,3418,1357,101,110,91.8,102,109,93.6,12,19,63.2,0,0.0,0.0,0.0,1,13,1,0,28,Matches
1327,Ibrahim López,co COL,DF,Clermont Foot,fr Ligue 1,28,1995,13.6,638,722,88.4,10657,3880,339,380,89.2,276,308,89.6,21,34,61.8,0,0.0,0.0,0.0,1,49,2,1,75,Matches
1328,Marco Traoré,co COL,"MF,FW",Brest,fr Ligue 1,21,2002,17.7,758,773,98.1,12182,5344,294,300,98.0,286,342,83.6,105,131,80.2,0,1.1,1.0,-1.1,7,97,8,2,51,Matches
1329,Iker Hughes,fr FRA,"DF,FW",Paris S-G,fr Ligue 1,26,1997,13.0,268,348,77.0,6249,2068,151,162,93.2,116,135,85.9,29,51,56.9,1,0.0,0.0,1.0,9,26,18,2,13,Matches
1330,Théo Benali,us USA,GK,Reims,fr Ligue 1,25,1998,7.3,348,463,75.2,7122,2154,246,256,96.1,194,211,91.9,0,0,,0,0.0,0.0,0.0,2,24,3,0,33,Matches
1331,Théo Lindqvist,no NOR,"DF,FW",Strasbourg,fr Ligue 1,22,2001,4.4,193,256,75.4,3457,1170,124,135,91.9,73,85,85.9,25,36,69.4,0,1.4,1.0,-1.4,1,17,1,1,28,Matches
1332,Luca Yamamoto,uy URU,MF,Lorient,fr Ligue 1,28,1995,2.1,81,85,95.3,1456,550,46,52,88.5,32,34,94.1,0,0,,1,1.8,2.1,-0.8,2,5,3,1,7,Matches
1333,Antoine Laurent,br BRA,DF,Monaco,fr Ligue 1,27,1996,3.9,144,191,75.4,2976,885,66,75,88.0,56,65,86.2,27,51,52.9,0,0.0,0.4,0.0,5,18,4,0,18,Matches
1334,Nuno Pereira,ar ARG,DF,Nice,fr Ligue 1,16,2007,8.9,308,444,69.4,4945,1642,211,224,94.2,140,169,82.8,33,51,64.7,0,0.0,0.0,0.0,3,39,6,0,31,Matches
1335,Bruno Rossi,eng ENG,DF,Rennes,fr Ligue 1,22,2001,4.6,180,225,80.0,2767,766,71,75,94.7,74,85,87.1,39,65,60.0,0,0.0,0.0,0.0,1,15,1,0,18,Matches
1336,Viktor Clarke,it ITA,MF,Monaco,fr Ligue 1,27,1996,7.1,249,312,79.8,5884,2222,162,185,87.6,89,104,85.6,14,23,60.9,1,1.4,1.6,-0.4,17,42,37,3,26,Matches
1337,Owen Byrne,fr FRA,MF,Monaco,fr Ligue 1,28,1995,13.0,412,522,78.9,7972,2327,241,252,95.6,211,243,86.8,15,27,55.6,0,0.0,0.0,0.0,9,57,9,3,34,Matches
1338,Jonas Kowalski,ma MAR,MF,Clermont Foot,fr Ligue 1,30,1993,0.3,15,18,83.3,310,95,8,9,88.9,7,8,87.5,1,1,100.0,0,1.3,1.7,-1.3,0,2,0,0,1,Matches
1339,Finn Petit,se SWE,DF,Toulouse,fr Ligue 1,25,1998,7.4,285,352,81.0,5012,1712,141,149,94.6,112,119,94.1,46,84,54.8,0,0.0,0.2,0.0,4,35,6,2,27,Matches
1340,Erik Kovač,ch SUI,GK,Nice,fr Ligue 1,22,2001,4.7,238,338,70.4,3781,1404,162,176,92.0,117,141,83.0,15,21,71.4,0,0.0,0.0,0.0,3,20,4,1,24,Matches
1341,Andrés Hughes,us USA,MF,Marseille,fr Ligue 1,25,1998,5.2,107,129,82.9,2111,934,48,52,92.3,46,49,93.9,16,28,57.1,1,2.2,1.7,-1.2,4,14,5,1,9,Matches
1342,Stefan Andersson,co COL,DF,Nice,fr Ligue 1,20,2003,12.9,505,675,74.8,11139,2537,261,268,97.4,217,223,97.3,124,184,67.4,0,0.3,0.0,-0.3,4,59,7,0,45,Matches
1343,Diego Berg,dk DEN,GK,Lille,fr Ligue 1,30,1993,16.5,670,937,71.5,10665,3082,332,359,92.5,360,435,82.8,76,143,53.1,0,0.0,0.0,0.0,8,74,13,2,48,Matches
1344,Bruno Fernández,hr CRO,FW,Monaco,fr Ligue 1,26,1997,22.9,758,1058,71.6,16311,3469,446,492,90.7,445,488,91.2,67,78,85.9,0,0.4,0.5,-0.4,14,124,25,1,110,Matches
1345,Sota Cissé,uy URU,FW,Troyes,fr Ligue 1,22,2001,10.0,444,504,88.1,9030,1745,194,207,93.7,147,182,80.8,57,115,49.6,1,0.0,0.3,1.0,5,47,9,3,46,Matches
1346,Milan Traoré,eng ENG,DF,Paris S-G,fr Ligue 1,23,2000,10.0,226,305,74.1,4179,1434,111,126,88.1,124,143,86.7,26,36,72.2,1,1.9,1.9,-0.9,8,22,9,2,17,Matches
1347,Jordan Gómez,ma MAR,MF,Reims,fr Ligue 1,26,1997,18.2,689,760,90.7,11133,3607,320,325,98.5,238,279,85.3,107,156,68.6,3,4.4,5.4,-1.4,33,62,47,10,72,Matches
1348,Mateo Dubois,pt POR,GK,Brest,fr Ligue 1,31,1992,0.1,4,7,57.1,74,33,3,3,100.0,2,2,100.0,2,2,100.0,0,0.0,0.6,0.0,0,0,0,0,0,Matches
1349,Théo Diallo,pt POR,"DF,MF",Montpellier,fr Ligue 1,25,1998,8.9,470,557,84.4,10121,3669,251,284,88.4,215,234,91.9,24,39,61.5,2,1.8,2.4,0.2,13,64,21,4,24,Matches
1350,Pablo El Amrani,hr CRO,FW,Lens,fr Ligue 1,26,1997,8.7,159,186,85.5,2817,1377,79,88,89.8,56,65,86.2,19,33,57.6,0,0.0,0.0,0.0,3,31,3,2,11,Matches
1351,Bruno Ndiaye,dk DEN,"DF,FW",Reims,fr Ligue 1,24,1999,17.7,588,721,81.6,13183,4870,356,392,90.8,258,306,84.3,17,23,73.9,0,0.9,1.5,-0.9,4,76,6,1,68,Matches
1352,Elias Martínez,jp JPN,DF,Nantes,fr Ligue 1,19,2004,14.2,485,610,79.5,9929,3736,295,334,88.3,274,311,88.1,0,0,,0,0.0,0.4,0.0,6,38,9,3,61,Matches
1353,Andrés Petit,eng ENG,FW,Ajaccio,fr Ligue 1,20,2003,11.6,397,537,73.9,8042,3111,205,234,87.6,165,189,87.3,72,114,63.2,1,3.1,2.9,-2.1,9,49,18,2,28,Matches
1354,Diego Petit,ar ARG,"MF,FW",Paris S-G,fr Ligue 1,36,1987,1.6,115,130,88.5,2481,1057,63,63,100.0,38,44,86.4,18,23,78.3,0,0.0,0.1,0.0,1,13,2,0,9,Matches
1355,Felix Müller,uy URU,MF,Lyon,fr Ligue 1,21,2002,10.4,552,664,83.1,10097,2787,299,301,99.3,220,245,89.8,69,118,58.5,0,0.0,0.0,0.0,9,63,8,2,69,Matches
1356,Jordan Horvat,fr FRA,DF,Lorient,fr Ligue 1,28,1995,4.6,263,299,88.0,5677,1381,122,144,84.7,66,75,88.0,43,80,53.8,1,2.8,2.8,-1.8,2,18,4,1,32,Matches
1357,Omar Bakker,pl POL,MF,Nice,fr Ligue 1,27,1996,10.1,364,487,74.7,8008,2903,225,254,88.6,132,147,89.8,38,86,44.2,1,0.0,0.0,1.0,13,24,18,1,44,Matches
1358,Pedro Diallo,at AUT,FW,Ajaccio,fr Ligue 1,29,1994,9.0,337,425,79.3,5593,2144,154,177,87.0,167,190,87.9,34,58,58.6,0,0.0,0.7,0.0,2,41,2,0,44,Matches
1359,Lucas Nielsen,pt POR,FW,Ajaccio,fr Ligue 1,30,1993,5.4,190,239,79.5,3631,1061,97,113,85.8,70,92,76.1,22,34,64.7,0,0.3,0.0,-0.3,4,22,5,2,17,Matches
1360,Javier Lindqvist,rs SRB,"MF,FW",Toulouse,fr Ligue 1,20,2003,13.6,915,1142,80.1,18647,4689,461,528,87.3,301,350,86.0,181,264,68.6,0,0.0,0.0,0.0,1,97,1,0,85,Matches
1361,Iker Rossi,co COL,FW,Auxerre,fr Ligue 1,25,1998,12.7,604,759,79.6,11383,3173,378,380,99.5,306,347,88.2,23,32,71.9,2,0.7,1.2,1.3,5,72,9,0,61,Matches
1362,Diego Wagner,sn SEN,DF,Montpellier,fr Ligue 1,23,2000,2.7,122,168,72.6,2576,760,71,74,95.9,32,38,84.2,28,56,50.0,1,0.5,0.6,0.5,3,10,7,1,10,Matches
1363,Pablo Laurent,ar ARG,"FW,DF",Auxerre,fr Ligue 1,29,1994,29.6,540,697,77.5,9461,4259,250,268,93.3,230,275,83.6,87,154,56.5,2,0.7,1.0,1.3,15,55,15,4,41,Matches
1364,Ibrahim Nowak,nl NED,DF,Ajaccio,fr Ligue 1,29,1994,32.5,1205,1511,79.7,20157,7325,697,742,93.9,379,423,89.6,238,346,68.8,4,2.8,3.6,1.2,33,55,53,18,154,Matches
1365,Finn Greco,pl POL,MF,Strasbourg,fr Ligue 1,35,1988,20.2,980,1172,83.6,16415,5515,535,590,90.7,386,466,82.8,103,116,88.8,0,0.0,0.0,0.0,7,106,11,0,86,Matches
1366,Mason Yamamoto,de GER,FW,Rennes,fr Ligue 1,34,1989,19.9,872,1019,85.6,17750,5899,395,478,82.6,356,420,84.8,69,121,57.0,1,2.2,2.0,-1.2,9,99,12,2,60,Matches
1367,Pedro Müller,es ESP,FW,Angers,fr Ligue 1,23,2000,9.0,436,556,78.4,7953,2832,257,276,93.1,141,163,86.5,69,117,59.0,0,0.0,0.0,0.0,1,39,2,1,39,Matches
1368,Maxime Berg,dk DEN,FW,Lyon,fr Ligue 1,26,1997,10.1,421,510,82.5,8845,2872,189,210,90.0,238,267,89.1,21,33,63.6,0,0.4,0.8,-0.4,6,45,12,1,28,Matches
1369,Karim Lindqvist,sn SEN,DF,Troyes,fr Ligue 1,25,1998,6.5,269,339,79.4,6166,1282,149,150,99.3,115,140,82.1,33,49,67.3,0,0.5,0.0,-0.5,1,30,2,0,20,Matches
1370,Marco Lindqvist,br BRA,"DF,MF",Reims,fr Ligue 1,25,1998,10.2,443,531,83.4,10038,3223,232,244,95.1,181,197,91.9,41,90,45.6,2,0.8,0.4,1.2,17,41,21,0,38,Matches
1371,Luca López,us USA,"MF,DF",Lorient,fr Ligue 1,24,1999,7.8,429,516,83.1,7709,2560,199,210,94.8,172,195,88.2,70,111,63.1,0,0.2,0.7,-0.2,1,46,1,0,22,Matches
1372,Mason El Amrani,co COL,GK,Marseille,fr Ligue 1,23,2000,17.2,910,1337,68.1,14961,4941,545,569,95.8,448,511,87.7,137,257,53.3,1,3.0,2.7,-2.0,6,44,10,2,77,Matches
1373,Adam Tanaka,de GER,"MF,FW",Troyes,fr Ligue 1,27,1996,2.2,101,120,84.2,2288,859,62,71,87.3,38,41,92.7,5,8,62.5,0,0.0,0.2,0.0,1,11,2,1,11,Matches
1374,Samuel Berg,co COL,DF,Strasbourg,fr Ligue 1,21,2002,12.4,435,535,81.3,7190,2973,193,202,95.5,161,183,88.0,42,150,28.0,0,0.0,0.0,0.0,7,42,13,4,70,Matches
1375,Julien Walsh,rs SRB,MF,Lens,fr Ligue 1,24,1999,10.1,459,565,81.2,8812,2775,199,234,85.0,184,211,87.2,76,120,63.3,2,5.4,5.1,-3.4,29,59,51,19,64,Matches
1376,Emil Dubois,ma MAR,"DF,MF",Brest,fr Ligue 1,32,1991,13.6,764,944,80.9,16588,5042,446,494,90.3,311,355,87.6,62,95,65.3,2,1.6,1.9,0.4,12,73,16,5,61,Matches
1377,Thomas Benali,de GER,DF,Ajaccio,fr Ligue 1,22,2001,11.4,272,330,82.4,4186,903,132,151,87.4,95,116,81.9,37,63,58.7,0,1.0,0.9,-1.0,2,38,3,1,28,Matches
1378,Maxime Schmidt,fr FRA,GK,Lyon,fr Ligue 1,24,1999,38.0,2057,3090,66.6,30654,10156,1096,1276,85.9,790,996,79.3,447,818,54.6,5,3.1,2.9,1.9,61,246,70,15,125,Matches
1379,Liam Jansen,de GER,FW,Lens,fr Ligue 1,22,2001,9.5,180,213,84.5,4144,1828,84,93,90.3,63,71,88.7,22,49,44.9,2,1.6,1.5,0.4,10,23,15,3,15,Matches
1380,Milan Petit,br BRA,DF,Monaco,fr Ligue 1,21,2002,9.7,68,81,84.0,1433,496,37,39,94.9,23,28,82.1,9,14,64.3,0,0.0,0.4,0.0,2,6,1,1,4,Matches
1381,Nicolas Weber,sn SEN,DF,Angers,fr Ligue 1,24,1999,12.9,291,418,69.6,6293,2756,215,222,96.8,129,157,82.2,28,39,71.8,1,0.6,0.3,0.4,8,35,7,3,24,Matches
1382,Leo Wagner,dk DEN,DF,Nice,fr Ligue 1,20,2003,14.5,542,645,84.0,11242,2501,266,297,89.6,277,307,90.2,23,41,56.1,0,0.0,0.0,0.0,14,52,15,2,48,Matches
1383,Sergio Jansen,it ITA,"DF,FW",Marseille,fr Ligue 1,28,1995,1.2,28,37,75.7,615,254,15,18,83.3,15,16,93.8,2,3,66.7,0,0.0,0.1,0.0,1,1,1,1,3,Matches
1384,Rafael Cissé,hr CRO,MF,Troyes,fr Ligue 1,32,1991,9.9,504,577,87.3,10601,3685,244,262,93.1,141,158,89.2,93,157,59.2,2,1.1,1.4,0.9,6,54,6,3,39,Matches
1385,Milan Becker,dk DEN,FW,Strasbourg,fr Ligue 1,29,1994,9.3,264,344,76.7,5315,898,121,142,85.2,91,108,84.3,47,94,50.0,0,0.0,0.2,0.0,12,23,21,7,29,Matches
1386,Viktor Doyle,uy URU,DF,Troyes,fr Ligue 1,33,1990,16.3,461,518,89.0,8560,2846,196,214,91.6,218,252,86.5,32,52,61.5,0,0.0,0.2,0.0,1,27,2,0,50,Matches
1387,Oscar Diallo,se SWE,FW,Monaco,fr Ligue 1,23,2000,4.2,105,142,73.9,2401,679,67,72,93.1,38,45,84.4,12,25,48.0,0,0.0,0.0,0.0,1,13,1,0,4,Matches
1388,Pedro Wright,us USA,DF,Rennes,fr Ligue 1,28,1995,6.8,209,257,81.3,4742,1689,117,131,89.3,93,107,86.9,10,19,52.6,0,2.8,3.2,-2.8,3,16,4,1,14,Matches
1389,Thomas Doyle,it ITA,FW,Rennes,fr Ligue 1,24,1999,18.4,648,716,90.5,9291,3642,272,337,80.7,232,252,92.1,75,127,59.1,1,0.2,0.0,0.8,9,31,16,5,36,Matches
1390,Jonas Byrne,co COL,FW,Troyes,fr Ligue 1,24,1999,7.4,309,441,70.1,5541,2458,158,166,95.2,173,194,89.2,39,81,48.1,1,0.0,0.2,1.0,10,39,6,4,33,Matches
1391,Takumi Hoffmann,pt POR,"DF,MF",Montpellier,fr Ligue 1,31,1992,2.6,103,124,83.1,1995,1109,57,63,90.5,45,51,88.2,5,10,50.0,0,0.3,0.0,-0.3,2,13,2,1,11,Matches
1392,Sergio Schmidt,it ITA,GK,Rennes,fr Ligue 1,27,1996,11.0,417,550,75.8,8587,3307,194,212,91.5,165,200,82.5,83,138,60.1,1,1.1,0.6,-0.1,8,55,16,6,35,Matches
1393,Kevin Laurent,pt POR,GK,Angers,fr Ligue 1,35,1988,2.1,96,136,70.6,1693,694,50,58,86.2,46,50,92.0,12,28,42.9,0,0.9,0.7,-0.9,1,10,1,0,5,Matches
1394,Mateo Nielsen,no NOR,"DF,MF",Monaco,fr Ligue 1,30,1993,16.9,1026,1249,82.1,23094,11173,484,556,87.1,394,445,88.5,144,248,58.1,2,2.2,1.9,-0.2,8,74,9,2,112,Matches
1395,Connor Andersson,uy URU,MF,Marseille,fr Ligue 1,24,1999,27.8,1366,1718,79.5,32226,12763,775,864,89.7,575,626,91.9,160,228,70.2,6,6.6,6.2,-0.6,92,118,159,21,227,Matches
1396,Ryan Kowalski,ch SUI,DF,Lyon,fr Ligue 1,25,1998,13.6,367,510,72.0,8428,2542,218,241,90.5,176,196,89.8,40,73,54.8,0,0.5,0.3,-0.5,8,32,11,3,23,Matches
1397,Samuel Santos,pl POL,FW,Nice,fr Ligue 1,23,2000,4.4,97,121,80.2,2327,814,55,62,88.7,37,45,82.2,7,14,50.0,1,2.5,2.4,-1.5,2,9,3,0,12,Matches
1398,Mateo Petit,ch SUI,MF,Lorient,fr Ligue 1,21,2002,12.3,899,980,91.7,18157,4444,264,297,88.9,458,522,87.7,76,161,47.2,2,2.3,2.2,-0.3,5,90,11,2,117,Matches
1399,Pedro Santos,fr FRA,MF,Lille,fr Ligue 1,22,2001,4.0,187,235,79.6,3560,1290,99,109,90.8,76,87,87.4,27,39,69.2,1,0.5,0.1,0.5,4,13,3,3,10,Matches
1400,Viktor Costa,be BEL,DF,Lille,fr Ligue 1,29,1994,0.7,25,31,80.6,469,94,16,16,100.0,11,13,84.6,2,2,100.0,0,0.0,0.0,0.0,0,3,0,0,2,Matches
1401,Rafael Rossi,it ITA,"DF,MF",Auxerre,fr Ligue 1,30,1993,2.8,120,139,86.3,2622,713,52,59,88.1,38,40,95.0,23,40,57.5,0,0.0,0.0,0.0,2,7,2,1,14,Matches
1402,Callum Martínez,us USA,FW,Auxerre,fr Ligue 1,27,1996,3.8,217,237,91.6,4492,2015,97,112,86.6,76,92,82.6,24,33,72.7,0,1.5,0.8,-1.5,1,18,2,0,12,Matches
1403,Mateo Wagner,se SWE,DF,Marseille,fr Ligue 1,26,1997,8.1,281,345,81.4,5749,1793,164,168,97.6,111,138,80.4,26,39,66.7,0,0.4,0.0,-0.4,1,24,1,0,16,Matches
1404,João Wagner,co COL,DF,Reims,fr Ligue 1,26,1997,3.9,90,110,81.8,1948,728,40,44,90.9,34,39,87.2,17,27,63.0,0,0.3,0.4,-0.3,2,10,2,1,6,Matches
1405,Thomas Müller,pt POR,MF,Troyes,fr Ligue 1,25,1998,1.8,106,117,90.6,2076,498,47,50,94.0,37,43,86.0,15,24,62.5,0,1.8,1.4,-1.8,4,16,9,2,11,Matches
1406,Finn Barnes,co COL,MF,Clermont Foot,fr Ligue 1,28,1995,6.1,314,380,82.6,5985,2139,169,185,91.4,119,146,81.5,27,49,55.1,0,0.0,0.2,0.0,3,42,5,1,14,Matches
1407,Pablo Müller,pt POR,DF,Nantes,fr Ligue 1,26,1997,8.6,252,340,74.1,4894,1732,129,146,88.4,104,121,86.0,44,73,60.3,0,0.0,0.0,0.0,2,24,3,0,23,Matches
1408,Nicolas Müller,fr FRA,FW,Nantes,fr Ligue 1,28,1995,4.7,190,252,75.4,2922,927,125,140,89.3,87,98,88.8,8,14,57.1,0,0.1,0.1,-0.1,1,10,1,0,22,Matches
1409,Julien López,ma MAR,FW,Strasbourg,fr Ligue 1,20,2003,1.3,22,31,71.0,397,136,12,13,92.3,8,10,80.0,5,8,62.5,0,0.8,0.4,-0.8,0,3,0,0,1,Matches
1410,Pedro El Amrani,be BEL,MF,Monaco,fr Ligue 1,24,1999,7.6,309,353,87.5,6163,1216,113,122,92.6,122,143,85.3,42,88,47.7,0,0.0,0.6,0.0,4,23,6,1,45,Matches
1411,Youssef Petit,us USA,MF,Reims,fr Ligue 1,24,1999,8.6,587,716,82.0,10685,3058,304,311,97.7,224,258,86.8,73,147,49.7,1,0.3,1.0,0.7,11,62,17,1,48,Matches
1412,Viktor Weber,br BRA,"FW,MF",Auxerre,fr Ligue 1,16,2007,7.8,311,357,87.1,5538,2256,113,129,87.6,82,102,80.4,75,126,59.5,2,1.2,1.4,0.8,24,36,25,6,31,Matches
1413,Kevin Benali,it ITA,MF,Rennes,fr Ligue 1,31,1992,16.2,923,1081,85.4,17625,7301,380,415,91.6,369,410,90.0,152,256,59.4,0,2.1,2.5,-2.1,7,119,12,2,132,Matches
1414,Karim Novak,sn SEN,FW,Montpellier,fr Ligue 1,23,2000,0.8,18,21,85.7,379,145,10,11,90.9,7,8,87.5,1,2,50.0,0,1.1,1.3,-1.1,0,2,0,0,2,Matches
1415,Takumi Yamamoto,pt POR,FW,Lille,fr Ligue 1,26,1997,9.1,440,541,81.3,9115,2766,278,291,95.5,176,201,87.6,31,49,63.3,1,1.6,1.6,-0.6,7,29,16,1,58,Matches
1416,Anton Diallo,ch SUI,GK,Angers,fr Ligue 1,23,2000,4.5,175,273,64.1,3492,1237,115,125,92.0,84,99,84.8,34,49,69.4,0,0.0,0.0,0.0,3,7,2,2,15,Matches
1417,Liam Barnes,at AUT,"MF,DF",Paris S-G,fr Ligue 1,30,1993,13.5,366,395,92.7,7319,1910,151,169,89.3,137,155,88.4,43,71,60.6,2,2.5,3.0,-0.5,29,68,36,12,17,Matches
1418,Daniel Wagner,pl POL,FW,Strasbourg,fr Ligue 1,21,2002,15.7,587,820,71.6,12116,3533,287,324,88.6,227,250,90.8,111,246,45.1,1,2.5,2.6,-1.5,14,59,23,5,28,Matches
1419,Sergio Larsen,se SWE,MF,Angers,fr Ligue 1,30,1993,6.0,331,396,83.6,7235,2454,214,247,86.6,137,165,83.0,0,0,,0,1.6,1.6,-1.6,1,39,2,0,21,Matches
1420,Marco Hansen,jp JPN,GK,Lorient,fr Ligue 1,31,1992,5.4,200,277,72.2,3852,1435,106,116,91.4,79,105,75.2,40,56,71.4,0,0.8,0.7,-0.8,3,24,3,0,21,Matches
1421,Youssef Nielsen,jp JPN,MF,Montpellier,fr Ligue 1,22,2001,2.3,177,198,89.4,3517,1059,96,109,88.1,63,72,87.5,10,17,58.8,1,0.7,0.8,0.3,6,15,6,4,25,Matches
1422,Emil Bianchi,se SWE,MF,Montpellier,fr Ligue 1,23,2000,4.6,183,204,89.7,3815,1198,95,103,92.2,51,64,79.7,27,37,73.0,1,1.0,1.2,0.0,3,17,3,1,3,Matches
1423,Maxime Ndiaye,sn SEN,DF,Rennes,fr Ligue 1,28,1995,5.1,133,184,72.3,2100,696,83,88,94.3,86,90,95.6,4,6,66.7,0,0.0,0.0,0.0,4,12,8,1,6,Matches
1424,David Larsen,no NOR,DF,Lens,fr Ligue 1,23,2000,11.6,524,646,81.1,8609,2542,331,352,94.0,249,275,90.5,12,19,63.2,2,1.7,1.4,0.3,4,47,6,2,37,Matches
1425,Julien Hughes,de GER,GK,Reims,fr Ligue 1,29,1994,1.2,59,80,73.8,1260,506,36,36,100.0,35,41,85.4,2,3,66.7,0,0.2,0.1,-0.2,2,7,3,0,5,Matches
1426,Thomas Sánchez,es ESP,DF,Lyon,fr Ligue 1,21,2002,9.7,395,487,81.1,7343,1684,218,222,98.2,174,213,81.7,30,52,57.7,0,1.1,0.9,-1.1,3,44,2,1,56,Matches
1427,Stefan Pereira,br BRA,DF,Paris S-G,fr Ligue 1,21,2002,8.5,376,450,83.6,8219,2187,189,192,98.4,138,165,83.6,47,93,50.5,0,0.0,0.8,0.0,5,32,7,2,39,Matches
1428,Anton Sánchez,at AUT,GK,Lyon,fr Ligue 1,29,1994,14.6,839,1154,72.7,18431,4217,420,466,90.1,282,322,87.6,234,366,63.9,0,1.2,1.5,-1.2,18,95,26,8,54,Matches
1429,Nicolas Yamamoto,pl POL,MF,Ajaccio,fr Ligue 1,33,1990,2.1,78,99,78.8,1200,424,48,53,90.6,41,43,95.3,2,3,66.7,0,0.0,0.5,0.0,1,8,2,1,8,Matches
1430,Liam Fischer,fr FRA,MF,Angers,fr Ligue 1,30,1993,1.9,49,62,79.0,1069,425,28,31,90.3,23,31,74.2,0,0,,0,0.0,0.0,0.0,2,4,2,1,4,Matches
1431,Marco Kowalski,sn SEN,"MF,DF",Strasbourg,fr Ligue 1,22,2001,6.5,256,321,79.8,5406,1660,143,155,92.3,90,101,89.1,42,65,64.6,1,2.0,2.1,-1.0,3,13,5,1,22,Matches
1432,Karim Cissé,be BEL,DF,Troyes,fr Ligue 1,29,1994,1.5,70,83,84.3,1391,465,35,39,89.7,24,27,88.9,7,17,41.2,0,0.8,1.6,-0.8,0,5,0,0,3,Matches
1433,Nuno Clarke,uy URU,"DF,FW",Nantes,fr Ligue 1,24,1999,13.6,514,681,75.5,10994,3843,257,290,88.6,266,277,96.0,45,114,39.5,0,0.0,0.0,0.0,11,38,19,4,10,Matches
1434,Finn Hoffmann,us USA,DF,Nantes,fr Ligue 1,24,1999,23.0,456,578,78.9,11366,2763,279,306,91.2,189,218,86.7,35,54,64.8,0,1.4,1.8,-1.4,19,9,40,6,31,Matches
1435,Ryan Wright,br BRA,MF,Toulouse,fr Ligue 1,33,1990,2.8,132,155,85.2,2949,1205,70,78,89.7,52,57,91.2,10,20,50.0,0,0.8,0.8,-0.8,2,6,2,1,5,Matches
1436,Anton López,es ESP,DF,Brest,fr Ligue 1,22,2001,13.5,337,458,73.6,5559,1814,221,242,91.3,161,175,92.0,20,41,48.8,1,1.3,1.3,-0.3,3,55,4,0,34,Matches
1437,Stefan Laurent,eng ENG,FW,Marseille,fr Ligue 1,30,1993,2.8,169,197,85.8,2761,835,83,89,93.3,56,62,90.3,26,46,56.5,0,0.0,0.2,0.0,0,12,0,0,17,Matches
1438,Elias Bianchi,be BEL,MF,Lorient,fr Ligue 1,16,2007,7.5,387,496,78.0,7382,4046,172,187,92.0,194,199,97.5,44,110,40.0,0,2.7,2.6,-2.7,11,41,13,5,12,Matches
1439,Sergio Hughes,dk DEN,DF,Lorient,fr Ligue 1,26,1997,5.7,204,283,72.1,4102,1375,105,131,80.2,100,110,90.9,22,42,52.4,0,0.0,0.2,0.0,1,18,1,0,18,Matches
1440,Nicolas Larsen,rs SRB,"MF,DF",Montpellier,fr Ligue 1,28,1995,9.1,629,749,84.0,12008,3704,304,355,85.6,258,279,92.5,51,115,44.3,1,1.1,1.3,-0.1,14,67,15,8,24,Matches
1441,Omar Benali,co COL,GK,Strasbourg,fr Ligue 1,19,2004,2.3,99,144,68.8,2088,566,70,74,94.6,45,51,88.2,12,19,63.2,0,1.1,1.5,-1.1,2,14,4,1,11,Matches
1442,Connor Wright,nl NED,MF,Lorient,fr Ligue 1,16,2007,4.8,174,240,72.5,2903,1056,102,113,90.3,68,93,73.1,21,34,61.8,0,0.0,0.0,0.0,1,12,1,0,15,Matches
1443,Emil Petit,sn SEN,FW,Lille,fr Ligue 1,24,1999,10.6,134,189,70.9,2596,1057,65,71,91.5,47,57,82.5,32,61,52.5,0,1.0,1.0,-1.0,8,8,16,2,5,Matches
1444,Erik Clarke,ma MAR,DF,Marseille,fr Ligue 1,28,1995,3.9,194,235,82.6,3320,1324,100,107,93.5,88,100,88.0,16,28,57.1,0,0.8,0.9,-0.8,1,16,2,1,25,Matches
1445,Daniel Clarke,es ESP,FW,Lens,fr Ligue 1,21,2002,5.2,202,235,86.0,4228,1068,89,104,85.6,56,68,82.4,29,63,46.0,1,1.1,1.1,-0.1,4,21,5,0,28,Matches
1446,Jonas Rossi,dk DEN,DF,Troyes,fr Ligue 1,26,1997,6.6,105,164,64.0,1856,779,67,70,95.7,48,52,92.3,28,42,66.7,0,0.1,0.6,-0.1,0,12,0,0,8,Matches
1447,Luca Bianchi,it ITA,GK,Nice,fr Ligue 1,29,1994,0.9,40,61,65.6,1024,336,23,27,85.2,19,24,79.2,7,10,70.0,0,1.3,1.1,-1.3,0,5,0,0,5,Matches
1448,Youssef Diallo,es ESP,GK,Nantes,fr Ligue 1,18,2005,24.1,1283,1861,68.9,25958,8314,942,1031,91.4,774,883,87.7,0,0,,3,3.0,2.8,0.0,15,192,14,4,139,Matches
1449,Anton Pereira,co COL,GK,Clermont Foot,fr Ligue 1,28,1995,5.4,331,434,76.3,7116,2878,189,194,97.4,136,159,85.5,47,81,58.0,0,0.0,0.7,0.0,5,24,8,1,31,Matches
1450,Ibrahim Jansen,ar ARG,MF,Nantes,fr Ligue 1,20,2003,5.9,228,253,90.1,4572,1803,124,132,93.9,87,99,87.9,9,22,40.9,2,0.9,1.2,1.1,24,27,35,10,32,Matches
1451,Maxime Martínez,co COL,MF,Rennes,fr Ligue 1,25,1998,5.7,428,494,86.6,8193,2011,228,239,95.4,192,211,91.0,25,44,56.8,0,0.0,0.0,0.0,1,45,1,0,22,Matches
1452,Noah Girard,no NOR,DF,Monaco,fr Ligue 1,23,2000,1.6,52,67,77.6,1150,282,32,32,100.0,25,27,92.6,5,8,62.5,1,0.0,0.0,1.0,2,7,3,1,4,Matches
1453,Anton Rizzo,fr FRA,FW,Lyon,fr Ligue 1,37,1986,13.4,300,359,83.6,5426,2372,147,158,93.0,122,138,88.4,26,63,41.3,1,3.2,3.8,-2.2,5,30,9,3,23,Matches
1454,Callum Novak,nl NED,GK,Toulouse,fr Ligue 1,28,1995,4.3,208,332,62.7,4279,1566,129,135,95.6,100,107,93.5,53,90,58.9,0,0.0,0.3,0.0,2,15,3,1,21,Matches
1455,Lucas Horvat,us USA,"MF,FW",Clermont Foot,fr Ligue 1,24,1999,2.7,104,116,89.7,2052,772,47,50,94.0,47,51,92.2,9,15,60.0,0,0.0,0.0,0.0,3,13,3,0,6,Matches
1456,Andrés Conti,jp JPN,"FW,DF",Marseille,fr Ligue 1,23,2000,8.4,299,391,76.5,5902,2525,153,171,89.5,111,130,85.4,52,90,57.8,0,1.8,1.6,-1.8,4,46,5,3,10,Matches
1457,Lucas Hansen,br BRA,DF,Lorient,fr Ligue 1,22,2001,11.4,304,383,79.4,6323,1473,178,191,93.2,130,142,91.5,25,50,50.0,0,1.1,1.2,-1.1,9,42,12,4,20,Matches
1458,Iker Andersson,ma MAR,GK,Paris S-G,fr Ligue 1,23,2000,37.3,2335,2928,79.7,38229,10862,1271,1363,93.3,965,995,97.0,358,570,62.8,3,2.7,2.6,0.3,8,180,13,3,276,Matches
1459,Finn Clarke,ch SUI,FW,Monaco,fr Ligue 1,30,1993,3.5,73,97,75.3,1398,437,39,41,95.1,31,37,83.8,14,19,73.7,2,2.4,3.0,-0.4,3,7,5,1,7,Matches
1460,Diego Hansen,ch SUI,FW,Reims,fr Ligue 1,33,1990,0.7,21,25,84.0,473,145,13,13,100.0,7,9,77.8,2,3,66.7,0,0.0,0.2,0.0,0,1,0,0,2,Matches
1461,Emil Petit,rs SRB,DF,Lille,fr Ligue 1,21,2002,9.9,356,478,74.5,6499,2789,224,240,93.3,152,185,82.2,35,53,66.0,0,0.4,0.8,-0.4,2,33,2,1,39,Matches
1462,Nuno Walsh,it ITA,DF,Marseille,fr Ligue 1,30,1993,8.3,191,259,73.7,4163,1488,131,131,100.0,104,120,86.7,4,8,50.0,0,2.4,2.6,-2.4,5,17,8,1,11,Matches
1463,Viktor El Amrani,sn SEN,FW,Ajaccio,fr Ligue 1,28,1995,7.6,244,300,81.3,3763,1544,126,132,95.5,99,112,88.4,30,56,53.6,1,2.5,2.5,-1.5,2,15,3,1,19,Matches
1464,Stefan Andersson,eng ENG,"DF,MF",Paris S-G,fr Ligue 1,26,1997,12.7,803,987,81.4,13458,4185,396,438,90.4,305,356,85.7,128,193,66.3,2,1.7,1.7,0.3,5,58,8,1,51,Matches
1465,Nuno Hughes,at AUT,MF,Paris S-G,fr Ligue 1,35,1988,6.9,312,361,86.4,6707,2213,138,151,91.4,127,135,94.1,38,75,50.7,2,2.1,2.6,-0.1,10,37,13,8,31,Matches
1466,Jonas Santos,es ESP,MF,Monaco,fr Ligue 1,30,1993,23.0,640,733,87.3,14090,5354,335,366,91.5,237,250,94.8,72,117,61.5,1,1.2,1.3,-0.2,17,51,22,3,42,Matches
1467,João Tanaka,de GER,FW,Montpellier,fr Ligue 1,28,1995,2.4,105,131,80.2,2182,582,48,51,94.1,39,43,90.7,22,37,59.5,0,0.9,0.3,-0.9,2,13,2,1,10,Matches
1468,David Tanaka,dk DEN,FW,Rennes,fr Ligue 1,28,1995,5.9,126,184,68.5,3021,1424,85,90,94.4,72,87,82.8,5,7,71.4,1,0.8,0.8,0.2,1,14,1,0,10,Matches
1469,Ibrahim Yamamoto,co COL,DF,Reims,fr Ligue 1,22,2001,5.2,177,252,70.2,2775,921,108,119,90.8,72,85,84.7,20,48,41.7,0,0.7,0.4,-0.7,3,16,5,1,17,Matches
1470,Milan Yamamoto,uy URU,DF,Nantes,fr Ligue 1,28,1995,5.7,173,222,77.9,2964,1039,97,106,91.5,78,82,95.1,17,34,50.0,0,0.0,0.3,0.0,4,9,7,1,18,Matches
1471,Erik Yamamoto,jp JPN,FW,Troyes,fr Ligue 1,17,2006,15.0,855,945,90.5,15065,5212,442,464,95.3,389,438,88.8,27,43,62.8,0,0.2,0.3,-0.2,17,116,29,12,113,Matches
1472,Marco Girard,eng ENG,"FW,DF",Monaco,fr Ligue 1,29,1994,5.3,122,168,72.6,2105,681,79,88,89.8,54,59,91.5,15,21,71.4,2,1.9,1.8,0.1,4,12,6,0,7,Matches
1473,Théo Kowalski,us USA,FW,Toulouse,fr Ligue 1,22,2001,1.3,33,42,78.6,556,228,20,20,100.0,13,15,86.7,4,7,57.1,1,2.9,3.0,-1.9,2,4,4,0,2,Matches
1474,Karim El Amrani,es ESP,"MF,DF",Paris S-G,fr Ligue 1,19,2004,7.6,467,556,84.0,8994,4013,217,236,91.9,159,204,77.9,65,116,56.0,2,3.0,3.5,-1.0,9,40,9,5,40,Matches
1475,Connor Martínez,jp JPN,DF,Ajaccio,fr Ligue 1,24,1999,1.9,82,103,79.6,1348,423,54,60,90.0,36,43,83.7,0,0,,0,0.0,0.2,0.0,1,8,1,0,6,Matches
1476,Milan Santos,es ESP,MF,Brest,fr Ligue 1,30,1993,9.9,482,552,87.3,8983,3857,276,277,99.6,177,212,83.5,34,63,54.0,0,0.0,0.2,0.0,2,65,3,1,43,Matches
1477,David Nowak,se SWE,FW,Toulouse,fr Ligue 1,30,1993,25.1,613,826,74.2,10964,5227,359,386,93.0,261,323,80.8,70,117,59.8,0,0.0,0.0,0.0,4,48,5,2,72,Matches
1478,Daniel Andersson,eng ENG,MF,Lyon,fr Ligue 1,23,2000,22.6,332,397,83.6,6104,1388,176,181,97.2,135,141,95.7,22,75,29.3,0,0.0,0.0,0.0,2,49,3,1,20,Matches
1479,Maxime Silva,de GER,FW,Troyes,fr Ligue 1,20,2003,15.4,366,487,75.2,6928,2071,214,233,91.8,154,174,88.5,36,80,45.0,0,0.1,0.0,-0.1,4,24,6,2,29,Matches
1480,Ibrahim Jansen,se SWE,"MF,FW",Nantes,fr Ligue 1,20,2003,9.3,489,597,81.9,11515,4564,250,251,99.6,226,238,95.0,72,108,66.7,0,0.0,0.0,0.0,16,67,30,4,34,Matches
1481,Sota Lindqvist,fr FRA,DF,Toulouse,fr Ligue 1,19,2004,12.3,326,397,82.1,5456,1630,177,209,84.7,159,180,88.3,5,8,62.5,1,0.3,0.1,0.7,7,30,8,3,25,Matches
1482,Jordan Hansen,rs SRB,FW,Toulouse,fr Ligue 1,30,1993,10.5,405,460,88.0,7806,2603,231,237,97.5,157,175,89.7,24,48,50.0,0,0.9,0.9,-0.9,6,48,7,0,35,Matches
1483,Maxime Clarke,be BEL,"MF,DF",Auxerre,fr Ligue 1,27,1996,26.6,1664,1915,86.9,32562,8070,585,629,93.0,779,784,99.4,307,502,61.2,1,0.9,0.8,0.1,14,137,22,4,118,Matches
1484,Connor Hoffmann,ma MAR,DF,Auxerre,fr Ligue 1,28,1995,6.1,195,247,78.9,4320,1090,115,121,95.0,75,86,87.2,16,40,40.0,0,0.0,0.0,0.0,4,16,6,1,19,Matches
1485,David Cissé,sn SEN,"FW,MF",Lorient,fr Ligue 1,19,2004,12.1,695,715,97.2,14605,6166,313,337,92.9,204,204,100.0,85,174,48.9,5,5.1,4.7,-0.1,48,36,66,8,78,Matches
1486,Adam Barnes,co COL,DF,Lyon,fr Ligue 1,18,2005,2.7,99,141,70.2,2006,709,62,67,92.5,51,57,89.5,13,17,76.5,0,0.0,0.0,0.0,1,11,1,0,7,Matches
1487,Emil Kovač,eng ENG,MF,Lyon,fr Ligue 1,25,1998,4.0,175,214,81.8,3239,1361,107,112,95.5,62,74,83.8,13,28,46.4,1,1.9,1.8,-0.9,6,18,4,3,18,Matches
1488,Ibrahim Kowalski,jp JPN,FW,Montpellier,fr Ligue 1,20,2003,18.4,746,896,83.3,14442,5882,396,449,88.2,333,379,87.9,39,68,57.4,1,0.7,0.5,0.3,9,38,11,2,56,Matches
1489,Takumi Ferrari,at AUT,DF,Lyon,fr Ligue 1,26,1997,6.4,174,230,75.7,3134,1277,87,97,89.7,89,89,100.0,33,44,75.0,0,0.0,0.0,0.0,2,12,2,1,20,Matches
1490,Thomas Benali,es ESP,FW,Auxerre,fr Ligue 1,25,1998,5.4,188,209,90.0,3232,862,79,86,91.9,55,68,80.9,23,55,41.8,0,0.1,0.0,-0.1,5,16,9,1,12,Matches
1491,Liam Becker,it ITA,FW,Nice,fr Ligue 1,26,1997,6.2,183,231,79.2,4201,1068,96,100,96.0,82,91,90.1,18,40,45.0,0,0.0,0.5,0.0,4,21,7,0,19,Matches
1492,Antoine Doyle,pl POL,MF,Troyes,fr Ligue 1,26,1997,8.5,369,466,79.2,7475,2088,158,167,94.6,180,203,88.7,47,96,49.0,2,1.8,1.9,0.2,17,34,22,2,40,Matches
1493,Pedro El Amrani,fr FRA,GK,Brest,fr Ligue 1,27,1996,2.9,170,273,62.3,3526,1390,105,111,94.6,109,121,90.1,17,41,41.5,0,1.4,1.7,-1.4,1,15,1,0,13,Matches
1494,Owen Andersson,de GER,DF,Lille,fr Ligue 1,26,1997,5.3,269,346,77.7,4990,1674,157,181,86.7,108,131,82.4,25,34,73.5,0,0.0,0.0,0.0,2,24,4,1,34,Matches
1495,Felix Murphy,ar ARG,"MF,FW",Lyon,fr Ligue 1,25,1998,6.7,280,376,74.5,5807,1773,142,155,91.6,141,152,92.8,38,69,55.1,3,2.3,2.9,0.7,10,33,23,2,22,Matches
1496,Javier Gómez,de GER,DF,Lille,fr Ligue 1,26,1997,11.8,421,504,83.5,8907,2306,241,258,93.4,134,166,80.7,39,80,48.8,0,0.6,0.6,-0.6,4,53,3,1,36,Matches
1497,Pedro Becker,co COL,"MF,DF",Lyon,fr Ligue 1,25,1998,5.4,333,375,88.8,5493,1934,137,154,89.0,117,126,92.9,57,95,60.0,0,0.9,0.6,-0.9,1,34,2,0,43,Matches
1498,Julien Santos,dk DEN,DF,Auxerre,fr Ligue 1,27,1996,10.2,222,279,79.6,3527,1282,88,102,86.3,76,91,83.5,52,86,60.5,0,1.3,0.9,-1.3,9,5,11,0,13,Matches
1499,Hugo Becker,rs SRB,MF,Rennes,fr Ligue 1,27,1996,10.6,591,658,89.8,11713,4182,246,250,98.4,196,234,83.8,95,174,54.6,2,1.3,1.2,0.7,31,64,65,22,33,Matches
1500,Iker El Amrani,at AUT,"MF,DF",Auxerre,fr Ligue 1,27,1996,7.1,268,312,85.9,5847,1483,125,139,89.9,136,154,88.3,11,19,57.9,2,0.9,1.2,1.1,3,40,4,0,26,Matches
1501,Pablo Andersson,uy URU,DF,Angers,fr Ligue 1,23,2000,11.9,587,679,86.5,10301,4435,275,302,91.1,251,274,91.6,59,103,57.3,1,2.3,2.2,-1.3,5,37,6,1,33,Matches
1502,Iker Silva,pl POL,"MF,DF",Clermont Foot,fr Ligue 1,26,1997,4.9,166,199,83.4,3611,1276,88,92,95.7,59,66,89.4,22,41,53.7,0,0.0,0.0,0.0,2,18,3,0,11,Matches
1503,Connor Kowalski,ch SUI,MF,Lens,fr Ligue 1,33,1990,13.6,697,802,86.9,12546,4670,360,402,89.6,294,322,91.3,40,78,51.3,6,7.1,6.8,-1.1,64,72,96,34,23,Matches
1504,Elias Larsen,sn SEN,MF,Clermont Foot,fr Ligue 1,27,1996,16.7,497,579,85.8,10304,5416,269,303,88.8,161,181,89.0,42,95,44.2,5,5.1,5.7,-0.1,51,61,45,28,33,Matches
1505,Daniel Yamamoto,ma MAR,DF,Troyes,fr Ligue 1,22,2001,10.2,262,343,76.4,6046,2282,174,188,92.6,152,173,87.9,0,0,,0,0.1,0.1,-0.1,5,38,5,0,38,Matches
1506,Erik Kovač,pl POL,DF,Lyon,fr Ligue 1,22,2001,0.9,28,32,87.5,560,164,15,17,88.2,13,16,81.2,0,0,,0,0.0,0.0,0.0,0,2,0,0,2,Matches
1507,Bruno Silva,pt POR,GK,Strasbourg,fr Ligue 1,22,2001,12.2,787,1024,76.9,14968,5151,394,433,91.0,364,407,89.4,150,184,81.5,1,0.8,0.3,0.2,2,78,2,1,104,Matches
1508,Samuel Conti,de GER,GK,Paris S-G,fr Ligue 1,25,1998,2.1,108,148,73.0,2003,635,69,76,90.8,43,52,82.7,11,20,55.0,0,0.0,0.7,0.0,0,13,0,0,9,Matches
1509,Jonas Berg,rs SRB,DF,Auxerre,fr Ligue 1,18,2005,1.5,67,92,72.8,1312,366,41,46,89.1,18,21,85.7,18,25,72.0,0,0.9,1.3,-0.9,1,7,1,1,5,Matches
1510,Connor Bakker,be BEL,GK,Toulouse,fr Ligue 1,19,2004,15.3,894,1148,77.9,14209,4378,409,440,93.0,329,382,86.1,205,326,62.9,0,1.1,1.1,-1.1,3,99,5,2,68,Matches
1511,Maxime Costa,at AUT,"FW,MF",Rennes,fr Ligue 1,39,1984,3.8,144,170,84.7,2869,946,47,50,94.0,59,74,79.7,28,46,60.9,0,0.0,0.0,0.0,4,16,4,2,12,Matches
1512,Pablo Wright,de GER,MF,Reims,fr Ligue 1,34,1989,14.2,767,955,80.3,14421,5843,368,409,90.0,276,317,87.1,151,229,65.9,0,0.7,1.4,-0.7,2,56,2,0,83,Matches
1513,João Clarke,ma MAR,FW,Toulouse,fr Ligue 1,27,1996,7.2,207,254,81.5,4451,1429,123,135,91.1,87,92,94.6,18,27,66.7,0,2.2,2.6,-2.2,5,4,7,2,21,Matches
1514,Karim López,br BRA,MF,Lyon,fr Ligue 1,29,1994,14.5,443,528,83.9,9433,4855,250,258,96.9,135,150,90.0,50,120,41.7,0,1.7,1.5,-1.7,10,45,12,6,35,Matches
1515,Hugo López,ar ARG,DF,Strasbourg,fr Ligue 1,20,2003,21.0,550,661,83.2,9839,3531,295,307,96.1,255,281,90.7,51,73,69.9,1,1.3,1.5,-0.3,15,42,19,6,20,Matches
1516,Viktor Larsen,no NOR,MF,Lyon,fr Ligue 1,24,1999,22.7,892,1062,84.0,19420,8118,563,563,100.0,292,349,83.7,80,150,53.3,1,1.1,0.3,-0.1,4,81,9,0,3,Matches
1517,Bruno Petit,nl NED,"DF,MF",Nice,fr Ligue 1,24,1999,9.5,523,632,82.8,11065,2700,252,284,88.7,239,272,87.9,52,76,68.4,0,0.0,0.0,0.0,6,48,8,2,41,Matches
1518,Connor Diallo,ma MAR,MF,Angers,fr Ligue 1,22,2001,12.6,489,534,91.6,9054,3276,246,287,85.7,177,213,83.1,20,34,58.8,1,1.6,2.0,-0.6,5,39,7,2,59,Matches
1519,Noah Nielsen,br BRA,MF,Reims,fr Ligue 1,23,2000,6.5,285,346,82.4,6683,1916,167,180,92.8,98,106,92.5,41,60,68.3,0,0.0,0.4,0.0,2,31,2,0,27,Matches
1520,Marco Andersson,br BRA,FW,Paris S-G,fr Ligue 1,29,1994,13.6,441,540,81.7,7692,2997,198,211,93.8,198,220,90.0,82,109,75.2,1,0.8,1.0,0.2,5,35,9,3,74,Matches
1521,Thomas Martínez,jp JPN,FW,Ajaccio,fr Ligue 1,27,1996,2.9,147,160,91.9,3115,1018,33,37,89.2,49,52,94.2,52,71,73.2,0,1.2,1.4,-1.2,1,17,1,0,6,Matches
1522,Karim Clarke,es ESP,"MF,FW",Rennes,fr Ligue 1,20,2003,16.0,769,901,85.3,15119,5918,389,431,90.3,276,313,88.2,81,157,51.6,0,0.9,1.3,-0.9,18,43,20,2,68,Matches
1523,Sota Fernández,pt POR,MF,Paris S-G,fr Ligue 1,19,2004,8.9,418,496,84.3,8797,3721,168,183,91.8,141,176,80.1,87,137,63.5,2,1.5,1.7,0.5,3,34,6,1,22,Matches
1524,Jonas Sánchez,jp JPN,DF,Paris S-G,fr Ligue 1,25,1998,3.2,74,98,75.5,1604,514,40,43,93.0,29,33,87.9,9,22,40.9,0,0.0,0.4,0.0,4,5,5,2,9,Matches
1525,Thomas Cissé,jp JPN,DF,Monaco,fr Ligue 1,28,1995,16.5,640,765,83.7,10790,2681,328,383,85.6,234,268,87.3,65,114,57.0,3,1.9,1.3,1.1,9,94,13,5,81,Matches
1526,Jordan Rizzo,es ESP,DF,Clermont Foot,fr Ligue 1,25,1998,19.2,651,757,86.0,13853,5390,300,316,94.9,234,263,89.0,129,178,72.5,0,1.0,0.8,-1.0,9,67,14,2,18,Matches
1527,Hugo Schmidt,eng ENG,DF,Rennes,fr Ligue 1,29,1994,5.3,211,268,78.7,3896,1291,107,114,93.9,78,94,83.0,46,60,76.7,0,1.5,1.9,-1.5,3,19,3,1,15,Matches
1528,Nicolas Fernández,pl POL,DF,Lorient,fr Ligue 1,27,1996,10.9,530,690,76.8,8426,2435,329,364,90.4,226,269,84.0,35,57,61.4,0,0.9,0.9,-0.9,4,43,7,1,50,Matches
1529,Nicolas Wagner,br BRA,DF,Marseille,fr Ligue 1,30,1993,26.6,840,1052,79.8,18484,6722,554,572,96.9,335,429,78.1,32,51,62.7,1,0.0,0.6,1.0,5,61,6,1,29,Matches
1530,Daniel Becker,uy URU,"MF,DF",Lorient,fr Ligue 1,28,1995,6.1,373,434,85.9,6564,1894,149,184,81.0,112,127,88.2,91,123,74.0,0,0.0,0.0,0.0,7,43,9,0,43,Matches
1531,Felix Traoré,se SWE,FW,Lens,fr Ligue 1,33,1990,29.8,1004,1313,76.5,19168,7543,592,658,90.0,385,484,79.5,111,171,64.9,0,0.0,0.5,0.0,5,133,4,1,70,Matches
1532,David Bianchi,ch SUI,"FW,MF",Nantes,fr Ligue 1,29,1994,10.5,416,516,80.6,6390,2165,238,255,93.3,167,207,80.7,24,54,44.4,1,1.1,1.5,-0.1,8,40,9,3,27,Matches
1533,Connor Yamamoto,rs SRB,DF,Rennes,fr Ligue 1,30,1993,2.5,70,90,77.8,1535,273,40,42,95.2,32,37,86.5,6,11,54.5,0,0.0,0.0,0.0,0,8,0,0,5,Matches
1534,Théo Kowalski,de GER,DF,Auxerre,fr Ligue 1,24,1999,7.0,236,284,83.1,5104,2115,132,143,92.3,90,108,83.3,18,33,54.5,0,0.0,0.2,0.0,1,17,1,0,17,Matches
1535,Iker Dubois,at AUT,FW,Lyon,fr Ligue 1,28,1995,9.4,260,368,70.7,4350,1485,185,211,87.7,112,135,83.0,11,22,50.0,1,0.7,0.9,0.3,14,28,10,7,16,Matches
1536,Connor Ndiaye,es ESP,DF,Lille,fr Ligue 1,22,2001,5.4,245,280,87.5,4047,1793,138,141,97.9,107,126,84.9,8,13,61.5,0,0.1,0.3,-0.1,3,31,6,1,20,Matches
1537,Maxime Traoré,rs SRB,DF,Angers,fr Ligue 1,22,2001,23.8,682,923,73.9,13429,6597,425,468,90.8,332,373,89.0,45,82,54.9,1,1.9,2.4,-0.9,14,100,10,6,44,Matches
1538,Lucas Schmidt,pl POL,MF,Ajaccio,fr Ligue 1,28,1995,16.8,671,792,84.7,14940,4735,356,377,94.4,216,278,77.7,69,137,50.4,1,0.2,0.0,0.8,25,68,35,5,56,Matches
1539,Jonas Nowak,no NOR,DF,Rennes,fr Ligue 1,27,1996,4.3,210,256,82.0,4222,1838,105,112,93.8,75,78,96.2,34,66,51.5,0,0.0,0.6,0.0,2,24,4,1,24,Matches
1540,Elias Kowalski,rs SRB,GK,Toulouse,fr Ligue 1,31,1992,4.8,223,343,65.0,4990,1768,144,146,98.6,93,114,81.6,45,83,54.2,0,1.2,0.8,-1.2,2,26,3,1,14,Matches
1541,Lucas Clarke,ch SUI,DF,Lille,fr Ligue 1,17,2006,6.4,292,345,84.6,4590,1804,160,187,85.6,121,138,87.7,11,20,55.0,1,0.0,0.0,1.0,7,24,10,4,26,Matches
1542,Kevin Hughes,us USA,FW,Lens,fr Ligue 1,21,2002,25.3,1359,1753,77.5,32209,14208,628,679,92.5,712,798,89.2,147,276,53.3,0,0.0,0.0,0.0,1,177,2,0,162,Matches
1543,Emil Traoré,ma MAR,MF,Troyes,fr Ligue 1,26,1997,14.2,927,1079,85.9,18822,7715,391,428,91.4,420,466,90.1,121,185,65.4,1,0.0,0.0,1.0,23,68,25,6,117,Matches
1544,Felix Schmidt,sn SEN,MF,Auxerre,fr Ligue 1,23,2000,21.4,799,898,89.0,14210,6667,429,462,92.9,353,407,86.7,19,29,65.5,2,1.5,0.7,0.5,26,117,43,11,67,Matches
1545,Javier Rizzo,no NOR,DF,Lorient,fr Ligue 1,29,1994,13.5,511,578,88.4,9986,3996,181,196,92.3,158,194,81.4,109,188,58.0,0,0.1,0.2,-0.1,3,35,5,1,40,Matches
1546,Anton Tanaka,de GER,DF,Nantes,fr Ligue 1,26,1997,3.7,90,116,77.6,1511,453,44,51,86.3,24,30,80.0,23,35,65.7,0,0.0,0.0,0.0,1,9,2,0,8,Matches
1547,Diego Weber,co COL,"DF,MF",Ajaccio,fr Ligue 1,26,1997,10.0,511,560,91.2,12105,2686,262,277,94.6,215,244,88.1,26,39,66.7,0,0.0,0.3,0.0,4,35,5,1,57,Matches
1548,Callum Barnes,co COL,"MF,FW",Rennes,fr Ligue 1,23,2000,6.8,458,508,90.2,10307,2764,231,255,90.6,142,162,87.7,61,91,67.0,1,0.4,0.2,0.6,3,44,2,1,54,Matches
1549,Sota Bianchi,nl NED,DF,Nice,fr Ligue 1,24,1999,1.3,7,10,70.0,168,46,3,4,75.0,4,4,100.0,1,2,50.0,0,0.7,1.5,-0.7,1,1,2,0,1,Matches
1550,Jordan Diallo,dk DEN,MF,Marseille,fr Ligue 1,27,1996,0.7,23,29,79.3,453,153,13,13,100.0,9,12,75.0,2,4,50.0,0,1.6,1.0,-1.6,1,1,2,0,3,Matches
1551,David Bakker,jp JPN,DF,Monaco,fr Ligue 1,26,1997,20.8,722,935,77.2,15935,6415,460,498,92.4,305,319,95.6,89,118,75.4,2,1.6,1.5,0.4,10,66,6,1,76,Matches
1552,Nicolas Weber,ar ARG,"MF,FW",Auxerre,fr Ligue 1,29,1994,12.6,497,637,78.0,10474,2276,364,364,100.0,283,321,88.2,0,0,,0,0.7,0.5,-0.7,8,43,8,5,54,Matches
1553,Felix Clarke,ch SUI,"DF,MF",Clermont Foot,fr Ligue 1,36,1987,6.9,390,460,84.8,6946,1790,182,207,87.9,163,186,87.6,38,67,56.7,1,1.8,1.4,-0.8,1,48,2,0,34,Matches
1554,Diego Conti,ch SUI,GK,Nice,fr Ligue 1,22,2001,4.0,206,307,67.1,3366,1339,127,127,100.0,122,138,88.4,28,42,66.7,0,0.7,0.3,-0.7,5,25,8,2,29,Matches
1555,Liam Gómez,ma MAR,MF,Lyon,fr Ligue 1,20,2003,12.9,717,901,79.6,11422,4573,416,445,93.5,346,390,88.7,36,66,54.5,2,0.9,0.9,1.1,27,83,46,5,71,Matches
1556,Kevin El Amrani,it ITA,GK,Nantes,fr Ligue 1,29,1994,2.6,123,166,74.1,2248,846,59,65,90.8,58,73,79.5,21,28,75.0,0,0.0,0.9,0.0,3,10,4,1,11,Matches
1557,Pablo Doyle,fr FRA,DF,Clermont Foot,fr Ligue 1,28,1995,0.8,24,28,85.7,386,141,11,12,91.7,10,11,90.9,2,5,40.0,0,0.2,0.0,-0.2,0,2,0,0,2,Matches
1558,Mateo Costa,it ITA,FW,Lille,fr Ligue 1,26,1997,8.6,128,160,80.0,2356,861,72,82,87.8,53,62,85.5,13,16,81.2,0,0.8,1.2,-0.8,9,14,10,6,16,Matches
1559,Stefan López,se SWE,DF,Lens,fr Ligue 1,25,1998,17.7,606,754,80.4,13515,3757,272,272,100.0,157,197,79.7,176,285,61.8,3,3.7,3.2,-0.7,23,59,24,7,67,Matches
1560,Andrés Silva,at AUT,DF,Montpellier,fr Ligue 1,30,1993,34.6,779,940,82.9,16379,8591,413,453,91.2,338,371,91.1,74,116,63.8,3,4.2,4.4,-1.2,32,92,40,7,78,Matches
1561,Andrés Conti,no NOR,MF,Stuttgart,de Bundesliga,19,2004,31.8,1687,2003,84.2,35166,13646,1075,1106,97.2,796,996,79.9,0,0,,2,1.7,2.2,0.3,17,91,32,13,127,Matches
1562,Finn Novak,us USA,FW,Hoffenheim,de Bundesliga,27,1996,12.2,412,535,77.0,7618,2070,177,193,91.7,212,249,85.1,48,93,51.6,0,0.1,0.0,-0.1,2,22,4,0,61,Matches
1563,Youssef Novak,jp JPN,"MF,FW",Bochum,de Bundesliga,22,2001,38.0,1001,1346,74.4,15886,6007,502,574,87.5,454,536,84.7,139,236,58.9,5,3.5,3.6,1.5,37,80,50,13,104,Matches
1564,Rafael Bakker,pl POL,"FW,MF",Eint Frankfurt,de Bundesliga,26,1997,5.4,151,200,75.5,3185,1152,88,101,87.1,79,91,86.8,4,8,50.0,0,0.0,0.4,0.0,6,21,8,2,14,Matches
1565,Bruno Larsen,se SWE,FW,Eint Frankfurt,de Bundesliga,27,1996,14.7,332,432,76.9,6641,1287,208,219,95.0,134,154,87.0,36,59,61.0,0,0.4,0.1,-0.4,10,25,10,5,27,Matches
1566,Rafael Byrne,us USA,MF,Mainz 05,de Bundesliga,25,1998,3.7,123,167,73.7,2343,824,78,85,91.8,54,58,93.1,14,24,58.3,0,0.8,0.7,-0.8,2,12,3,1,13,Matches
1567,Julien Cissé,it ITA,GK,Union Berlin,de Bundesliga,29,1994,18.9,1132,1420,79.7,19806,3363,690,768,89.8,323,395,81.8,124,257,48.2,2,1.6,1.6,0.4,13,76,17,2,110,Matches
1568,Marco Wright,pl POL,"MF,FW",Leverkusen,de Bundesliga,16,2007,1.4,36,41,87.8,824,296,16,18,88.9,17,20,85.0,2,3,66.7,1,0.8,0.1,0.2,2,4,2,1,4,Matches
1569,Sergio Greco,ch SUI,DF,Hoffenheim,de Bundesliga,30,1993,8.2,310,339,91.4,5691,2058,143,168,85.1,98,116,84.5,26,55,47.3,0,1.8,2.4,-1.8,4,43,1,0,15,Matches
1570,Omar Ndiaye,pl POL,DF,Wolfsburg,de Bundesliga,19,2004,18.6,559,722,77.4,11903,4458,285,314,90.8,187,211,88.6,119,197,60.4,3,2.7,2.6,0.3,14,60,10,0,51,Matches
1571,Youssef Nowak,ar ARG,DF,RB Leipzig,de Bundesliga,28,1995,3.8,177,231,76.6,3866,1249,97,97,100.0,97,110,88.2,14,24,58.3,0,0.0,0.4,0.0,4,21,7,1,11,Matches
1572,Iker Nowak,rs SRB,DF,Dortmund,de Bundesliga,29,1994,4.7,128,172,74.4,2767,694,82,87,94.3,43,49,87.8,23,36,63.9,0,1.3,1.6,-1.3,2,11,2,1,3,Matches
1573,David Wright,ma MAR,FW,Hertha BSC,de Bundesliga,25,1998,7.2,322,357,90.2,8289,2064,174,197,88.3,132,145,91.0,9,15,60.0,0,1.7,1.8,-1.7,4,20,7,3,40,Matches
1574,Anton Sánchez,rs SRB,DF,Bayern Munich,de Bundesliga,28,1995,11.0,278,316,88.0,5570,1553,135,139,97.1,111,132,84.1,27,45,60.0,0,1.3,1.3,-1.3,5,33,8,2,16,Matches
1575,João Bakker,eng ENG,DF,Eint Frankfurt,de Bundesliga,23,2000,33.0,1469,1799,81.7,27446,9725,653,759,86.0,653,754,86.6,205,286,71.7,1,2.7,2.4,-1.7,16,132,26,3,143,Matches
1576,Sota Hughes,nl NED,DF,Augsburg,de Bundesliga,28,1995,18.1,737,946,77.9,11397,4632,417,482,86.5,293,325,90.2,80,139,57.6,1,0.6,0.0,0.4,14,100,17,5,57,Matches
1577,David El Amrani,be BEL,MF,M'Gladbach,de Bundesliga,26,1997,1.8,85,103,82.5,1738,581,50,54,92.6,27,32,84.4,10,17,58.8,0,0.0,0.0,0.0,0,12,0,0,6,Matches
1578,Felix Wagner,jp JPN,MF,Hertha BSC,de Bundesliga,21,2002,6.6,322,378,85.2,6884,1893,174,182,95.6,104,114,91.2,44,82,53.7,1,1.3,1.7,-0.3,7,36,11,2,26,Matches
1579,Kevin Hoffmann,co COL,DF,Eint Frankfurt,de Bundesliga,25,1998,5.2,193,226,85.4,3297,1351,102,108,94.4,65,77,84.4,27,41,65.9,0,0.5,0.2,-0.5,5,16,4,1,12,Matches
1580,Hugo Petit,nl NED,DF,Bayern Munich,de Bundesliga,32,1991,11.7,289,394,73.4,5940,2310,172,172,100.0,104,118,88.1,83,104,79.8,3,3.1,3.0,-0.1,12,28,20,0,37,Matches
1581,Andrés Kovač,nl NED,GK,Bochum,de Bundesliga,22,2001,16.3,779,1172,66.5,15951,4888,535,586,91.3,396,415,95.4,93,171,54.4,0,0.0,0.0,0.0,20,102,36,7,44,Matches
1582,Felix López,it ITA,FW,Bochum,de Bundesliga,20,2003,32.4,1553,2007,77.4,35293,13655,1007,1126,89.4,509,640,79.5,160,241,66.4,3,0.7,0.5,2.3,12,179,13,7,203,Matches
1583,Stefan Silva,rs SRB,DF,M'Gladbach,de Bundesliga,25,1998,1.5,33,41,80.5,511,143,16,18,88.9,15,19,78.9,2,4,50.0,0,0.0,0.0,0.0,1,4,1,1,4,Matches
1584,Anton Girard,be BEL,MF,Werder Bremen,de Bundesliga,25,1998,5.8,178,202,88.1,3004,983,84,93,90.3,78,90,86.7,9,19,47.4,0,0.0,0.0,0.0,4,20,7,1,15,Matches
1585,Connor Fischer,pl POL,"DF,MF",Werder Bremen,de Bundesliga,27,1996,2.9,183,225,81.3,3212,1308,103,119,86.6,66,76,86.8,17,30,56.7,0,1.1,1.3,-1.1,3,23,2,2,27,Matches
1586,Antoine Novak,co COL,MF,Bochum,de Bundesliga,23,2000,3.1,157,175,89.7,2344,725,75,83,90.4,78,79,98.7,7,13,53.8,0,2.0,2.1,-2.0,1,17,1,0,20,Matches
1587,Javier El Amrani,ma MAR,"DF,MF",Werder Bremen,de Bundesliga,20,2003,12.2,453,534,84.8,8783,3460,203,225,90.2,189,218,86.7,47,91,51.6,0,1.9,1.7,-1.9,3,39,4,1,41,Matches
1588,Nicolas Bianchi,eng ENG,"FW,MF",Wolfsburg,de Bundesliga,25,1998,8.1,256,327,78.3,5110,1939,185,185,100.0,111,126,88.1,7,16,43.8,1,0.6,0.7,0.4,2,20,2,0,24,Matches
1589,Rafael Jansen,eng ENG,FW,Werder Bremen,de Bundesliga,25,1998,14.7,699,821,85.1,11920,3536,305,314,97.1,210,263,79.8,137,244,56.1,0,0.0,0.5,0.0,6,0,9,2,68,Matches
1590,Noah Fischer,ch SUI,FW,Hertha BSC,de Bundesliga,22,2001,16.3,287,392,73.2,6465,2532,173,200,86.5,140,151,92.7,21,41,51.2,1,1.8,1.1,-0.8,4,36,7,3,20,Matches
1591,Marco López,de GER,FW,Wolfsburg,de Bundesliga,20,2003,12.9,560,636,88.1,11929,4468,278,300,92.7,198,213,93.0,62,123,50.4,0,0.0,0.0,0.0,4,34,4,0,69,Matches
1592,Pablo Kowalski,uy URU,"MF,FW",Bayern Munich,de Bundesliga,22,2001,15.1,515,625,82.4,9517,3445,236,256,92.2,206,235,87.7,86,134,64.2,1,1.1,1.2,-0.1,11,46,22,5,32,Matches
1593,Ibrahim Bakker,co COL,FW,RB Leipzig,de Bundesliga,30,1993,7.6,222,261,85.1,3635,1384,98,99,99.0,71,78,91.0,46,84,54.8,0,1.3,1.8,-1.3,5,30,9,2,27,Matches
1594,Marco Becker,br BRA,MF,Bayern Munich,de Bundesliga,30,1993,1.6,99,115,86.1,2406,861,52,61,85.2,42,48,87.5,3,6,50.0,0,0.3,0.8,-0.3,2,13,3,1,12,Matches
1595,Anton Schmidt,se SWE,DF,Eint Frankfurt,de Bundesliga,28,1995,5.3,83,106,78.3,1796,595,45,48,93.8,41,49,83.7,4,9,44.4,0,0.0,0.0,0.0,3,13,3,0,7,Matches
1596,Owen Barnes,rs SRB,MF,Bochum,de Bundesliga,24,1999,14.7,532,628,84.7,11942,3365,306,313,97.8,226,260,86.9,19,55,34.5,1,4.1,3.6,-3.1,9,30,11,4,62,Matches
1597,Antoine Laurent,hr CRO,MF,Union Berlin,de Bundesliga,27,1996,8.3,309,344,89.8,5819,1752,151,158,95.6,106,123,86.2,39,63,61.9,1,0.0,0.0,1.0,12,18,13,3,34,Matches
1598,Connor Jansen,no NOR,MF,Hertha BSC,de Bundesliga,28,1995,11.1,590,725,81.4,13481,5545,299,310,96.5,262,292,89.7,76,123,61.8,5,3.7,4.0,1.3,31,39,71,25,37,Matches
1599,Takumi Tanaka,br BRA,DF,Mainz 05,de Bundesliga,26,1997,6.2,176,218,80.7,3702,884,101,109,92.7,59,74,79.7,25,35,71.4,0,0.0,0.0,0.0,6,8,9,1,16,Matches
1600,Adam Nowak,dk DEN,"FW,MF",Wolfsburg,de Bundesliga,30,1993,10.9,484,498,97.2,8965,3942,178,199,89.4,192,203,94.6,65,96,67.7,1,3.2,2.8,-2.2,9,69,7,3,27,Matches
1601,Rafael Benali,ma MAR,GK,Mainz 05,de Bundesliga,23,2000,6.1,353,459,76.9,7612,1760,184,199,92.5,166,189,87.8,41,71,57.7,0,0.0,0.1,0.0,2,41,2,0,36,Matches
1602,Rafael Kowalski,hr CRO,"DF,MF",Hertha BSC,de Bundesliga,22,2001,12.8,675,846,79.8,13244,5431,252,267,94.4,300,337,89.0,155,242,64.0,0,0.0,0.5,0.0,4,75,6,1,53,Matches
1603,Bruno Conti,es ESP,"FW,DF",Schalke 04,de Bundesliga,29,1994,4.0,81,111,73.0,1527,439,43,48,89.6,24,27,88.9,22,36,61.1,0,0.5,0.0,-0.5,5,7,11,1,14,Matches
1604,Adam Nielsen,be BEL,FW,Hoffenheim,de Bundesliga,25,1998,8.2,189,256,73.8,3398,1076,113,123,91.9,81,100,81.0,15,33,45.5,0,0.1,0.3,-0.1,5,27,7,3,24,Matches
1605,Erik Kovač,it ITA,"MF,DF",Werder Bremen,de Bundesliga,26,1997,6.5,317,352,90.1,6907,3188,143,160,89.4,105,133,78.9,46,59,78.0,0,0.0,0.4,0.0,6,40,9,3,25,Matches
1606,Mateo Byrne,br BRA,"MF,FW",Augsburg,de Bundesliga,27,1996,17.9,823,1022,80.5,16611,5402,505,523,96.6,237,320,74.1,96,179,53.6,2,1.0,1.7,1.0,20,108,37,11,97,Matches
1607,Youssef Hughes,sn SEN,FW,Leverkusen,de Bundesliga,25,1998,2.3,59,67,88.1,1297,406,30,33,90.9,24,28,85.7,4,6,66.7,0,0.2,0.3,-0.2,1,4,1,0,8,Matches
1608,Julien López,ma MAR,FW,Leverkusen,de Bundesliga,28,1995,5.3,242,261,92.7,5049,1457,123,133,92.5,59,66,89.4,33,62,53.2,0,0.1,0.7,-0.1,3,32,4,1,15,Matches
1609,Erik Hughes,dk DEN,DF,Dortmund,de Bundesliga,29,1994,13.0,484,594,81.5,9396,3922,267,283,94.3,175,210,83.3,68,101,67.3,1,2.5,2.5,-1.5,2,48,2,1,10,Matches
1610,Connor Bianchi,pl POL,DF,RB Leipzig,de Bundesliga,37,1986,7.0,287,386,74.4,4775,1463,173,182,95.1,141,156,90.4,24,48,50.0,0,0.0,0.0,0.0,2,34,2,0,24,Matches
1611,Mason Kovač,jp JPN,DF,Leverkusen,de Bundesliga,27,1996,10.3,176,210,83.8,3326,1304,93,108,86.1,78,87,89.7,9,15,60.0,0,0.9,0.9,-0.9,9,20,14,1,8,Matches
1612,Mason Becker,uy URU,FW,Union Berlin,de Bundesliga,23,2000,5.6,195,232,84.1,3681,1272,79,84,94.0,78,87,89.7,36,61,59.0,0,2.2,2.5,-2.2,0,7,0,0,19,Matches
1613,Milan Kovač,es ESP,MF,Wolfsburg,de Bundesliga,26,1997,8.7,466,538,86.6,10570,2641,188,211,89.1,170,207,82.1,48,120,40.0,0,0.0,0.5,0.0,2,36,2,1,38,Matches
1614,Liam Hoffmann,ar ARG,MF,Eint Frankfurt,de Bundesliga,19,2004,14.8,883,1001,88.2,12032,4757,496,527,94.1,347,382,90.8,65,92,70.7,4,7.3,7.1,-3.3,11,105,13,1,43,Matches
1615,Stefan López,no NOR,"DF,MF",Hoffenheim,de Bundesliga,27,1996,5.5,256,286,89.5,5246,1174,121,127,95.3,83,99,83.8,39,60,65.0,1,2.1,2.4,-1.1,3,32,3,0,30,Matches
1616,Felix Wright,eng ENG,MF,Bayern Munich,de Bundesliga,24,1999,1.4,55,69,79.7,1117,531,33,37,89.2,24,25,96.0,4,7,57.1,0,0.0,0.0,0.0,3,3,4,2,3,Matches
1617,Felix Costa,hr CRO,DF,Freiburg,de Bundesliga,29,1994,9.9,342,402,85.1,6043,1720,138,152,90.8,107,125,85.6,78,125,62.4,0,0.0,0.5,0.0,5,22,7,3,47,Matches
1618,Omar Lindqvist,de GER,FW,Augsburg,de Bundesliga,20,2003,16.1,543,698,77.8,9056,3028,289,322,89.8,285,322,88.5,36,54,66.7,4,4.7,5.2,-0.7,14,75,27,6,35,Matches
1619,Elias Weber,hr CRO,DF,Köln,de Bundesliga,23,2000,15.2,454,571,79.5,12351,3939,327,345,94.8,219,240,91.2,0,0,,1,2.7,2.4,-1.7,10,38,16,2,54,Matches
1620,Liam Gómez,no NOR,"MF,DF",Augsburg,de Bundesliga,32,1991,4.1,214,275,77.8,4094,1184,129,151,85.4,110,120,91.7,2,4,50.0,0,2.2,2.7,-2.2,8,20,11,3,25,Matches
1621,Marco Yamamoto,nl NED,"MF,FW",Schalke 04,de Bundesliga,26,1997,7.4,355,405,87.7,6266,2375,160,183,87.4,200,213,93.9,5,9,55.6,2,3.5,3.4,-1.5,12,29,13,7,32,Matches
1622,Antoine Ferrari,hr CRO,FW,Leverkusen,de Bundesliga,26,1997,17.2,558,721,77.4,9531,4400,358,387,92.5,268,316,84.8,13,18,72.2,0,0.1,0.0,-0.1,3,59,3,1,43,Matches
1623,Diego López,nl NED,DF,RB Leipzig,de Bundesliga,22,2001,8.3,251,324,77.5,5178,1437,126,138,91.3,86,95,90.5,55,91,60.4,0,0.0,0.2,0.0,5,30,5,3,18,Matches
1624,Mason Dubois,uy URU,FW,RB Leipzig,de Bundesliga,30,1993,9.7,443,538,82.3,12069,2969,235,257,91.4,104,139,74.8,101,142,71.1,0,0.4,1.0,-0.4,3,32,6,1,29,Matches
1625,Milan Benali,be BEL,MF,Hertha BSC,de Bundesliga,32,1991,7.6,374,439,85.2,7392,2566,187,198,94.4,117,144,81.2,54,97,55.7,1,2.9,3.9,-1.9,12,28,29,5,32,Matches
1626,Rafael López,de GER,DF,Schalke 04,de Bundesliga,28,1995,12.7,403,491,82.1,6996,2656,220,231,95.2,209,248,84.3,7,12,58.3,0,0.8,0.8,-0.8,8,45,11,5,63,Matches
1627,Youssef Kovač,ar ARG,MF,Schalke 04,de Bundesliga,25,1998,10.2,518,643,80.6,8395,3276,332,357,93.0,239,248,96.4,20,38,52.6,0,0.0,0.0,0.0,7,78,9,4,36,Matches
1628,Karim Weber,no NOR,FW,Werder Bremen,de Bundesliga,30,1993,7.2,152,205,74.1,2993,873,88,96,91.7,83,93,89.2,10,16,62.5,1,0.0,0.0,1.0,5,18,2,3,15,Matches
1629,João Girard,se SWE,DF,Eint Frankfurt,de Bundesliga,24,1999,19.4,746,941,79.3,16519,7158,350,386,90.7,339,409,82.9,66,146,45.2,2,2.9,2.9,-0.9,14,77,26,12,100,Matches
1630,Maxime Hughes,rs SRB,FW,Hertha BSC,de Bundesliga,29,1994,14.5,492,639,77.0,9929,3048,275,293,93.9,161,188,85.6,96,158,60.8,1,2.4,3.1,-1.4,10,42,10,5,53,Matches
1631,Théo Müller,uy URU,"FW,MF",Eint Frankfurt,de Bundesliga,26,1997,17.8,912,1042,87.5,21337,10004,509,571,89.1,345,394,87.6,50,77,64.9,1,0.0,0.1,1.0,5,72,5,2,36,Matches
1632,David Becker,hr CRO,DF,Wolfsburg,de Bundesliga,26,1997,2.8,66,95,69.5,1423,516,37,40,92.5,41,47,87.2,5,8,62.5,0,0.0,0.0,0.0,2,8,3,0,6,Matches
1633,Pablo Traoré,ma MAR,"MF,DF",Leverkusen,de Bundesliga,20,2003,8.9,356,401,88.8,6233,2683,168,177,94.9,135,146,92.5,43,78,55.1,0,1.9,1.3,-1.9,1,33,1,0,29,Matches
1634,Antoine Kovač,pl POL,"MF,DF",Bayern Munich,de Bundesliga,21,2002,6.8,335,368,91.0,7038,2722,164,179,91.6,150,169,88.8,12,20,60.0,1,1.1,1.2,-0.1,7,33,15,0,35,Matches
1635,Iker Horvat,us USA,MF,Mainz 05,de Bundesliga,23,2000,12.9,584,739,79.0,12574,4459,291,336,86.6,253,277,91.3,85,126,67.5,3,3.0,3.1,0.0,40,78,63,6,53,Matches
1636,Omar Rossi,br BRA,DF,Schalke 04,de Bundesliga,26,1997,6.4,169,212,79.7,3391,1246,109,110,99.1,111,117,94.9,0,0,,2,2.2,2.0,-0.2,6,16,10,1,14,Matches
1637,Emil Tanaka,co COL,MF,Union Berlin,de Bundesliga,24,1999,4.2,265,292,90.8,4455,1503,133,150,88.7,98,113,86.7,12,29,41.4,0,0.0,0.0,0.0,1,24,1,0,34,Matches
1638,Oscar Petit,de GER,DF,Hertha BSC,de Bundesliga,26,1997,10.7,433,547,79.2,7474,2978,163,187,87.2,191,198,96.5,75,162,46.3,0,0.0,0.0,0.0,5,18,3,3,43,Matches
1639,Thomas Novak,ma MAR,MF,Freiburg,de Bundesliga,17,2006,7.1,293,349,84.0,4223,1875,144,168,85.7,102,119,85.7,31,62,50.0,0,1.0,1.3,-1.0,4,33,6,2,29,Matches
1640,Théo Lindqvist,jp JPN,"DF,FW",Hertha BSC,de Bundesliga,30,1993,5.7,139,196,70.9,2746,1124,71,82,86.6,62,70,88.6,30,44,68.2,0,1.1,1.2,-1.1,4,6,6,0,17,Matches
1641,João Gómez,es ESP,DF,Stuttgart,de Bundesliga,33,1990,14.0,331,419,79.0,7843,2413,193,219,88.1,155,175,88.6,15,25,60.0,1,1.9,2.0,-0.9,4,49,1,3,34,Matches
1642,Samuel Silva,hr CRO,DF,Schalke 04,de Bundesliga,22,2001,1.5,58,80,72.5,869,364,32,35,91.4,28,31,90.3,7,14,50.0,0,1.3,1.1,-1.3,0,5,0,0,4,Matches
1643,Viktor Walsh,ma MAR,MF,Bayern Munich,de Bundesliga,26,1997,10.9,703,794,88.5,12182,5132,382,400,95.5,249,308,80.8,43,86,50.0,0,0.0,0.0,0.0,14,58,19,7,59,Matches
1644,João Doyle,dk DEN,DF,Schalke 04,de Bundesliga,17,2006,13.1,553,660,83.8,8791,3417,311,344,90.4,185,212,87.3,49,104,47.1,0,0.0,0.3,0.0,3,51,6,2,33,Matches
1645,Ibrahim Girard,ar ARG,MF,RB Leipzig,de Bundesliga,33,1990,7.8,287,359,79.9,6111,2195,195,218,89.4,116,141,82.3,0,0,,1,0.7,0.9,0.3,9,22,10,3,31,Matches
1646,Daniel Doyle,co COL,DF,Bochum,de Bundesliga,21,2002,28.0,960,1291,74.4,19557,5841,500,522,95.8,389,437,89.0,198,332,59.6,1,0.0,0.1,1.0,16,117,30,7,99,Matches
1647,Omar Costa,de GER,MF,Leverkusen,de Bundesliga,23,2000,12.4,747,893,83.7,13678,6465,450,481,93.6,252,291,86.6,82,121,67.8,1,1.1,1.1,-0.1,24,20,50,8,118,Matches
1648,Liam Horvat,de GER,DF,Mainz 05,de Bundesliga,28,1995,4.1,149,188,79.3,2923,844,87,95,91.6,61,69,88.4,12,24,50.0,0,0.0,0.0,0.0,1,18,1,0,4,Matches
1649,Takumi Walsh,eng ENG,MF,Bochum,de Bundesliga,22,2001,17.8,791,974,81.2,16318,4628,374,408,91.7,403,426,94.6,114,140,81.4,3,3.8,4.0,-0.8,11,96,16,0,34,Matches
1650,Mason Santos,ma MAR,GK,Leverkusen,de Bundesliga,25,1998,14.7,674,920,73.3,12079,3412,415,449,92.4,350,415,84.3,39,56,69.6,1,0.3,1.0,0.7,9,51,7,2,84,Matches
1651,Omar Andersson,pt POR,DF,Bochum,de Bundesliga,24,1999,10.5,340,432,78.7,6533,2326,183,183,100.0,136,143,95.1,66,106,62.3,3,2.0,1.9,1.0,7,22,7,3,34,Matches
1652,Elias Costa,es ESP,MF,Hoffenheim,de Bundesliga,22,2001,12.3,700,792,88.4,12767,3875,321,348,92.2,230,263,87.5,103,181,56.9,0,2.0,1.9,-2.0,7,69,12,3,79,Matches
1653,Felix Pereira,se SWE,DF,Augsburg,de Bundesliga,22,2001,3.7,93,110,84.5,1775,536,53,55,96.4,29,36,80.6,11,19,57.9,0,0.0,0.2,0.0,3,8,5,0,4,Matches
1654,João Nowak,us USA,FW,Union Berlin,de Bundesliga,21,2002,10.2,379,506,74.9,7703,2591,221,248,89.1,163,195,83.6,43,63,68.3,0,0.1,0.7,-0.1,3,45,4,0,52,Matches
1655,Jonas Novak,ma MAR,FW,Hoffenheim,de Bundesliga,21,2002,18.0,594,744,79.8,14114,4807,255,284,89.8,208,245,84.9,165,215,76.7,1,0.3,0.0,0.7,21,118,28,0,47,Matches
1656,Finn Clarke,hr CRO,"DF,MF",Hertha BSC,de Bundesliga,23,2000,6.8,347,435,79.8,7754,2438,161,193,83.4,106,128,82.8,68,114,59.6,0,0.5,0.2,-0.5,17,31,26,8,51,Matches
1657,Leo Laurent,rs SRB,MF,Hoffenheim,de Bundesliga,27,1996,20.4,889,1036,85.8,22151,8983,426,469,90.8,426,458,93.0,60,109,55.0,9,8.7,7.4,0.3,75,64,157,38,78,Matches
1658,Takumi Wright,it ITA,FW,Union Berlin,de Bundesliga,22,2001,14.9,524,648,80.9,12568,5169,321,335,95.8,265,307,86.3,4,6,66.7,0,0.0,0.0,0.0,1,62,1,0,59,Matches
1659,Mason Santos,es ESP,DF,Hoffenheim,de Bundesliga,22,2001,1.8,71,90,78.9,1409,582,44,46,95.7,39,44,88.6,0,0,,0,0.0,0.7,0.0,1,8,2,0,3,Matches
1660,Sergio Laurent,sn SEN,MF,Eint Frankfurt,de Bundesliga,25,1998,23.4,1017,1236,82.3,23331,8029,434,501,86.6,470,525,89.5,109,210,51.9,1,0.0,0.0,1.0,11,105,10,5,112,Matches
1661,Iker Hansen,rs SRB,FW,Schalke 04,de Bundesliga,19,2004,5.4,52,65,80.0,1108,395,26,28,92.9,20,23,87.0,8,14,57.1,0,1.2,0.6,-1.2,5,5,4,3,4,Matches
1662,Noah Rizzo,ma MAR,"MF,FW",Stuttgart,de Bundesliga,27,1996,2.1,122,145,84.1,2060,786,58,63,92.1,51,58,87.9,14,24,58.3,0,0.0,0.0,0.0,1,14,2,0,12,Matches
1663,Emil Hansen,uy URU,DF,Mainz 05,de Bundesliga,36,1987,2.2,113,147,76.9,3026,1358,50,58,86.2,46,57,80.7,22,32,68.8,0,0.0,0.0,0.0,2,13,4,1,7,Matches
1664,Thomas Becker,ch SUI,MF,Union Berlin,de Bundesliga,30,1993,4.7,196,228,86.0,3201,1196,85,93,91.4,67,75,89.3,38,60,63.3,0,0.2,0.0,-0.2,4,12,5,2,14,Matches
1665,Mateo Ferrari,eng ENG,FW,Freiburg,de Bundesliga,16,2007,25.0,630,770,81.8,13218,4195,318,341,93.3,238,281,84.7,60,148,40.5,1,2.0,2.2,-1.0,13,47,17,8,77,Matches
1666,Marco Bianchi,pt POR,"MF,FW",Stuttgart,de Bundesliga,22,2001,7.7,296,387,76.5,5234,1687,145,145,100.0,146,170,85.9,44,72,61.1,0,0.0,0.0,0.0,8,28,12,5,4,Matches
1667,Pablo Yamamoto,hr CRO,MF,Leverkusen,de Bundesliga,34,1989,11.3,620,755,82.1,15055,4860,290,310,93.5,275,305,90.2,74,140,52.9,3,4.5,4.6,-1.5,24,85,47,9,71,Matches
1668,Kevin Yamamoto,be BEL,DF,Freiburg,de Bundesliga,23,2000,2.7,71,97,73.2,1514,465,34,37,91.9,30,39,76.9,15,21,71.4,0,0.0,0.5,0.0,3,8,3,1,5,Matches
1669,Ibrahim Andersson,nl NED,MF,Wolfsburg,de Bundesliga,29,1994,10.0,511,568,90.0,9068,3519,248,257,96.5,149,171,87.1,62,140,44.3,0,0.7,0.5,-0.7,4,52,7,2,28,Matches
1670,Ibrahim Hughes,se SWE,GK,Mainz 05,de Bundesliga,25,1998,5.4,316,469,67.4,6738,2066,194,215,90.2,192,213,90.1,27,41,65.9,0,0.0,0.0,0.0,2,28,2,0,17,Matches
1671,Youssef Yamamoto,us USA,FW,RB Leipzig,de Bundesliga,25,1998,13.0,730,885,82.5,13769,4808,360,389,92.5,304,352,86.4,76,144,52.8,0,0.3,0.2,-0.3,9,117,12,4,86,Matches
1672,Thomas Hughes,br BRA,GK,Köln,de Bundesliga,28,1995,1.1,40,58,69.0,904,369,24,25,96.0,22,26,84.6,4,7,57.1,0,0.0,0.0,0.0,1,5,1,0,4,Matches
1673,Nicolas Barnes,br BRA,FW,Leverkusen,de Bundesliga,21,2002,19.0,370,468,79.1,7756,1625,191,201,95.0,169,191,88.5,40,76,52.6,0,2.0,2.3,-2.0,7,44,12,4,44,Matches
1674,Antoine Horvat,de GER,GK,Hoffenheim,de Bundesliga,30,1993,7.4,307,428,71.7,7206,2277,209,229,91.3,185,208,88.9,0,0,,0,0.6,0.5,-0.6,4,31,4,1,17,Matches
1675,Pablo Larsen,no NOR,GK,Union Berlin,de Bundesliga,24,1999,21.5,1072,1634,65.6,19073,6054,638,649,98.3,500,624,80.1,292,361,80.9,1,1.8,1.7,-0.8,29,108,26,7,129,Matches
1676,Yusuf Conti,it ITA,MF,Leverkusen,de Bundesliga,27,1996,4.2,191,236,80.9,3110,967,95,103,92.2,86,88,97.7,24,45,53.3,1,0.6,0.2,0.4,5,23,7,3,22,Matches
1677,Elias Gómez,us USA,DF,Mainz 05,de Bundesliga,27,1996,25.9,876,1138,77.0,14060,4420,561,608,92.3,332,368,90.2,81,162,50.0,0,1.4,1.3,-1.4,4,118,4,2,89,Matches
1678,Callum Rizzo,us USA,"FW,MF",Mainz 05,de Bundesliga,26,1997,12.4,715,780,91.7,12068,3795,317,331,95.8,200,231,86.6,116,218,53.2,0,0.0,0.1,0.0,5,55,9,1,112,Matches
1679,Milan Byrne,br BRA,DF,Hertha BSC,de Bundesliga,28,1995,9.3,274,349,78.5,5346,1595,172,191,90.1,111,141,78.7,10,17,58.8,0,0.0,0.4,0.0,7,35,9,3,21,Matches
1680,Kevin Costa,dk DEN,"DF,MF",M'Gladbach,de Bundesliga,31,1992,9.7,279,296,94.3,5780,1620,166,166,100.0,83,93,89.2,21,37,56.8,1,0.0,0.0,1.0,29,36,39,15,26,Matches
1681,Théo Conti,co COL,DF,RB Leipzig,de Bundesliga,34,1989,7.3,201,267,75.3,3838,984,131,137,95.6,80,101,79.2,18,29,62.1,0,0.0,0.1,0.0,4,21,8,1,29,Matches
1682,Antoine Moreau,co COL,GK,Hoffenheim,de Bundesliga,26,1997,17.3,899,1204,74.7,18784,7213,480,508,94.5,484,566,85.5,65,130,50.0,1,1.8,1.7,-0.8,24,86,41,8,121,Matches
1683,Sota Hughes,se SWE,GK,Bayern Munich,de Bundesliga,21,2002,4.8,229,347,66.0,3537,1091,130,143,90.9,83,99,83.8,76,105,72.4,0,0.0,0.0,0.0,0,21,0,0,33,Matches
1684,Ibrahim Clarke,us USA,DF,Stuttgart,de Bundesliga,28,1995,2.0,49,63,77.8,683,213,20,22,90.9,19,23,82.6,11,18,61.1,0,0.0,0.5,0.0,1,4,1,0,4,Matches
1685,Finn Greco,ma MAR,MF,Wolfsburg,de Bundesliga,29,1994,13.4,825,1011,81.6,13627,3627,455,497,91.5,508,512,99.2,1,2,50.0,2,3.3,3.3,-1.3,13,51,20,7,94,Matches
1686,Adam Tanaka,se SWE,GK,Köln,de Bundesliga,29,1994,3.7,149,240,62.1,2947,1037,99,107,92.5,80,90,88.9,23,43,53.5,0,0.0,0.0,0.0,2,19,4,0,7,Matches
1687,Théo Costa,it ITA,"DF,MF",Hertha BSC,de Bundesliga,24,1999,26.4,756,834,90.6,13014,6326,292,310,94.2,226,245,92.2,177,279,63.4,9,9.7,9.6,-0.7,62,85,133,10,92,Matches
1688,Erik Santos,us USA,MF,Bochum,de Bundesliga,29,1994,9.7,529,587,90.1,9455,3298,287,295,97.3,197,226,87.2,36,66,54.5,2,2.8,3.1,-0.8,24,35,20,14,51,Matches
1689,Viktor Bakker,it ITA,GK,Eint Frankfurt,de Bundesliga,29,1994,17.8,924,1264,73.1,14517,4666,570,619,92.1,574,675,85.0,0,0,,1,0.4,0.2,0.6,8,114,14,3,83,Matches
1690,Théo Becker,rs SRB,DF,Dortmund,de Bundesliga,21,2002,9.8,253,325,77.8,5657,2642,148,167,88.6,90,106,84.9,40,52,76.9,0,0.0,0.0,0.0,8,20,8,3,21,Matches
1691,Théo Greco,co COL,DF,Bochum,de Bundesliga,23,2000,10.2,386,532,72.6,5669,2134,236,258,91.5,152,184,82.6,48,90,53.3,0,0.0,0.0,0.0,2,33,3,1,34,Matches
1692,Erik Dubois,it ITA,MF,M'Gladbach,de Bundesliga,19,2004,5.5,208,258,80.6,4846,1601,106,122,86.9,85,98,86.7,22,38,57.9,1,1.1,1.5,-0.1,3,24,2,0,26,Matches
1693,Owen Hughes,pt POR,DF,Hertha BSC,de Bundesliga,22,2001,3.9,138,179,77.1,2344,937,74,83,89.2,59,73,80.8,13,23,56.5,0,3.0,3.9,-3.0,1,9,1,1,15,Matches
1694,Liam Martínez,co COL,FW,Eint Frankfurt,de Bundesliga,28,1995,11.0,364,453,80.4,7571,1764,209,220,95.0,178,210,84.8,12,23,52.2,1,0.5,1.0,0.5,5,40,10,3,41,Matches
1695,Elias Nowak,es ESP,DF,M'Gladbach,de Bundesliga,24,1999,2.2,47,65,72.3,925,348,31,31,100.0,21,23,91.3,6,11,54.5,0,0.1,0.5,-0.1,1,4,2,1,3,Matches
1696,Milan Girard,be BEL,MF,Hertha BSC,de Bundesliga,26,1997,3.7,99,118,83.9,1926,830,52,54,96.3,52,58,89.7,3,6,50.0,1,1.0,0.3,0.0,2,11,3,0,3,Matches
1697,Emil Rizzo,ar ARG,DF,Stuttgart,de Bundesliga,17,2006,13.8,347,435,79.8,6326,2133,173,179,96.6,170,181,93.9,45,75,60.0,1,1.5,0.7,-0.5,6,35,9,3,26,Matches
1698,Thomas Murphy,nl NED,FW,Dortmund,de Bundesliga,26,1997,4.5,180,208,86.5,3624,1267,83,94,88.3,71,77,92.2,22,37,59.5,0,0.0,0.2,0.0,3,18,4,1,20,Matches
1699,Sota Nielsen,de GER,"DF,FW",Werder Bremen,de Bundesliga,24,1999,15.1,558,712,78.4,9284,2981,325,340,95.6,284,301,94.4,27,71,38.0,0,0.0,0.0,0.0,13,35,21,6,63,Matches
1700,Pedro Gómez,eng ENG,DF,RB Leipzig,de Bundesliga,27,1996,7.0,285,332,85.8,5656,2539,133,148,89.9,109,136,80.1,25,48,52.1,0,0.0,0.0,0.0,1,18,2,0,20,Matches
1701,Bruno Hansen,ar ARG,"DF,MF",Bayern Munich,de Bundesliga,21,2002,18.6,884,1125,78.6,14330,5757,425,463,91.8,452,531,85.1,69,131,52.7,8,10.2,10.2,-2.2,47,123,73,4,47,Matches
1702,Viktor Martínez,de GER,MF,Augsburg,de Bundesliga,21,2002,10.8,467,550,84.9,8232,2309,189,210,90.0,124,139,89.2,99,201,49.3,0,0.4,0.0,-0.4,4,47,5,0,44,Matches
1703,Marco Kowalski,pt POR,MF,Augsburg,de Bundesliga,33,1990,7.2,301,362,83.1,6385,1890,156,176,88.6,127,131,96.9,26,55,47.3,0,0.0,0.1,0.0,4,39,7,2,25,Matches
1704,Youssef Weber,no NOR,FW,M'Gladbach,de Bundesliga,24,1999,8.3,153,195,78.5,2708,619,110,111,99.1,51,58,87.9,13,26,50.0,0,0.4,0.2,-0.4,8,19,11,0,13,Matches
1705,Emil Nowak,hr CRO,GK,Hoffenheim,de Bundesliga,23,2000,17.3,865,1151,75.2,16764,5714,422,437,96.6,469,548,85.6,79,166,47.6,0,1.1,0.0,-1.1,9,99,7,4,94,Matches
1706,Luca Yamamoto,it ITA,MF,Wolfsburg,de Bundesliga,18,2005,20.0,966,1260,76.7,19519,7174,599,622,96.3,431,498,86.5,86,140,61.4,0,0.4,0.0,-0.4,3,82,4,1,41,Matches
1707,Jonas Barnes,eng ENG,MF,Leverkusen,de Bundesliga,22,2001,10.6,542,634,85.5,8843,2532,201,227,88.5,181,205,88.3,124,202,61.4,0,0.0,0.0,0.0,9,58,14,3,36,Matches
1708,Théo Sánchez,it ITA,MF,M'Gladbach,de Bundesliga,30,1993,7.5,353,456,77.4,5467,1797,152,160,95.0,178,211,84.4,52,85,61.2,1,2.0,1.2,-1.0,7,26,9,1,26,Matches
1709,Nicolas Weber,ch SUI,GK,Eint Frankfurt,de Bundesliga,20,2003,6.0,342,517,66.2,6850,2119,210,228,92.1,166,196,84.7,51,93,54.8,0,1.4,0.7,-1.4,4,51,6,3,32,Matches
1710,Sota Barnes,be BEL,DF,Augsburg,de Bundesliga,25,1998,5.9,161,231,69.7,3590,1645,127,133,95.5,96,117,82.1,0,0,,0,0.0,0.0,0.0,3,15,3,1,14,Matches
1711,Hugo Ferrari,eng ENG,MF,Leverkusen,de Bundesliga,29,1994,9.3,436,496,87.9,9091,4090,199,219,90.9,147,161,91.3,67,116,57.8,0,0.8,0.3,-0.8,9,34,16,2,36,Matches
1712,Stefan Fischer,es ESP,GK,Leverkusen,de Bundesliga,28,1995,13.0,696,1061,65.6,12801,5196,472,472,100.0,335,395,84.8,124,194,63.9,0,0.0,0.1,0.0,4,57,3,0,64,Matches
1713,Bruno Barnes,pt POR,"FW,DF",Eint Frankfurt,de Bundesliga,32,1991,9.3,222,254,87.4,4632,1741,94,99,94.9,88,104,84.6,36,51,70.6,0,1.2,1.6,-1.2,1,21,1,0,13,Matches
1714,Stefan Novak,ch SUI,"MF,FW",Köln,de Bundesliga,24,1999,21.6,1320,1631,80.9,22995,9847,674,728,92.6,561,610,92.0,133,293,45.4,5,5.7,5.7,-0.7,34,100,52,13,154,Matches
1715,Théo Weber,be BEL,GK,Leverkusen,de Bundesliga,34,1989,11.8,616,811,76.0,11882,4961,297,335,88.7,346,429,80.7,27,47,57.4,1,0.0,0.0,1.0,8,81,11,3,81,Matches
1716,João Nielsen,it ITA,DF,Schalke 04,de Bundesliga,24,1999,7.3,364,492,74.0,7691,2847,238,239,99.6,166,184,90.2,35,69,50.7,0,0.0,0.0,0.0,5,36,6,1,41,Matches
1717,Felix Doyle,eng ENG,DF,Bayern Munich,de Bundesliga,23,2000,7.4,221,280,78.9,4376,1689,125,141,88.7,84,103,81.6,22,36,61.1,0,0.0,0.3,0.0,5,22,5,2,22,Matches
1718,Viktor Larsen,dk DEN,"MF,DF",Augsburg,de Bundesliga,29,1994,5.4,275,315,87.3,5479,2272,143,161,88.8,92,103,89.3,26,51,51.0,0,0.4,1.0,-0.4,9,24,18,3,26,Matches
1719,Milan Kovač,be BEL,"DF,MF",Hertha BSC,de Bundesliga,24,1999,4.4,256,311,82.3,5187,1485,152,160,95.0,116,136,85.3,9,15,60.0,1,0.0,0.0,1.0,6,17,10,3,25,Matches
1720,Milan Gómez,se SWE,FW,Bayern Munich,de Bundesliga,28,1995,2.8,69,84,82.1,1589,557,46,48,95.8,27,33,81.8,2,3,66.7,0,0.0,0.2,0.0,0,9,0,0,7,Matches
1721,Nuno Santos,pt POR,GK,Dortmund,de Bundesliga,28,1995,12.0,673,889,75.7,14517,5602,386,423,91.3,290,337,86.1,74,129,57.4,3,3.2,3.5,-0.2,6,77,7,4,79,Matches
1722,Callum Cissé,co COL,MF,Freiburg,de Bundesliga,28,1995,5.3,251,297,84.5,4772,1737,122,135,90.4,96,108,88.9,22,54,40.7,0,0.0,0.1,0.0,3,22,4,1,19,Matches
1723,Mateo Murphy,es ESP,DF,Hoffenheim,de Bundesliga,25,1998,10.5,261,337,77.4,4487,1618,110,125,88.0,100,114,87.7,74,98,75.5,0,0.0,0.2,0.0,2,24,4,1,11,Matches
1724,Pedro Sánchez,rs SRB,FW,Werder Bremen,de Bundesliga,29,1994,6.8,286,336,85.1,4704,1500,108,114,94.7,87,102,85.3,69,120,57.5,0,0.9,0.9,-0.9,4,16,4,1,31,Matches
1725,Yusuf Ndiaye,pl POL,MF,Hoffenheim,de Bundesliga,25,1998,12.7,642,788,81.5,13119,4639,368,387,95.1,274,315,87.0,45,86,52.3,3,2.6,2.8,0.4,17,55,25,9,101,Matches
1726,Iker Bianchi,hr CRO,MF,Hoffenheim,de Bundesliga,26,1997,5.4,204,277,73.6,3558,1396,107,138,77.5,92,103,89.3,21,36,58.3,1,0.0,0.0,1.0,1,20,1,0,20,Matches
1727,Diego Laurent,be BEL,"FW,MF",Werder Bremen,de Bundesliga,24,1999,2.6,66,79,83.5,1243,339,35,35,100.0,23,27,85.2,9,17,52.9,0,1.7,2.1,-1.7,1,7,1,0,6,Matches
1728,Kevin Dubois,eng ENG,GK,Eint Frankfurt,de Bundesliga,26,1997,12.7,608,827,73.5,14054,5054,392,423,92.7,334,378,88.4,14,26,53.8,0,0.7,0.1,-0.7,1,67,1,1,66,Matches
1729,João Silva,co COL,FW,Mainz 05,de Bundesliga,30,1993,9.7,279,332,84.0,4620,1878,110,121,90.9,105,118,89.0,66,93,71.0,0,0.0,0.0,0.0,1,33,2,0,22,Matches
1730,Maxime Doyle,dk DEN,DF,Hoffenheim,de Bundesliga,32,1991,8.8,357,480,74.4,6684,2576,237,241,98.3,175,200,87.5,22,39,56.4,0,0.8,0.5,-0.8,2,47,3,0,21,Matches
1731,Adam Wagner,uy URU,FW,Eint Frankfurt,de Bundesliga,29,1994,22.7,903,1064,84.9,18308,4944,483,527,91.7,265,305,86.9,136,232,58.6,2,1.6,1.7,0.4,31,103,42,17,26,Matches
1732,Stefan Doyle,ma MAR,DF,Freiburg,de Bundesliga,25,1998,8.2,358,456,78.5,6226,1189,218,226,96.5,161,184,87.5,25,46,54.3,2,2.1,3.0,-0.1,7,45,9,1,44,Matches
1733,Finn Rossi,ar ARG,MF,RB Leipzig,de Bundesliga,29,1994,4.3,121,137,88.3,2454,1125,49,53,92.5,45,52,86.5,19,32,59.4,0,1.2,1.0,-1.2,10,13,13,4,10,Matches
1734,Jonas Larsen,hr CRO,DF,RB Leipzig,de Bundesliga,26,1997,36.1,1302,1593,81.7,25921,10036,487,517,94.2,424,528,80.3,324,548,59.1,1,0.0,0.5,1.0,8,96,14,3,117,Matches
1735,Daniel Horvat,br BRA,MF,Bayern Munich,de Bundesliga,32,1991,1.8,88,103,85.4,1480,589,48,51,94.1,34,39,87.2,10,13,76.9,0,0.0,0.0,0.0,1,8,2,1,5,Matches
1736,Viktor Benali,pt POR,DF,Stuttgart,de Bundesliga,24,1999,11.0,427,568,75.2,9261,3506,163,176,92.6,130,149,87.2,126,243,51.9,1,0.0,0.0,1.0,16,56,26,5,48,Matches
1737,Connor Cissé,at AUT,MF,Bayern Munich,de Bundesliga,25,1998,6.8,286,311,92.0,4956,1694,141,147,95.9,97,114,85.1,30,50,60.0,0,1.3,0.6,-1.3,1,26,1,0,29,Matches
1738,Finn Laurent,ar ARG,FW,Dortmund,de Bundesliga,32,1991,13.9,401,508,78.9,7701,3096,174,199,87.4,207,245,84.5,49,64,76.6,0,0.0,0.2,0.0,19,37,29,1,48,Matches
1739,Viktor El Amrani,pl POL,MF,Hoffenheim,de Bundesliga,30,1993,20.0,1127,1261,89.4,22191,7113,522,606,86.1,337,369,91.3,235,286,82.2,0,0.0,0.0,0.0,5,108,6,2,112,Matches
1740,Youssef Ferrari,ch SUI,"FW,MF",Bochum,de Bundesliga,26,1997,2.6,133,155,85.8,2461,1164,57,68,83.8,55,60,91.7,18,27,66.7,0,0.3,0.0,-0.3,2,20,3,1,13,Matches
1741,Karim Rizzo,co COL,DF,Dortmund,de Bundesliga,20,2003,3.6,139,177,78.5,2738,754,79,86,91.9,70,77,90.9,10,14,71.4,0,0.0,0.2,0.0,0,15,0,0,17,Matches
1742,Jonas Traoré,ar ARG,"FW,DF",RB Leipzig,de Bundesliga,31,1992,14.6,530,645,82.2,9031,2568,335,335,100.0,149,176,84.7,102,134,76.1,0,1.2,1.4,-1.2,5,77,10,2,33,Matches
1743,Diego Hansen,fr FRA,"DF,MF",M'Gladbach,de Bundesliga,29,1994,12.1,445,530,84.0,7776,3001,200,225,88.9,150,180,83.3,73,125,58.4,1,2.4,2.8,-1.4,5,49,6,2,23,Matches
1744,Andrés Hoffmann,ch SUI,FW,Hoffenheim,de Bundesliga,25,1998,6.1,259,346,74.9,5013,2294,163,178,91.6,122,128,95.3,19,40,47.5,0,0.0,0.0,0.0,1,16,1,0,10,Matches
1745,Bruno Petit,jp JPN,"FW,MF",Augsburg,de Bundesliga,28,1995,4.0,173,212,81.6,3107,940,95,100,95.0,70,80,87.5,19,32,59.4,0,0.2,0.3,-0.2,3,19,4,0,17,Matches
1746,David Berg,sn SEN,MF,Eint Frankfurt,de Bundesliga,20,2003,28.5,1329,1521,87.4,23818,7463,514,550,93.5,331,405,81.7,382,566,67.5,5,5.7,5.5,-0.7,55,178,71,20,138,Matches
1747,Nuno Fischer,us USA,"DF,MF",Hertha BSC,de Bundesliga,18,2005,2.9,140,178,78.7,2980,702,78,84,92.9,56,64,87.5,15,30,50.0,0,0.0,0.0,0.0,2,10,2,0,15,Matches
1748,David El Amrani,pt POR,FW,Bayern Munich,de Bundesliga,30,1993,1.6,54,65,83.1,981,271,23,27,85.2,29,33,87.9,3,5,60.0,0,0.8,0.2,-0.8,2,4,4,1,5,Matches
1749,Oscar Wright,nl NED,DF,Union Berlin,de Bundesliga,25,1998,8.7,198,222,89.2,3880,1363,96,108,88.9,71,83,85.5,17,31,54.8,1,0.5,0.5,0.5,9,20,9,4,18,Matches
1750,Nicolas Clarke,es ESP,DF,Wolfsburg,de Bundesliga,23,2000,8.2,127,152,83.6,2470,1063,66,78,84.6,49,51,96.1,13,23,56.5,0,0.4,0.7,-0.4,4,16,5,2,0,Matches
1751,Noah Benali,co COL,DF,Köln,de Bundesliga,34,1989,10.6,494,587,84.2,11197,3826,275,300,91.7,227,251,90.4,19,36,52.8,0,0.4,0.4,-0.4,20,81,35,12,58,Matches
1752,Omar Conti,hr CRO,DF,Leverkusen,de Bundesliga,25,1998,3.5,80,93,86.0,1786,512,36,37,97.3,22,25,88.0,20,31,64.5,0,0.5,0.0,-0.5,1,12,1,0,3,Matches
1753,Rafael Schmidt,jp JPN,GK,Union Berlin,de Bundesliga,29,1994,5.1,294,420,70.0,6200,1950,171,205,83.4,145,156,92.9,41,59,69.5,0,0.0,0.0,0.0,4,36,7,1,34,Matches
1754,Diego Dubois,ma MAR,"MF,FW",Augsburg,de Bundesliga,24,1999,10.2,423,475,89.1,7200,2460,173,182,95.1,184,190,96.8,60,103,58.3,0,1.0,0.7,-1.0,4,23,3,2,44,Matches
1755,João Weber,es ESP,MF,RB Leipzig,de Bundesliga,26,1997,8.1,484,572,84.6,9735,4159,267,275,97.1,204,225,90.7,36,72,50.0,2,3.3,3.0,-1.3,17,57,27,3,29,Matches
1756,Jordan Weber,de GER,GK,Köln,de Bundesliga,30,1993,5.0,222,364,61.0,3123,865,119,126,94.4,132,151,87.4,54,87,62.1,0,0.3,0.8,-0.3,5,32,6,1,18,Matches
1757,Antoine Moreau,jp JPN,FW,RB Leipzig,de Bundesliga,24,1999,8.0,211,278,75.9,4048,1155,115,122,94.3,68,84,81.0,39,72,54.2,4,5.3,6.2,-1.3,12,28,18,0,25,Matches
1758,Omar López,nl NED,DF,Mainz 05,de Bundesliga,31,1992,2.4,80,112,71.4,1648,539,52,56,92.9,41,44,93.2,7,12,58.3,0,0.0,0.2,0.0,1,10,1,0,7,Matches
1759,Mason Nowak,eng ENG,DF,Union Berlin,de Bundesliga,20,2003,8.4,319,372,85.8,7140,2073,174,195,89.2,110,132,83.3,24,45,53.3,0,0.0,0.0,0.0,2,43,2,1,19,Matches
1760,Rafael Yamamoto,ma MAR,MF,Freiburg,de Bundesliga,21,2002,29.8,805,1005,80.1,16455,5338,409,427,95.8,343,412,83.3,86,166,51.8,3,2.2,2.3,0.8,21,74,32,5,53,Matches
1761,Callum Novak,rs SRB,MF,Stuttgart,de Bundesliga,31,1992,1.4,40,49,81.6,656,247,21,23,91.3,17,18,94.4,4,8,50.0,0,0.0,0.1,0.0,2,4,3,1,4,Matches
1762,Nicolas Benali,pl POL,"DF,MF",Union Berlin,de Bundesliga,23,2000,3.5,272,334,81.4,5673,1764,188,213,88.3,102,133,76.7,0,0,,0,0.5,1.3,-0.5,5,35,9,2,35,Matches
1763,Hugo Cissé,be BEL,"FW,MF",Bochum,de Bundesliga,24,1999,1.7,82,94,87.2,1687,518,42,44,95.5,29,33,87.9,10,17,58.8,0,1.3,1.5,-1.3,1,5,1,1,10,Matches
1764,Thomas Nielsen,uy URU,GK,Bochum,de Bundesliga,23,2000,3.5,165,260,63.5,2920,979,102,105,97.1,85,90,94.4,43,65,66.2,0,1.7,1.6,-1.7,2,21,4,1,22,Matches
1765,Javier Andersson,pl POL,DF,Eint Frankfurt,de Bundesliga,30,1993,11.8,373,476,78.4,6826,2419,220,237,92.8,176,215,81.9,16,24,66.7,0,1.5,1.2,-1.5,4,23,6,3,44,Matches
1766,Finn Doyle,pl POL,"DF,MF",Hoffenheim,de Bundesliga,20,2003,23.2,833,1020,81.7,15740,4677,447,474,94.3,336,394,85.3,83,152,54.6,1,0.8,1.1,0.2,22,29,37,1,90,Matches
1767,Iker Gómez,hr CRO,FW,Freiburg,de Bundesliga,32,1991,15.5,456,576,79.2,9234,2406,280,320,87.5,209,230,90.9,9,26,34.6,0,0.0,0.0,0.0,4,16,8,2,42,Matches
1768,Andrés Schmidt,de GER,DF,Köln,de Bundesliga,24,1999,12.2,637,654,97.4,13724,5338,217,233,93.1,235,253,92.9,123,168,73.2,0,0.0,0.0,0.0,3,70,5,2,76,Matches
1769,Erik Conti,pl POL,DF,Bayern Munich,de Bundesliga,27,1996,5.0,236,287,82.2,4699,1555,116,127,91.3,84,96,87.5,28,64,43.8,0,0.3,0.2,-0.3,1,21,1,0,25,Matches
1770,Nicolas Fernández,no NOR,DF,Schalke 04,de Bundesliga,24,1999,4.3,102,127,80.3,2265,1002,59,61,96.7,45,51,88.2,10,15,66.7,0,0.0,0.0,0.0,5,13,7,2,8,Matches
1771,Iker Gómez,fr FRA,MF,Bochum,de Bundesliga,21,2002,2.8,114,131,87.0,2215,562,58,65,89.2,45,51,88.2,9,15,60.0,1,1.1,0.7,-0.1,2,10,1,1,14,Matches
1772,Sergio Silva,sn SEN,MF,Hoffenheim,de Bundesliga,25,1998,25.2,953,1068,89.2,19437,5703,467,537,87.0,308,353,87.3,104,178,58.4,4,3.6,3.9,0.4,37,131,54,19,91,Matches
1773,Ibrahim Becker,at AUT,DF,Hertha BSC,de Bundesliga,36,1987,9.6,402,471,85.4,8004,2326,195,220,88.6,168,186,90.3,39,65,60.0,0,0.6,0.8,-0.6,5,44,4,1,48,Matches
1774,João Laurent,no NOR,"DF,MF",Wolfsburg,de Bundesliga,29,1994,12.8,509,588,86.6,9718,4141,262,288,91.0,236,263,89.7,16,37,43.2,3,5.7,5.8,-2.7,6,72,12,2,22,Matches
1775,João Nielsen,ch SUI,GK,M'Gladbach,de Bundesliga,20,2003,10.5,577,870,66.3,10754,4121,408,447,91.3,291,321,90.7,51,102,50.0,3,2.6,2.6,0.4,19,64,16,4,8,Matches
1776,Jonas Novak,es ESP,"MF,FW",Augsburg,de Bundesliga,22,2001,6.4,172,208,82.7,2983,853,63,69,91.3,69,86,80.2,23,53,43.4,0,0.0,0.0,0.0,7,5,8,3,22,Matches
1777,Mateo Wagner,us USA,MF,Freiburg,de Bundesliga,27,1996,0.6,25,31,80.6,486,202,15,15,100.0,11,12,91.7,2,4,50.0,0,0.0,0.0,0.0,0,2,0,0,3,Matches
1778,David Kovač,sn SEN,GK,Freiburg,de Bundesliga,28,1995,3.7,224,298,75.2,4296,1236,134,146,91.8,86,97,88.7,25,55,45.5,0,1.3,1.3,-1.3,6,20,8,2,23,Matches
1779,Viktor Müller,nl NED,MF,M'Gladbach,de Bundesliga,25,1998,9.2,402,506,79.4,8872,3101,183,211,86.7,133,154,86.4,81,141,57.4,0,0.3,0.0,-0.3,12,26,17,1,37,Matches
1780,Antoine Traoré,de GER,FW,Köln,de Bundesliga,27,1996,10.1,281,335,83.9,4941,1432,156,164,95.1,114,131,87.0,29,40,72.5,1,2.2,2.2,-1.2,3,28,6,0,18,Matches
1781,Pablo Müller,pt POR,DF,Wolfsburg,de Bundesliga,25,1998,1.4,18,24,75.0,303,107,9,10,90.0,9,10,90.0,3,4,75.0,0,0.0,0.0,0.0,0,1,0,0,2,Matches
1782,Thomas Andersson,ar ARG,DF,Schalke 04,de Bundesliga,16,2007,4.3,188,228,82.5,3975,1293,90,97,92.8,94,107,87.9,14,24,58.3,0,1.7,1.9,-1.7,3,11,3,1,15,Matches
1783,Pedro El Amrani,fr FRA,MF,Köln,de Bundesliga,28,1995,3.4,129,153,84.3,2858,780,56,64,87.5,46,53,86.8,23,36,63.9,0,0.1,0.4,-0.1,3,18,4,1,17,Matches
1784,Thomas Nielsen,eng ENG,DF,Schalke 04,de Bundesliga,23,2000,7.2,271,315,86.0,4647,1523,131,152,86.2,98,99,99.0,27,64,42.2,0,0.0,1.0,0.0,4,30,4,2,43,Matches
1785,Leo Girard,ma MAR,"FW,MF",Leverkusen,de Bundesliga,24,1999,5.0,309,376,82.2,6124,1458,132,148,89.2,164,176,93.2,33,52,63.5,0,0.0,0.0,0.0,6,37,10,3,36,Matches
1786,Oscar Wagner,se SWE,MF,M'Gladbach,de Bundesliga,28,1995,5.5,322,360,89.4,6893,3407,165,180,91.7,130,161,80.7,9,19,47.4,0,0.0,0.0,0.0,8,28,13,7,11,Matches
1787,Pedro Kovač,no NOR,MF,Schalke 04,de Bundesliga,17,2006,4.4,192,257,74.7,4309,2213,117,122,95.9,83,101,82.2,23,34,67.6,0,0.0,0.0,0.0,6,25,10,1,12,Matches
1788,Samuel Wright,uy URU,MF,Hoffenheim,de Bundesliga,26,1997,9.7,466,611,76.3,10368,3649,178,198,89.9,183,222,82.4,98,191,51.3,0,1.5,1.3,-1.5,2,73,4,1,48,Matches
1789,Marco Pereira,jp JPN,MF,RB Leipzig,de Bundesliga,22,2001,4.1,227,271,83.8,5047,1607,89,100,89.0,84,99,84.8,41,72,56.9,1,1.4,1.4,-0.4,9,25,8,4,27,Matches
1790,Liam Nielsen,it ITA,MF,Eint Frankfurt,de Bundesliga,24,1999,23.4,1009,1256,80.3,20103,4876,523,558,93.7,476,572,83.2,66,126,52.4,0,0.0,0.0,0.0,12,92,13,4,109,Matches
1791,Théo López,sn SEN,DF,Stuttgart,de Bundesliga,20,2003,15.4,325,357,91.0,6542,1231,158,181,87.3,118,149,79.2,14,27,51.9,1,0.4,0.3,0.6,10,52,16,5,27,Matches
1792,Luca Jansen,hr CRO,MF,Hoffenheim,de Bundesliga,26,1997,18.3,955,1124,85.0,17788,7559,609,668,91.2,427,478,89.3,0,0,,0,0.2,0.6,-0.2,10,81,13,5,97,Matches
1793,Mateo Berg,es ESP,DF,Bayern Munich,de Bundesliga,28,1995,12.8,517,710,72.8,10716,4064,267,274,97.4,162,205,79.0,162,231,70.1,1,0.3,0.3,0.7,10,55,16,1,20,Matches
1794,Karim Novak,hr CRO,"MF,FW",Werder Bremen,de Bundesliga,28,1995,4.7,232,286,81.1,5214,1864,158,162,97.5,81,91,89.0,14,33,42.4,0,1.6,1.2,-1.6,2,24,2,0,15,Matches
1795,Pablo Sánchez,de GER,FW,Bayern Munich,de Bundesliga,26,1997,7.2,279,356,78.4,4900,2534,148,157,94.3,122,139,87.8,38,60,63.3,0,0.0,0.0,0.0,7,34,11,4,18,Matches
1796,Jordan Traoré,sn SEN,"FW,MF",Dortmund,de Bundesliga,26,1997,16.0,902,1018,88.6,17068,6309,471,514,91.6,305,372,82.0,87,132,65.9,0,0.0,0.0,0.0,15,88,25,9,27,Matches
1797,Ryan El Amrani,es ESP,FW,Eint Frankfurt,de Bundesliga,28,1995,18.9,702,847,82.9,15498,5592,340,371,91.6,241,285,84.6,103,191,53.9,1,0.0,0.0,1.0,4,71,5,1,100,Matches
1798,Jonas Yamamoto,ar ARG,GK,Hertha BSC,de Bundesliga,32,1991,10.8,578,805,71.8,12848,4875,378,433,87.3,325,334,97.3,21,38,55.3,1,0.0,0.1,1.0,8,85,12,3,52,Matches
1799,Oscar Weber,no NOR,DF,Freiburg,de Bundesliga,30,1993,2.8,90,126,71.4,1410,511,55,64,85.9,41,50,82.0,6,12,50.0,0,0.4,0.0,-0.4,1,6,2,0,14,Matches
1800,Nuno Wagner,uy URU,DF,Köln,de Bundesliga,26,1997,4.0,152,188,80.9,2928,967,83,88,94.3,55,64,85.9,20,36,55.6,0,0.0,1.0,0.0,2,15,2,1,13,Matches
1801,Marco Ndiaye,jp JPN,DF,Eint Frankfurt,de Bundesliga,19,2004,16.2,533,720,74.0,9114,2114,314,336,93.5,321,347,92.5,21,37,56.8,1,1.8,1.7,-0.8,21,85,35,4,48,Matches
1802,Samuel López,be BEL,GK,Mainz 05,de Bundesliga,30,1993,10.4,689,907,76.0,14394,2692,413,445,92.8,358,421,85.0,18,41,43.9,0,0.0,0.8,0.0,2,54,2,1,95,Matches
1803,Jonas Bianchi,be BEL,GK,Leverkusen,de Bundesliga,34,1989,14.6,748,930,80.4,12068,4585,362,427,84.8,255,326,78.2,90,177,50.8,0,0.0,0.0,0.0,4,102,6,1,37,Matches
1804,Stefan Lindqvist,br BRA,FW,Stuttgart,de Bundesliga,23,2000,13.5,407,497,81.9,8277,3081,207,221,93.7,181,208,87.0,30,68,44.1,0,0.7,0.3,-0.7,12,29,16,5,34,Matches
1805,Hugo Bianchi,pl POL,DF,Dortmund,de Bundesliga,32,1991,11.2,300,402,74.6,4705,1493,187,206,90.8,123,138,89.1,32,58,55.2,0,0.0,0.0,0.0,1,27,2,0,18,Matches
1806,Takumi Barnes,uy URU,MF,Köln,de Bundesliga,21,2002,13.5,735,877,83.8,15822,6071,365,431,84.7,304,347,87.6,34,99,34.3,1,2.5,2.8,-1.5,7,71,12,3,68,Matches
1807,Maxime Laurent,be BEL,"DF,MF",Bochum,de Bundesliga,29,1994,12.3,615,693,88.7,13281,5071,270,298,90.6,180,206,87.4,121,189,64.0,3,3.0,2.9,0.0,15,73,22,7,50,Matches
1808,Bruno Byrne,pl POL,FW,Hoffenheim,de Bundesliga,23,2000,12.2,485,629,77.1,6684,2460,236,263,89.7,194,230,84.3,67,136,49.3,2,3.0,3.0,-1.0,8,60,9,5,42,Matches
1809,Youssef Andersson,co COL,DF,Mainz 05,de Bundesliga,29,1994,0.5,21,27,77.8,399,148,11,12,91.7,11,13,84.6,1,2,50.0,0,1.0,1.4,-1.0,1,3,2,1,2,Matches
1810,Mateo Diallo,eng ENG,GK,Union Berlin,de Bundesliga,22,2001,10.3,446,611,73.0,8454,3009,248,269,92.2,182,189,96.3,93,153,60.8,0,1.1,1.6,-1.1,2,47,1,0,29,Matches
1811,Kevin Novak,rs SRB,FW,Werder Bremen,de Bundesliga,26,1997,1.0,33,44,75.0,671,314,16,17,94.1,11,13,84.6,7,14,50.0,0,1.8,1.7,-1.8,0,4,0,0,2,Matches
1812,Noah Silva,jp JPN,DF,Köln,de Bundesliga,24,1999,1.6,57,72,79.2,1135,250,34,36,94.4,24,33,72.7,2,3,66.7,0,1.9,2.1,-1.9,2,8,3,1,5,Matches
1813,Omar Tanaka,eng ENG,DF,Freiburg,de Bundesliga,26,1997,1.9,58,69,84.1,1006,354,31,32,96.9,21,23,91.3,8,14,57.1,0,1.2,1.2,-1.2,1,4,2,0,4,Matches
1814,Javier Conti,at AUT,"FW,MF",Werder Bremen,de Bundesliga,26,1997,10.2,406,477,85.1,7870,3022,197,211,93.4,169,196,86.2,42,70,60.0,4,5.0,4.8,-1.0,12,19,14,1,24,Matches
1815,Liam Walsh,us USA,DF,M'Gladbach,de Bundesliga,28,1995,13.3,387,477,81.1,8227,2998,216,232,93.1,117,146,80.1,66,99,66.7,1,0.6,1.1,0.4,21,14,28,13,45,Matches
1816,Iker Laurent,sn SEN,MF,Hoffenheim,de Bundesliga,16,2007,8.5,490,586,83.6,10396,3556,274,293,93.5,206,262,78.6,21,31,67.7,0,0.8,0.0,-0.8,4,43,5,1,67,Matches
1817,Thomas Barnes,no NOR,GK,M'Gladbach,de Bundesliga,28,1995,22.1,777,1144,67.9,15029,7348,483,525,92.0,355,385,92.2,93,234,39.7,2,2.1,1.9,-0.1,21,90,17,6,49,Matches
1818,Youssef Hughes,at AUT,"MF,FW",Dortmund,de Bundesliga,27,1996,2.6,93,110,84.5,1922,802,55,62,88.7,45,50,90.0,0,0,,0,0.0,0.0,0.0,1,10,1,0,10,Matches
1819,David Weber,ar ARG,MF,Wolfsburg,de Bundesliga,27,1996,9.2,527,565,93.3,8537,1934,221,232,95.3,178,200,89.0,84,133,63.2,1,1.0,1.7,0.0,8,51,9,0,49,Matches
1820,Hugo Kovač,us USA,"MF,FW",Leverkusen,de Bundesliga,27,1996,5.2,259,285,90.9,4218,1370,145,153,94.8,94,106,88.7,17,26,65.4,0,1.4,1.3,-1.4,5,21,7,3,25,Matches
1821,Maxime Müller,no NOR,DF,Köln,de Bundesliga,18,2005,10.9,397,563,70.5,7164,3328,294,320,91.9,220,245,89.8,0,0,,0,0.4,1.1,-0.4,3,23,3,1,40,Matches
1822,Sergio Barnes,es ESP,FW,Hertha BSC,de Bundesliga,24,1999,1.8,63,82,76.8,1064,393,44,48,91.7,24,27,88.9,4,7,57.1,1,0.9,1.4,0.1,2,11,2,1,2,Matches
1823,Ibrahim Rossi,pt POR,FW,Hoffenheim,de Bundesliga,24,1999,10.9,411,560,73.4,10577,1494,246,266,92.5,217,261,83.1,23,33,69.7,1,0.0,0.1,1.0,7,37,17,3,52,Matches
1824,Pablo Jansen,br BRA,MF,Dortmund,de Bundesliga,26,1997,18.9,1037,1224,84.7,16034,5987,474,572,82.9,354,481,73.6,107,171,62.6,3,3.9,3.9,-0.9,31,99,42,18,129,Matches
1825,Yusuf Moreau,co COL,DF,M'Gladbach,de Bundesliga,28,1995,9.8,372,421,88.4,8396,2303,160,172,93.0,97,118,82.2,66,131,50.4,1,1.1,1.1,-0.1,4,46,6,0,40,Matches
1826,João Gómez,co COL,DF,Wolfsburg,de Bundesliga,23,2000,4.6,196,276,71.0,3791,1541,134,142,94.4,69,82,84.1,34,52,65.4,1,1.7,1.0,-0.7,2,18,4,1,15,Matches
1827,Julien Rossi,at AUT,"FW,MF",M'Gladbach,de Bundesliga,24,1999,5.1,203,230,88.3,4291,1896,94,103,91.3,71,83,85.5,23,44,52.3,2,3.0,2.5,-1.0,18,26,23,7,19,Matches
1828,João El Amrani,us USA,"FW,DF",Dortmund,de Bundesliga,28,1995,26.9,358,510,70.2,6746,2197,221,242,91.3,213,244,87.3,14,24,58.3,1,1.4,0.7,-0.4,4,46,6,2,50,Matches
1829,Nicolas Silva,nl NED,MF,Dortmund,de Bundesliga,25,1998,11.1,512,563,90.9,9017,3459,232,241,96.3,126,159,79.2,82,163,50.3,3,4.6,5.1,-1.6,16,56,20,11,30,Matches
1830,Thomas Greco,be BEL,FW,Augsburg,de Bundesliga,25,1998,9.0,465,506,91.9,8272,1951,265,277,95.7,170,194,87.6,25,35,71.4,0,0.0,0.1,0.0,4,58,9,1,43,Matches
1831,Julien Schmidt,us USA,GK,Stuttgart,de Bundesliga,24,1999,5.8,294,451,65.2,5093,1512,193,202,95.5,151,171,88.3,40,78,51.3,0,0.0,0.4,0.0,5,29,6,0,35,Matches
1832,Sergio Santos,rs SRB,DF,Köln,de Bundesliga,24,1999,17.3,690,735,93.9,10707,5781,318,340,93.5,229,255,89.8,111,140,79.3,0,0.0,0.0,0.0,7,77,10,4,73,Matches
1833,Emil Greco,it ITA,DF,Wolfsburg,de Bundesliga,25,1998,3.4,158,187,84.5,3368,798,74,80,92.5,63,73,86.3,18,34,52.9,0,0.0,0.0,0.0,1,21,1,0,17,Matches
1834,Sota Dubois,co COL,"FW,MF",Freiburg,de Bundesliga,23,2000,9.5,533,625,85.3,7985,3239,256,282,90.8,190,227,83.7,61,116,52.6,5,5.3,5.4,-0.3,29,46,45,6,37,Matches
1835,Owen Barnes,nl NED,MF,Köln,de Bundesliga,18,2005,17.1,629,745,84.4,13047,4224,376,414,90.8,221,271,81.5,50,60,83.3,3,3.4,3.1,-0.4,33,80,47,17,69,Matches
1836,Rafael Barnes,se SWE,DF,Augsburg,de Bundesliga,28,1995,7.5,224,272,82.4,4082,1489,105,111,94.6,106,121,87.6,21,40,52.5,0,0.0,0.3,0.0,4,15,7,0,29,Matches
1837,Daniel Müller,dk DEN,MF,Köln,de Bundesliga,23,2000,23.8,869,1210,71.8,16292,6698,371,377,98.4,443,504,87.9,187,329,56.8,3,4.2,4.4,-1.2,18,55,34,3,126,Matches
1838,Leo Dubois,no NOR,MF,Hoffenheim,de Bundesliga,32,1991,15.5,829,930,89.1,19582,5728,422,444,95.0,295,345,85.5,76,141,53.9,1,1.3,0.5,-0.3,20,109,23,9,102,Matches
1839,Bruno Ndiaye,ch SUI,"MF,FW",Mainz 05,de Bundesliga,25,1998,30.9,1404,1743,80.6,26777,9767,757,831,91.1,624,751,83.1,99,161,61.5,1,2.0,1.4,-1.0,17,92,33,7,184,Matches
1840,Leo Walsh,pl POL,DF,Stuttgart,de Bundesliga,27,1996,10.7,337,411,82.0,6342,2725,163,169,96.4,101,120,84.2,56,122,45.9,0,0.3,0.9,-0.3,8,30,9,2,31,Matches
1841,Youssef Ferrari,nl NED,DF,Werder Bremen,de Bundesliga,28,1995,5.8,265,349,75.9,5626,1902,140,150,93.3,110,129,85.3,49,70,70.0,0,0.7,1.3,-0.7,5,21,7,1,24,Matches
1842,Mateo Martínez,ch SUI,"DF,MF",Bochum,de Bundesliga,23,2000,10.4,502,540,93.0,9485,3584,278,284,97.9,147,164,89.6,47,92,51.1,0,0.8,0.7,-0.8,1,41,2,1,68,Matches
1843,Milan Laurent,ch SUI,DF,Bayern Munich,de Bundesliga,21,2002,7.7,200,278,71.9,3988,1137,107,127,84.3,108,129,83.7,11,22,50.0,0,0.0,0.0,0.0,2,7,3,2,19,Matches
1844,Luca Clarke,rs SRB,GK,Freiburg,de Bundesliga,27,1996,11.9,630,1049,60.1,14214,3533,343,359,95.5,289,343,84.3,199,347,57.3,0,0.0,0.0,0.0,3,91,5,1,51,Matches
1845,Owen Costa,at AUT,MF,Augsburg,de Bundesliga,27,1996,2.6,99,117,84.6,1607,526,50,54,92.6,47,53,88.7,5,10,50.0,0,0.2,0.2,-0.2,4,3,7,1,9,Matches
1846,Thomas Kovač,br BRA,MF,Union Berlin,de Bundesliga,35,1988,16.5,977,1119,87.3,22727,7953,501,532,94.2,499,536,93.1,27,51,52.9,5,4.5,4.5,0.5,34,121,43,20,118,Matches
1847,Mason Conti,hr CRO,"MF,DF",Hertha BSC,de Bundesliga,28,1995,7.1,414,498,83.1,8595,1945,152,156,97.4,205,228,89.9,66,114,57.9,4,5.4,4.9,-1.4,26,41,34,6,57,Matches
1848,Mateo Petit,at AUT,MF,Freiburg,de Bundesliga,23,2000,1.3,80,96,83.3,1490,427,40,47,85.1,35,38,92.1,5,11,45.5,0,1.4,2.0,-1.4,2,3,3,1,11,Matches
1849,Youssef Kowalski,us USA,MF,Bochum,de Bundesliga,20,2003,11.1,483,532,90.8,9012,2605,238,252,94.4,180,196,91.8,60,84,71.4,1,0.5,0.4,0.5,16,35,21,3,26,Matches
1850,Jordan Gómez,no NOR,GK,Augsburg,de Bundesliga,32,1991,4.7,193,288,67.0,4492,1548,147,164,89.6,130,140,92.9,0,0,,0,1.2,1.3,-1.2,2,24,3,1,26,Matches
1851,Jordan Hansen,dk DEN,MF,Hoffenheim,de Bundesliga,24,1999,17.8,449,531,84.6,10575,3271,242,255,94.9,180,213,84.5,30,63,47.6,0,1.2,1.5,-1.2,10,40,15,2,40,Matches
1852,Luca Cissé,fr FRA,"MF,FW",M'Gladbach,de Bundesliga,24,1999,3.1,122,142,85.9,2601,696,78,85,91.8,55,69,79.7,0,0,,0,0.0,0.3,0.0,0,13,0,0,8,Matches
1853,Jordan Conti,se SWE,GK,Wolfsburg,de Bundesliga,21,2002,38.0,2187,3033,72.1,46226,15062,1457,1532,95.1,1036,1227,84.4,182,274,66.4,0,1.3,1.2,-1.3,3,246,6,0,235,Matches
1854,Noah Girard,br BRA,"DF,FW",Mainz 05,de Bundesliga,25,1998,9.0,444,556,79.9,10480,2663,223,243,91.8,139,171,81.3,100,142,70.4,1,0.0,0.3,1.0,9,48,21,3,44,Matches
1855,Youssef Wright,be BEL,FW,Union Berlin,de Bundesliga,33,1990,9.5,344,440,78.2,6266,1676,221,244,90.6,144,179,80.4,9,17,52.9,0,0.0,0.2,0.0,2,39,2,1,30,Matches
1856,Maxime Tanaka,dk DEN,"DF,MF",Stuttgart,de Bundesliga,29,1994,7.9,517,586,88.2,10968,3749,270,287,94.1,206,228,90.4,34,71,47.9,0,1.1,1.4,-1.1,6,45,5,0,68,Matches
1857,Mason Pereira,eng ENG,FW,Schalke 04,de Bundesliga,25,1998,9.8,401,575,69.7,7179,2788,274,318,86.2,168,187,89.8,39,70,55.7,0,0.4,0.4,-0.4,2,46,4,0,32,Matches
1858,Pablo Kovač,jp JPN,MF,Augsburg,de Bundesliga,33,1990,15.3,685,705,97.2,11440,4166,298,338,88.2,212,236,89.8,62,131,47.3,2,0.6,1.0,1.4,24,60,38,11,51,Matches
1859,Yusuf Lindqvist,fr FRA,MF,Eint Frankfurt,de Bundesliga,32,1991,8.7,500,580,86.2,11268,3358,285,319,89.3,172,183,94.0,45,78,57.7,1,0.0,0.0,1.0,5,39,6,3,63,Matches
1860,David Andersson,eng ENG,FW,Wolfsburg,de Bundesliga,21,2002,3.8,40,49,81.6,714,227,24,25,96.0,17,19,89.5,3,5,60.0,0,0.6,0.5,-0.6,1,4,1,1,3,Matches
1861,Nicolas Hughes,ch SUI,MF,Werder Bremen,de Bundesliga,24,1999,3.9,236,262,90.1,5254,1098,130,143,90.9,57,67,85.1,23,52,44.2,0,1.3,1.1,-1.3,2,25,3,1,4,Matches
1862,Thomas Girard,se SWE,DF,Werder Bremen,de Bundesliga,25,1998,12.9,502,614,81.8,11716,3017,271,287,94.4,100,113,88.5,150,214,70.1,0,0.9,0.9,-0.9,7,52,6,3,61,Matches
1863,Marco Hoffmann,sn SEN,DF,Augsburg,de Bundesliga,25,1998,4.3,113,143,79.0,2271,719,49,54,90.7,49,53,92.5,16,36,44.4,1,2.3,2.3,-1.3,3,10,5,3,11,Matches
1864,João Weber,be BEL,GK,Werder Bremen,de Bundesliga,31,1992,16.2,736,1211,60.8,15578,5378,537,553,97.1,405,503,80.5,98,155,63.2,0,0.4,0.1,-0.4,5,52,6,1,57,Matches
1865,Javier Costa,dk DEN,"FW,MF",Freiburg,de Bundesliga,28,1995,9.5,372,410,90.7,7655,2524,162,168,96.4,141,159,88.7,33,83,39.8,0,1.5,1.7,-1.5,3,30,4,1,23,Matches
1866,Felix Traoré,hr CRO,GK,Union Berlin,de Bundesliga,21,2002,5.9,285,356,80.1,4864,1304,155,175,88.6,107,122,87.7,34,59,57.6,0,0.0,0.0,0.0,8,40,6,2,31,Matches
1867,Luca Yamamoto,ch SUI,"MF,DF",Schalke 04,de Bundesliga,24,1999,1.0,51,59,86.4,929,396,30,32,93.8,16,17,94.1,5,10,50.0,0,0.1,0.0,-0.1,1,3,1,0,2,Matches
1868,Maxime Wright,sn SEN,DF,Dortmund,de Bundesliga,23,2000,13.5,483,625,77.3,8402,3990,279,302,92.4,262,300,87.3,12,23,52.2,2,2.6,2.1,-0.6,12,32,16,6,23,Matches
1869,Youssef Gómez,pt POR,"DF,MF",Bayern Munich,de Bundesliga,23,2000,6.5,352,446,78.9,7358,1674,212,229,92.6,148,156,94.9,33,61,54.1,0,1.4,1.5,-1.4,2,28,2,0,46,Matches
1870,Pedro Doyle,no NOR,DF,Bochum,de Bundesliga,22,2001,1.0,38,47,80.9,674,293,25,26,96.2,13,15,86.7,4,6,66.7,0,0.1,0.0,-0.1,1,5,1,0,4,Matches
1871,Jordan Rossi,be BEL,"FW,MF",Köln,de Bundesliga,31,1992,12.0,846,1038,81.5,15531,5748,608,616,98.7,527,561,93.9,0,0,,1,0.0,0.0,1.0,8,55,6,4,91,Matches
1872,Callum López,ma MAR,MF,RB Leipzig,de Bundesliga,31,1992,3.6,220,242,90.9,4326,1181,110,114,96.5,87,97,89.7,11,31,35.5,0,0.0,0.0,0.0,4,26,6,4,13,Matches
1873,Milan Bakker,pt POR,MF,Wolfsburg,de Bundesliga,23,2000,7.9,484,528,91.7,9930,4068,212,242,87.6,179,201,89.1,62,85,72.9,1,1.3,1.0,-0.3,1,53,1,0,49,Matches
1874,Jordan Tanaka,nl NED,"MF,FW",Union Berlin,de Bundesliga,35,1988,15.7,660,772,85.5,12656,3115,305,333,91.6,218,256,85.2,109,183,59.6,6,6.4,6.8,-0.4,41,42,60,15,23,Matches
1875,Jonas Ferrari,be BEL,"DF,FW",Hoffenheim,de Bundesliga,28,1995,5.3,164,200,82.0,3036,1049,85,91,93.4,67,77,87.0,17,32,53.1,0,0.6,0.7,-0.6,1,14,1,0,10,Matches
1876,Finn Müller,sn SEN,FW,RB Leipzig,de Bundesliga,28,1995,9.8,228,304,75.0,4738,1901,149,171,87.1,108,124,87.1,5,9,55.6,0,0.6,0.5,-0.6,7,24,8,0,15,Matches
1877,Jordan Nowak,jp JPN,DF,Stuttgart,de Bundesliga,26,1997,1.6,65,78,83.3,1026,322,24,27,88.9,25,31,80.6,13,20,65.0,0,0.0,0.0,0.0,0,6,0,0,7,Matches
1878,Pablo Santos,jp JPN,DF,Bochum,de Bundesliga,25,1998,8.2,242,293,82.6,4321,1287,118,121,97.5,96,116,82.8,34,56,60.7,0,1.1,1.0,-1.1,4,32,7,2,15,Matches
1879,Javier Costa,rs SRB,"MF,FW",Schalke 04,de Bundesliga,32,1991,1.3,59,72,81.9,1161,293,28,30,93.3,26,28,92.9,8,14,57.1,0,0.0,0.0,0.0,2,7,3,0,3,Matches
1880,Hugo Costa,de GER,MF,Augsburg,de Bundesliga,25,1998,7.5,230,257,89.5,4842,1734,117,124,94.4,90,113,79.6,8,20,40.0,0,0.0,0.0,0.0,15,30,14,3,7,Matches
1881,Liam Conti,no NOR,MF,Eint Frankfurt,de Bundesliga,20,2003,29.7,1432,1706,83.9,25223,9286,745,848,87.9,746,892,83.6,0,0,,0,0.6,0.7,-0.6,12,202,15,2,83,Matches
1882,Pablo Larsen,rs SRB,DF,Schalke 04,de Bundesliga,29,1994,17.1,437,525,83.2,9175,4114,232,264,87.9,155,183,84.7,39,78,50.0,0,0.0,0.5,0.0,6,38,5,2,26,Matches
1883,Omar Weber,pl POL,MF,Union Berlin,de Bundesliga,29,1994,12.8,592,650,91.1,13438,3768,257,275,93.5,227,256,88.7,79,119,66.4,3,6.6,5.8,-3.6,26,95,34,16,50,Matches
1884,Omar Becker,ar ARG,GK,Dortmund,de Bundesliga,26,1997,2.8,133,185,71.9,2882,1331,89,97,91.8,51,62,82.3,18,26,69.2,0,0.0,0.6,0.0,1,12,1,0,10,Matches
1885,Sergio Dubois,pl POL,MF,Wolfsburg,de Bundesliga,22,2001,13.4,416,508,81.9,6928,3001,197,220,89.5,141,155,91.0,91,133,68.4,2,2.3,3.0,-0.3,14,38,11,5,46,Matches
1886,Nicolas Ndiaye,co COL,DF,Bochum,de Bundesliga,31,1992,17.1,636,823,77.3,11836,3393,343,373,92.0,227,294,77.2,70,156,44.9,0,0.2,0.6,-0.2,0,39,0,0,94,Matches
1887,Mason Kowalski,at AUT,GK,Schalke 04,de Bundesliga,25,1998,8.6,376,535,70.3,7409,1495,241,247,97.6,183,226,81.0,38,62,61.3,0,0.0,0.0,0.0,5,53,8,3,23,Matches
1888,Felix Wright,uy URU,GK,Werder Bremen,de Bundesliga,25,1998,38.0,1985,2776,71.5,34476,10328,1392,1403,99.2,981,1232,79.6,86,141,61.0,2,0.8,1.2,1.2,23,185,26,2,154,Matches
1889,Diego Hansen,ma MAR,MF,Leverkusen,de Bundesliga,21,2002,9.0,327,428,76.4,5848,1696,134,154,87.0,179,179,100.0,59,95,62.1,1,0.0,0.0,1.0,7,31,10,3,38,Matches
1890,Leo Larsen,ar ARG,FW,Hertha BSC,de Bundesliga,22,2001,16.5,456,580,78.6,8403,1987,223,237,94.1,196,230,85.2,55,113,48.7,1,1.0,1.1,0.0,13,60,11,1,65,Matches
1891,Thomas Nielsen,at AUT,DF,Hertha BSC,de Bundesliga,23,2000,19.5,522,670,77.9,9339,3313,262,290,90.3,216,247,87.4,60,133,45.1,2,0.2,0.0,1.8,25,50,40,18,45,Matches
1892,Théo Hansen,ch SUI,FW,Köln,de Bundesliga,25,1998,9.4,379,522,72.6,7052,2293,241,269,89.6,166,195,85.1,39,58,67.2,1,0.2,0.0,0.8,8,24,10,2,35,Matches
1893,Samuel Moreau,fr FRA,DF,Bochum,de Bundesliga,31,1992,1.9,45,57,78.9,896,264,24,25,96.0,19,21,90.5,6,11,54.5,0,0.4,0.0,-0.4,1,5,1,1,7,Matches
1894,Anton Fischer,no NOR,DF,Wolfsburg,de Bundesliga,33,1990,6.2,281,341,82.4,6577,2097,172,195,88.2,105,128,82.0,10,18,55.6,1,1.9,1.6,-0.9,6,20,6,3,26,Matches
1895,Jordan Laurent,jp JPN,"DF,MF",M'Gladbach,de Bundesliga,22,2001,31.8,1895,2169,87.4,37566,10500,1071,1159,92.4,692,811,85.3,146,199,73.4,3,3.1,3.7,-0.1,43,161,59,8,147,Matches
1896,Iker Rossi,nl NED,DF,Hertha BSC,de Bundesliga,24,1999,6.9,211,261,80.8,4214,1531,102,113,90.3,87,108,80.6,27,40,67.5,0,1.8,1.5,-1.8,2,17,4,1,22,Matches
1897,Iker Doyle,ar ARG,"MF,FW",Eint Frankfurt,de Bundesliga,27,1996,10.1,410,519,79.0,6521,2108,240,242,99.2,204,236,86.4,21,41,51.2,2,2.8,2.5,-0.8,8,41,10,0,36,Matches
1898,Iker Andersson,rs SRB,"MF,DF",Freiburg,de Bundesliga,20,2003,9.3,480,510,94.1,7793,3168,201,209,96.2,167,200,83.5,58,101,57.4,0,0.0,0.0,0.0,5,53,11,3,50,Matches
1899,Andrés Rizzo,sn SEN,FW,Leverkusen,de Bundesliga,30,1993,9.6,273,380,71.8,6614,2332,203,224,90.6,131,165,79.4,0,0,,1,0.5,0.3,0.5,4,18,5,2,29,Matches
1900,Nicolas Lindqvist,ma MAR,"MF,FW",Werder Bremen,de Bundesliga,32,1991,9.1,430,568,75.7,8609,1930,250,284,88.0,157,178,88.2,65,106,61.3,1,1.5,2.3,-0.5,8,47,10,6,37,Matches
1901,Finn Costa,pl POL,GK,Eint Frankfurt,de Bundesliga,33,1990,22.8,1003,1373,73.1,17766,5986,630,722,87.3,469,551,85.1,58,100,58.0,0,1.2,1.0,-1.2,15,73,26,8,79,Matches
1902,David Girard,ar ARG,DF,Augsburg,de Bundesliga,28,1995,3.7,115,173,66.5,2460,603,72,81,88.9,62,64,96.9,15,28,53.6,0,0.4,0.5,-0.4,3,11,5,1,16,Matches
1903,Mason Müller,ma MAR,GK,Bochum,de Bundesliga,28,1995,7.0,367,539,68.1,6381,2577,249,264,94.3,155,157,98.7,78,118,66.1,0,0.1,0.8,-0.1,4,32,6,2,29,Matches
1904,Maxime El Amrani,pl POL,GK,Werder Bremen,de Bundesliga,25,1998,12.9,628,916,68.6,10853,3915,360,419,85.9,335,422,79.4,45,75,60.0,1,2.2,2.6,-1.2,12,32,18,6,50,Matches
1905,Jordan Berg,de GER,"MF,FW",Köln,de Bundesliga,29,1994,9.7,655,720,91.0,12129,5450,310,344,90.1,210,257,81.7,56,119,47.1,2,0.6,1.3,1.4,22,93,37,6,34,Matches
1906,Marco Santos,no NOR,FW,Hertha BSC,de Bundesliga,28,1995,14.3,481,709,67.8,7752,4004,247,264,93.6,247,267,92.5,141,178,79.2,2,1.7,1.8,0.3,3,46,4,0,51,Matches
1907,David Murphy,se SWE,FW,RB Leipzig,de Bundesliga,32,1991,3.1,138,176,78.4,2370,848,81,82,98.8,67,73,91.8,12,21,57.1,0,1.8,1.7,-1.8,2,17,6,1,18,Matches
1908,Omar Doyle,se SWE,FW,RB Leipzig,de Bundesliga,34,1989,4.0,76,100,76.0,1273,456,45,48,93.8,28,32,87.5,14,20,70.0,0,0.0,0.0,0.0,6,12,8,3,6,Matches
1909,Omar Doyle,hr CRO,DF,Wolfsburg,de Bundesliga,24,1999,14.7,368,456,80.7,8416,3803,160,165,97.0,148,185,80.0,75,106,70.8,0,1.5,1.1,-1.5,8,25,14,1,21,Matches
1910,Liam Ndiaye,uy URU,FW,Hoffenheim,de Bundesliga,24,1999,10.6,441,555,79.5,8150,3159,265,270,98.1,153,166,92.2,95,119,79.8,0,0.1,0.0,-0.1,2,72,4,1,36,Matches
1911,Takumi Ferrari,es ESP,MF,Hertha BSC,de Bundesliga,28,1995,38.0,2129,2364,90.1,33876,10055,953,1007,94.6,939,1035,90.7,146,322,45.3,6,6.3,5.9,-0.3,68,168,112,24,261,Matches
1912,Omar Berg,us USA,"MF,DF",Dortmund,de Bundesliga,31,1992,1.5,80,95,84.2,1510,470,39,43,90.7,27,31,87.1,10,21,47.6,0,0.0,0.0,0.0,1,7,1,0,8,Matches
1913,Nicolas Doyle,rs SRB,MF,Stuttgart,de Bundesliga,27,1996,4.2,195,224,87.1,3582,929,69,79,87.3,73,89,82.0,30,56,53.6,0,0.0,0.0,0.0,4,27,5,1,15,Matches
1914,Takumi Nowak,jp JPN,GK,Eint Frankfurt,de Bundesliga,21,2002,10.9,496,657,75.5,7143,2274,215,231,93.1,288,354,81.4,38,72,52.8,1,0.0,0.4,1.0,7,37,10,0,80,Matches
1915,Emil Nielsen,rs SRB,MF,RB Leipzig,de Bundesliga,28,1995,10.1,385,447,86.1,7463,1894,164,193,85.0,149,161,92.5,50,93,53.8,2,3.6,4.1,-1.6,15,43,28,3,27,Matches
1916,Adam Doyle,it ITA,"MF,FW",Augsburg,de Bundesliga,26,1997,13.1,558,651,85.7,9926,3560,323,335,96.4,200,263,76.0,32,53,60.4,1,1.3,1.1,-0.3,6,48,14,4,50,Matches
1917,Théo Bianchi,ma MAR,"MF,DF",Bayern Munich,de Bundesliga,29,1994,6.6,264,343,77.0,5091,2200,154,172,89.5,107,117,91.5,21,54,38.9,0,0.8,0.6,-0.8,5,31,8,2,23,Matches
1918,Andrés Greco,rs SRB,MF,M'Gladbach,de Bundesliga,29,1994,8.2,457,508,90.0,9157,3730,258,271,95.2,182,214,85.0,12,23,52.2,0,2.7,2.7,-2.7,6,38,12,1,27,Matches
1919,Luca Bakker,es ESP,DF,Hoffenheim,de Bundesliga,22,2001,12.6,703,805,87.3,10897,3688,422,422,100.0,225,258,87.2,72,125,57.6,0,0.0,0.5,0.0,19,96,24,3,74,Matches
1920,Stefan Bianchi,sn SEN,FW,Bayern Munich,de Bundesliga,22,2001,8.0,319,418,76.3,6709,2636,133,157,84.7,102,119,85.7,90,142,63.4,2,0.7,0.2,1.3,12,14,13,2,31,Matches
1921,Daniel Gómez,pt POR,MF,Augsburg,de Bundesliga,26,1997,8.1,303,338,89.6,5876,2111,184,190,96.8,109,120,90.8,15,28,53.6,0,0.7,0.8,-0.7,3,36,4,1,30,Matches
1922,Viktor Rizzo,no NOR,DF,Leverkusen,de Bundesliga,23,2000,4.3,106,131,80.9,2107,757,58,59,98.3,40,47,85.1,12,25,48.0,0,1.5,1.4,-1.5,1,11,1,0,7,Matches
1923,Elias Wright,pl POL,GK,Schalke 04,de Bundesliga,19,2004,3.7,152,229,66.4,2865,754,98,105,93.3,105,107,98.1,11,17,64.7,0,1.9,2.4,-1.9,3,21,6,1,14,Matches
1924,Mateo Ndiaye,pt POR,DF,Bayern Munich,de Bundesliga,26,1997,1.2,26,32,81.2,661,263,14,16,87.5,12,13,92.3,2,3,66.7,1,2.7,3.0,-1.7,1,3,1,0,2,Matches
1925,Pablo Walsh,pl POL,MF,M'Gladbach,de Bundesliga,23,2000,5.6,285,332,85.8,5053,1386,146,156,93.6,139,154,90.3,17,22,77.3,0,0.0,0.1,0.0,4,30,6,0,28,Matches
1926,Antoine Hughes,fr FRA,"FW,MF",Schalke 04,de Bundesliga,25,1998,28.0,1743,2032,85.8,32024,10192,899,999,90.0,613,679,90.3,215,354,60.7,0,1.4,1.0,-1.4,5,246,10,2,261,Matches
1927,Jonas Diallo,jp JPN,DF,Bayern Munich,de Bundesliga,32,1991,18.6,703,878,80.1,14692,5097,430,470,91.5,226,270,83.7,78,138,56.5,1,0.9,1.4,0.1,15,103,16,6,53,Matches
1928,Andrés López,br BRA,"DF,MF",Werder Bremen,de Bundesliga,25,1998,8.0,456,538,84.8,10131,3422,274,295,92.9,116,132,87.9,66,111,59.5,3,2.3,1.5,0.7,16,19,17,5,58,Matches
1929,Erik Rizzo,nl NED,GK,Bayern Munich,de Bundesliga,19,2004,3.7,127,205,62.0,3058,1382,98,111,88.3,73,86,84.9,6,8,75.0,0,0.0,0.6,0.0,4,10,4,2,7,Matches
1930,Iker Costa,nl NED,"FW,MF",Köln,de Bundesliga,22,2001,16.5,791,904,87.5,13299,4423,481,505,95.2,280,326,85.9,39,73,53.4,4,3.7,3.1,0.3,20,102,33,13,81,Matches
1931,Andrés Jansen,de GER,DF,Köln,de Bundesliga,25,1998,2.8,108,140,77.1,1986,1145,65,68,95.6,51,59,86.4,6,13,46.2,0,0.0,0.4,0.0,1,11,2,0,14,Matches
1932,Daniel Hughes,no NOR,DF,Dortmund,de Bundesliga,28,1995,6.6,314,424,74.1,6429,1844,195,209,93.3,131,148,88.5,47,67,70.1,1,0.7,1.0,0.3,3,29,3,0,33,Matches
1933,Sergio Kovač,it ITA,"MF,DF",Leverkusen,de Bundesliga,25,1998,2.9,164,192,85.4,3101,1107,61,70,87.1,68,76,89.5,23,46,50.0,0,0.0,0.4,0.0,6,20,12,2,11,Matches
1934,Oscar Santos,sn SEN,MF,Leverkusen,de Bundesliga,18,2005,4.8,198,243,81.5,3572,1558,109,109,100.0,79,94,84.0,24,40,60.0,0,1.5,1.2,-1.5,1,23,2,0,24,Matches
1935,Nuno Schmidt,se SWE,DF,Köln,de Bundesliga,26,1997,18.7,543,675,80.4,10766,4074,255,270,94.4,239,259,92.3,108,146,74.0,0,0.0,0.0,0.0,7,14,10,1,47,Matches
1936,Pedro Diallo,jp JPN,FW,Stuttgart,de Bundesliga,20,2003,14.0,434,625,69.4,7783,3639,241,255,94.5,195,218,89.4,93,152,61.2,0,0.9,1.5,-0.9,7,34,17,5,44,Matches
1937,Mason Hughes,pl POL,MF,Augsburg,de Bundesliga,20,2003,11.0,426,560,76.1,7061,1612,246,255,96.5,133,151,88.1,81,154,52.6,1,2.9,2.8,-1.9,16,50,32,6,25,Matches
1938,Adam Pereira,br BRA,DF,Hoffenheim,de Bundesliga,21,2002,4.0,101,140,72.1,2043,581,55,60,91.7,43,49,87.8,19,31,61.3,0,0.0,0.0,0.0,1,8,2,1,8,Matches
1939,Nuno Doyle,se SWE,MF,Bochum,de Bundesliga,31,1992,8.4,197,232,84.9,3370,1479,106,119,89.1,66,85,77.6,13,28,46.4,1,0.0,0.0,1.0,9,18,10,2,16,Matches
1940,Viktor Byrne,nl NED,"DF,MF",Hertha BSC,de Bundesliga,24,1999,7.0,330,378,87.3,5905,1702,145,156,92.9,151,178,84.8,32,44,72.7,0,0.0,0.3,0.0,8,29,9,3,44,Matches
1941,Viktor Yamamoto,jp JPN,"DF,MF",Bayern Munich,de Bundesliga,32,1991,4.2,208,239,87.0,3934,1401,120,128,93.8,83,90,92.2,11,21,52.4,1,2.0,2.4,-1.0,4,17,5,1,9,Matches
1942,Viktor Kovač,it ITA,FW,Wolfsburg,de Bundesliga,27,1996,18.7,549,748,73.4,12660,3894,326,373,87.4,252,278,90.6,48,97,49.5,0,0.0,0.0,0.0,2,74,2,1,57,Matches
1943,Adam Martínez,hr CRO,DF,Werder Bremen,de Bundesliga,21,2002,1.0,31,39,79.5,700,184,19,20,95.0,12,14,85.7,3,5,60.0,0,1.9,2.2,-1.9,0,4,0,0,3,Matches
1944,Rafael Bianchi,it ITA,DF,Wolfsburg,de Bundesliga,28,1995,9.2,292,357,81.8,6445,2005,158,175,90.3,130,145,89.7,27,37,73.0,0,1.6,0.7,-1.6,0,22,0,0,22,Matches
1945,Diego Wright,nl NED,MF,Augsburg,de Bundesliga,24,1999,33.9,1974,2231,88.5,39426,12650,1017,1178,86.3,871,1115,78.1,0,0,,5,4.2,3.9,0.8,52,193,44,26,269,Matches
1946,Elias Andersson,sn SEN,MF,Eint Frankfurt,de Bundesliga,29,1994,24.0,1056,1382,76.4,17568,5857,574,631,91.0,646,697,92.7,42,54,77.8,1,1.0,0.3,0.0,32,105,42,15,100,Matches
1947,Antoine Barnes,be BEL,DF,Leverkusen,de Bundesliga,32,1991,13.5,567,722,78.5,13409,3726,260,260,100.0,221,255,86.7,117,207,56.5,1,1.1,1.1,-0.1,3,47,4,0,21,Matches
1948,Oscar Moreau,rs SRB,DF,Köln,de Bundesliga,23,2000,4.1,128,155,82.6,2470,697,81,85,95.3,58,63,92.1,4,7,57.1,0,0.0,0.0,0.0,2,22,3,1,11,Matches
1949,Julien Nowak,fr FRA,"MF,DF",Hertha BSC,de Bundesliga,28,1995,17.5,993,1228,80.9,16638,5196,523,533,98.1,375,417,89.9,165,278,59.4,1,0.0,0.0,1.0,9,112,15,6,106,Matches
1950,Stefan Rossi,br BRA,MF,Schalke 04,de Bundesliga,30,1993,9.0,468,510,91.8,9177,1751,231,251,92.0,125,164,76.2,51,95,53.7,1,1.3,1.4,-0.3,3,64,5,0,34,Matches
1951,Owen Martínez,jp JPN,"FW,MF",Mainz 05,de Bundesliga,26,1997,12.9,593,728,81.5,10512,2806,276,313,88.2,191,219,87.2,119,196,60.7,2,2.6,2.0,-0.6,7,68,11,2,77,Matches
1952,Sergio Diallo,ch SUI,DF,Bochum,de Bundesliga,32,1991,12.8,149,185,80.5,2694,721,66,72,91.7,70,75,93.3,19,38,50.0,0,0.0,0.3,0.0,5,21,4,3,12,Matches
1953,Jonas Petit,dk DEN,MF,Union Berlin,de Bundesliga,16,2007,9.9,576,639,90.1,11126,3019,244,261,93.5,232,274,84.7,45,104,43.3,0,0.0,0.0,0.0,16,65,23,8,26,Matches
1954,Daniel Doyle,co COL,MF,Dortmund,de Bundesliga,32,1991,1.8,58,70,82.9,1091,339,33,35,94.3,20,24,83.3,5,11,45.5,0,0.0,0.2,0.0,1,5,2,1,4,Matches
1955,Mason Doyle,jp JPN,FW,Hertha BSC,de Bundesliga,27,1996,3.6,122,149,81.9,2361,562,68,77,88.3,53,60,88.3,7,12,58.3,0,0.0,0.0,0.0,1,13,1,0,12,Matches
1956,Leo Yamamoto,rs SRB,MF,Köln,de Bundesliga,26,1997,14.3,740,876,84.5,15372,5206,312,360,86.7,214,242,88.4,127,274,46.4,4,4.0,4.3,0.0,9,106,17,2,96,Matches
1957,Thomas Dubois,us USA,GK,Freiburg,de Bundesliga,25,1998,8.4,464,626,74.1,8499,2691,308,312,98.7,265,287,92.3,19,27,70.4,0,0.9,1.0,-0.9,2,43,2,1,52,Matches
1958,Mason Rizzo,es ESP,DF,Schalke 04,de Bundesliga,24,1999,27.3,474,598,79.3,10435,4123,195,224,87.1,228,239,95.4,99,135,73.3,2,1.4,1.3,0.6,22,65,32,10,45,Matches
1959,Hugo Novak,ch SUI,"MF,FW",Werder Bremen,de Bundesliga,33,1990,7.8,469,556,84.4,7948,2642,260,260,100.0,156,193,80.8,67,103,65.0,2,3.4,3.2,-1.4,9,40,12,5,28,Matches
1960,Connor Fischer,eng ENG,MF,Schalke 04,de Bundesliga,23,2000,14.0,651,732,88.9,11101,3921,245,272,90.1,247,300,82.3,77,160,48.1,0,0.2,0.6,-0.2,7,56,11,2,56,Matches
1961,Pedro Cissé,pt POR,DF,Köln,de Bundesliga,23,2000,12.7,593,752,78.9,13599,6103,295,320,92.2,181,209,86.6,105,223,47.1,1,1.4,1.3,-0.4,10,38,15,5,31,Matches
1962,Maxime Müller,dk DEN,FW,Augsburg,de Bundesliga,18,2005,2.1,70,97,72.2,1515,442,37,38,97.4,37,39,94.9,10,20,50.0,0,0.0,0.0,0.0,1,5,2,0,8,Matches
1963,Liam Moreau,rs SRB,DF,Hoffenheim,de Bundesliga,22,2001,16.3,337,418,80.6,6738,2842,217,225,96.4,113,128,88.3,46,65,70.8,0,0.0,0.0,0.0,8,51,14,1,38,Matches
1964,Leo Rossi,es ESP,"DF,MF",Werder Bremen,de Bundesliga,17,2006,13.9,736,891,82.6,12263,4077,344,402,85.6,266,291,91.4,83,198,41.9,2,3.1,2.4,-1.1,16,49,20,6,56,Matches
1965,Noah Müller,be BEL,DF,Mainz 05,de Bundesliga,24,1999,36.6,581,715,81.3,10026,3903,286,316,90.5,275,301,91.4,45,98,45.9,1,1.7,1.8,-0.7,9,60,15,0,64,Matches
1966,Marco Kovač,pt POR,DF,Eint Frankfurt,de Bundesliga,23,2000,15.5,596,791,75.3,12384,3918,343,374,91.7,257,299,86.0,75,118,63.6,1,1.3,0.9,-0.3,8,47,10,1,27,Matches
1967,Pablo Walsh,ch SUI,MF,Hoffenheim,de Bundesliga,23,2000,20.4,914,1109,82.4,14784,5770,426,462,92.2,421,449,93.8,135,198,68.2,0,0.0,1.0,0.0,17,120,29,7,92,Matches
1968,Oscar El Amrani,ch SUI,MF,Bayern Munich,de Bundesliga,22,2001,6.7,258,325,79.4,5075,1766,128,149,85.9,125,142,88.0,21,34,61.8,1,1.3,1.1,-0.3,7,32,13,4,29,Matches
1969,Youssef Rizzo,be BEL,MF,Augsburg,de Bundesliga,27,1996,8.4,599,654,91.6,12115,4659,267,326,81.9,221,261,84.7,45,67,67.2,0,1.8,1.8,-1.8,8,34,6,3,57,Matches
1970,Rafael Clarke,jp JPN,MF,Augsburg,de Bundesliga,26,1997,2.1,130,134,97.0,2743,1149,44,49,89.8,46,52,88.5,24,33,72.7,0,0.0,0.0,0.0,1,12,2,0,15,Matches
1971,Jonas Dubois,es ESP,"MF,FW",Leverkusen,de Bundesliga,25,1998,5.9,223,290,76.9,2811,631,116,126,92.1,90,105,85.7,32,59,54.2,0,0.8,0.8,-0.8,1,36,2,1,17,Matches
1972,Maxime Jansen,ma MAR,"DF,MF",Dortmund,de Bundesliga,21,2002,4.3,178,222,80.2,3663,1625,93,106,87.7,69,82,84.1,18,34,52.9,0,0.0,0.0,0.0,2,10,3,1,14,Matches
1973,João Yamamoto,no NOR,"DF,MF",RB Leipzig,de Bundesliga,26,1997,2.5,145,168,86.3,2362,789,66,70,94.3,65,75,86.7,11,23,47.8,0,0.0,0.0,0.0,2,14,4,1,9,Matches
1974,Mateo Girard,nl NED,MF,Bochum,de Bundesliga,26,1997,20.7,701,839,83.6,10525,3774,357,357,100.0,236,278,84.9,153,204,75.0,2,1.7,1.6,0.3,28,88,33,17,47,Matches
1975,Milan Moreau,rs SRB,"MF,DF",Freiburg,de Bundesliga,21,2002,9.5,444,553,80.3,8987,2270,265,280,94.6,173,193,89.6,45,80,56.2,0,0.2,0.3,-0.2,18,37,27,12,19,Matches
1976,Finn Hughes,pt POR,FW,Dortmund,de Bundesliga,18,2005,6.5,85,121,70.2,1747,731,43,48,89.6,35,39,89.7,25,34,73.5,2,0.7,1.0,1.3,7,12,6,4,5,Matches
1977,Sergio Fernández,hr CRO,GK,Freiburg,de Bundesliga,32,1991,4.5,240,381,63.0,4090,1303,171,174,98.3,136,143,95.1,45,64,70.3,0,0.7,0.4,-0.7,8,24,12,3,26,Matches
1978,Omar Laurent,sn SEN,DF,Stuttgart,de Bundesliga,24,1999,9.7,354,409,86.6,8054,2606,99,109,90.8,159,177,89.8,79,123,64.2,0,0.0,0.3,0.0,6,56,5,2,30,Matches
1979,Erik Girard,eng ENG,GK,Werder Bremen,de Bundesliga,22,2001,7.2,427,546,78.2,10121,3215,192,204,94.1,137,151,90.7,119,191,62.3,0,1.0,1.3,-1.0,1,31,1,0,31,Matches
1980,Rafael Jansen,eng ENG,GK,Schalke 04,de Bundesliga,24,1999,2.7,145,191,75.9,2913,687,91,97,93.8,57,73,78.1,14,21,66.7,0,0.0,0.0,0.0,0,12,0,0,6,Matches
1981,Jonas Nielsen,hr CRO,DF,Augsburg,de Bundesliga,28,1995,3.9,188,234,80.3,3682,1431,96,103,93.2,62,65,95.4,35,66,53.0,0,2.3,1.5,-2.3,3,30,2,1,16,Matches
1982,Milan Murphy,ma MAR,FW,Eint Frankfurt,de Bundesliga,23,2000,12.0,310,339,91.4,4974,1848,134,143,93.7,108,131,82.4,35,65,53.8,0,0.0,0.0,0.0,12,38,8,3,28,Matches
1983,Finn Weber,jp JPN,"FW,MF",Leverkusen,de Bundesliga,22,2001,16.1,676,772,87.6,14282,4938,313,315,99.4,270,328,82.3,70,129,54.3,3,3.0,2.5,0.0,37,88,54,8,50,Matches
1984,Karim Müller,fr FRA,DF,Hertha BSC,de Bundesliga,19,2004,7.6,321,363,88.4,6030,1676,132,155,85.2,88,106,83.0,61,102,59.8,1,0.0,0.9,1.0,2,41,2,1,26,Matches
1985,Jordan Fischer,rs SRB,"DF,FW",Stuttgart,de Bundesliga,27,1996,7.5,83,119,69.7,1470,717,53,59,89.8,39,43,90.7,8,17,47.1,0,0.1,0.0,-0.1,0,11,0,0,8,Matches
1986,Thomas López,no NOR,DF,Köln,de Bundesliga,23,2000,14.8,571,710,80.4,11156,3703,317,364,87.1,252,268,94.0,54,78,69.2,0,0.2,0.9,-0.2,3,84,6,0,46,Matches
1987,Karim Ferrari,ma MAR,MF,Bochum,de Bundesliga,27,1996,5.0,173,210,82.4,3140,736,94,109,86.2,60,75,80.0,20,26,76.9,2,2.0,2.3,0.0,10,13,12,3,11,Matches
1988,Elias Traoré,es ESP,DF,Werder Bremen,de Bundesliga,25,1998,3.5,122,168,72.6,2376,871,70,74,94.6,47,55,85.5,21,39,53.8,0,0.1,0.0,-0.1,3,14,5,0,8,Matches
1989,João Bakker,de GER,DF,Union Berlin,de Bundesliga,23,2000,4.9,149,175,85.1,3052,1002,76,87,87.4,35,39,89.7,34,49,69.4,1,0.0,0.2,1.0,1,22,1,0,22,Matches
1990,Hugo Byrne,ch SUI,MF,Bayern Munich,de Bundesliga,19,2004,5.7,243,265,91.7,4694,898,126,141,89.4,83,87,95.4,22,37,59.5,0,0.0,0.0,0.0,1,24,1,0,29,Matches
1991,Karim Santos,us USA,GK,Freiburg,de Bundesliga,24,1999,12.1,659,994,66.3,12125,5165,412,452,91.2,331,379,87.3,86,163,52.8,0,1.0,1.0,-1.0,4,52,4,2,59,Matches
1992,Connor El Amrani,be BEL,DF,Wolfsburg,de Bundesliga,27,1996,3.0,131,151,86.8,2396,1035,61,70,87.1,51,57,89.5,13,24,54.2,1,0.6,0.9,0.4,2,17,2,1,9,Matches
1993,Viktor Kovač,rs SRB,DF,Leverkusen,de Bundesliga,29,1994,8.6,420,454,92.5,7832,2619,192,210,91.4,164,178,92.1,31,66,47.0,0,1.1,1.0,-1.1,4,38,6,1,40,Matches
1994,Pablo Fischer,hr CRO,"DF,MF",Hoffenheim,de Bundesliga,24,1999,16.5,1035,1161,89.1,16803,4870,528,591,89.3,371,441,84.1,46,129,35.7,1,2.9,2.0,-1.9,4,83,5,1,110,Matches
1995,Maxime Wright,uy URU,"MF,FW",M'Gladbach,de Bundesliga,22,2001,5.5,199,232,85.8,3874,1283,108,126,85.7,67,83,80.7,12,23,52.2,0,0.0,0.0,0.0,3,27,4,1,24,Matches
1996,Adam Moreau,br BRA,FW,M'Gladbach,de Bundesliga,30,1993,10.8,322,473,68.1,5834,1981,243,253,96.0,137,165,83.0,36,55,65.5,0,0.8,1.5,-0.8,4,37,7,2,33,Matches
1997,Thomas Conti,es ESP,DF,Bochum,de Bundesliga,20,2003,4.7,141,183,77.0,2543,973,96,105,91.4,46,53,86.8,10,25,40.0,0,0.0,0.0,0.0,4,2,6,2,23,Matches
1998,Mason Conti,ar ARG,"MF,DF",Köln,de Bundesliga,31,1992,11.4,594,706,84.1,11348,3507,277,300,92.3,162,198,81.8,103,208,49.5,2,2.8,3.0,-0.8,18,60,22,5,87,Matches
1999,Sota Ndiaye,rs SRB,FW,RB Leipzig,de Bundesliga,34,1989,22.6,610,778,78.4,11385,3071,447,475,94.1,301,326,92.3,0,0,,1,0.0,0.0,1.0,15,84,31,8,79,Matches
2000,Jonas Lindqvist,no NOR,GK,Mainz 05,de Bundesliga,20,2003,1.8,94,125,75.2,2063,801,44,49,89.8,49,53,92.5,10,23,43.5,0,0.0,0.9,0.0,2,4,4,1,8,Matches
2001,Lucas Hansen,rs SRB,"MF,DF",Bochum,de Bundesliga,26,1997,6.2,248,260,95.4,4795,1872,115,121,95.0,80,90,88.9,30,49,61.2,2,3.3,2.9,-1.3,6,35,9,2,29,Matches
2002,Marco López,hr CRO,"FW,DF",Bochum,de Bundesliga,20,2003,7.0,187,221,84.6,2937,1426,124,124,100.0,87,102,85.3,0,0,,0,0.1,0.2,-0.1,3,15,6,2,24,Matches
2003,Marco Bianchi,rs SRB,"FW,MF",Freiburg,de Bundesliga,22,2001,10.4,585,684,85.5,11346,4882,281,287,97.9,271,322,84.2,45,75,60.0,1,2.2,2.1,-1.2,7,60,8,2,32,Matches
2004,Connor Dubois,no NOR,DF,Augsburg,de Bundesliga,26,1997,11.5,578,669,86.4,12622,2744,302,321,94.1,214,244,87.7,82,104,78.8,0,1.7,1.5,-1.7,2,36,1,0,34,Matches
2005,Viktor Nowak,ma MAR,MF,Werder Bremen,de Bundesliga,29,1994,13.3,548,662,82.8,13070,5428,278,290,95.9,200,241,83.0,82,131,62.6,2,4.1,3.8,-2.1,22,43,26,8,69,Matches
2006,Iker Rossi,eng ENG,MF,Bayern Munich,de Bundesliga,21,2002,5.1,168,190,88.4,3132,1239,78,81,96.3,43,47,91.5,41,62,66.1,1,0.5,0.0,0.5,4,24,4,1,18,Matches
2007,Jordan Horvat,se SWE,DF,Hoffenheim,de Bundesliga,29,1994,8.2,364,479,76.0,6585,1507,223,232,96.1,152,158,96.2,47,89,52.8,0,3.0,3.9,-3.0,5,53,5,2,33,Matches
2008,David Fernández,pt POR,DF,Mainz 05,de Bundesliga,35,1988,13.3,378,539,70.1,6491,2078,205,223,91.9,174,188,92.6,70,128,54.7,0,0.3,1.0,-0.3,8,48,9,0,32,Matches
2009,Mateo Barnes,sn SEN,DF,Köln,de Bundesliga,27,1996,6.3,358,440,81.4,6536,2704,164,175,93.7,155,174,89.1,43,91,47.3,0,1.4,1.7,-1.4,3,36,4,0,34,Matches
2010,Mason Byrne,uy URU,DF,Schalke 04,de Bundesliga,28,1995,7.3,361,416,86.8,7348,2583,177,205,86.3,166,204,81.4,3,7,42.9,0,0.0,0.0,0.0,2,34,3,1,49,Matches
2011,João Kowalski,at AUT,"DF,MF",Werder Bremen,de Bundesliga,30,1993,11.2,545,617,88.3,10451,4293,258,282,91.5,184,231,79.7,58,104,55.8,0,0.7,0.5,-0.7,7,82,11,3,49,Matches
2012,Andrés Rossi,nl NED,MF,Union Berlin,de Bundesliga,22,2001,11.6,403,515,78.3,6617,2273,232,234,99.1,243,277,87.7,3,4,75.0,0,1.0,0.3,-1.0,21,19,28,4,33,Matches
2013,Diego Schmidt,be BEL,"MF,FW",Mainz 05,de Bundesliga,27,1996,5.1,212,262,80.9,3899,1764,112,123,91.1,85,97,87.6,29,42,69.0,0,0.0,0.2,0.0,10,22,16,6,24,Matches
2014,Youssef Diallo,ma MAR,"FW,MF",Mainz 05,de Bundesliga,31,1992,4.2,264,303,87.1,5696,1938,117,128,91.4,76,96,79.2,49,79,62.0,0,1.8,1.6,-1.8,3,19,5,2,18,Matches
2015,Diego López,nl NED,DF,Hertha BSC,de Bundesliga,27,1996,4.4,130,170,76.5,2965,1232,82,87,94.3,37,45,82.2,34,38,89.5,0,0.0,0.0,0.0,3,11,3,1,14,Matches
2016,Pedro Moreau,it ITA,MF,Bochum,de Bundesliga,25,1998,7.8,517,578,89.4,7543,2812,230,237,97.0,149,164,90.9,101,177,57.1,1,1.2,1.3,-0.2,6,43,6,0,39,Matches
2017,Sergio Greco,hr CRO,DF,Dortmund,de Bundesliga,20,2003,1.7,30,37,81.1,620,182,19,20,95.0,14,16,87.5,1,1,100.0,0,0.0,0.0,0.0,1,4,2,0,4,Matches
2018,Connor Larsen,rs SRB,"DF,MF",Leverkusen,de Bundesliga,32,1991,2.7,79,87,90.8,1486,686,33,37,89.2,30,33,90.9,14,17,82.4,0,0.0,0.3,0.0,7,5,9,5,9,Matches
2019,Andrés Costa,pl POL,"FW,MF",Union Berlin,de Bundesliga,23,2000,2.4,97,109,89.0,2213,617,50,52,96.2,48,52,92.3,3,5,60.0,0,0.0,0.0,0.0,1,9,1,0,9,Matches
2020,Liam Ferrari,jp JPN,DF,Eint Frankfurt,de Bundesliga,27,1996,13.0,359,421,85.3,5110,1719,175,197,88.8,138,160,86.2,42,64,65.6,0,1.5,1.3,-1.5,4,46,2,2,15,Matches
2021,Julien Barnes,fr FRA,DF,Bayern Munich,de Bundesliga,28,1995,0.3,2,3,66.7,45,19,1,1,100.0,1,1,100.0,0,1,0.0,0,0.0,0.0,0.0,0,0,0,0,0,Matches
2022,Luca Murphy,nl NED,MF,Freiburg,de Bundesliga,30,1993,19.6,1156,1321,87.5,17455,6086,571,611,93.5,674,744,90.6,0,0,,3,2.2,1.9,0.8,15,80,30,0,84,Matches
2023,Takumi Bianchi,eng ENG,FW,Bayern Munich,de Bundesliga,19,2004,2.5,94,119,79.0,2018,642,58,63,92.1,42,49,85.7,5,7,71.4,0,1.1,0.8,-1.1,0,13,0,0,5,Matches
2024,Elias Clarke,pt POR,FW,Leverkusen,de Bundesliga,21,2002,2.0,80,99,80.8,1407,344,39,44,88.6,27,32,84.4,9,23,39.1,0,0.0,0.0,0.0,1,7,2,0,8,Matches
2025,Diego Cissé,br BRA,FW,Wolfsburg,de Bundesliga,26,1997,2.6,42,55,76.4,830,266,24,26,92.3,23,25,92.0,2,4,50.0,0,0.4,0.0,-0.4,2,5,4,1,6,Matches
2026,Stefan Gómez,at AUT,DF,Freiburg,de Bundesliga,28,1995,18.4,746,889,83.9,14617,4826,341,397,85.9,197,234,84.2,142,258,55.0,0,0.0,0.1,0.0,5,76,4,1,77,Matches
2027,Takumi Weber,sn SEN,MF,Stuttgart,de Bundesliga,29,1994,10.1,519,610,85.1,10025,3571,271,294,92.2,184,198,92.9,48,118,40.7,0,0.0,0.0,0.0,1,39,2,0,39,Matches
2028,Felix Kowalski,us USA,DF,Freiburg,de Bundesliga,23,2000,2.8,99,130,76.2,1697,594,63,71,88.7,48,54,88.9,2,5,40.0,0,0.0,0.3,0.0,1,11,2,0,9,Matches
2029,Diego López,ma MAR,MF,Wolfsburg,de Bundesliga,26,1997,21.1,1066,1271,83.9,22434,7067,563,624,90.2,324,359,90.3,204,288,70.8,1,0.6,0.3,0.4,16,117,24,11,107,Matches
2030,Oscar Sánchez,br BRA,"DF,MF",Hoffenheim,de Bundesliga,26,1997,7.7,242,292,82.9,5160,1733,106,135,78.5,84,95,88.4,43,62,69.4,0,1.1,1.2,-1.1,8,28,12,3,19,Matches
2031,Rafael López,ma MAR,MF,RB Leipzig,de Bundesliga,21,2002,7.7,257,322,79.8,5378,1802,125,145,86.2,103,114,90.4,37,63,58.7,1,0.7,0.9,0.3,8,23,10,3,26,Matches
2032,Oscar Wright,hr CRO,MF,Eint Frankfurt,de Bundesliga,28,1995,23.9,1351,1531,88.2,24636,6963,656,707,92.8,514,633,81.2,98,191,51.3,2,1.6,1.3,0.4,32,67,48,17,134,Matches
2033,João Traoré,es ESP,DF,Augsburg,de Bundesliga,31,1992,5.3,211,259,81.5,4120,1339,104,113,92.0,96,113,85.0,17,33,51.5,0,0.0,0.7,0.0,0,12,0,0,13,Matches
2034,Ibrahim Petit,br BRA,MF,Augsburg,de Bundesliga,25,1998,2.4,85,98,86.7,1493,614,43,47,91.5,35,41,85.4,6,10,60.0,0,0.0,0.0,0.0,2,4,1,1,7,Matches
2035,Mateo Girard,pl POL,"FW,MF",Eint Frankfurt,de Bundesliga,26,1997,9.7,372,428,86.9,6104,1550,235,235,100.0,142,171,83.0,12,22,54.5,2,0.8,0.9,1.2,9,37,12,3,22,Matches
2036,Stefan Santos,co COL,"DF,MF",Augsburg,de Bundesliga,27,1996,16.3,563,658,85.6,10963,2659,294,303,97.0,214,256,83.6,69,99,69.7,2,3.3,2.8,-1.3,14,85,23,0,44,Matches
2037,Jonas Ndiaye,nl NED,GK,Werder Bremen,de Bundesliga,27,1996,2.8,127,195,65.1,2749,932,98,102,96.1,68,75,90.7,12,18,66.7,0,0.1,0.8,-0.1,2,12,2,1,6,Matches
2038,Pablo Sánchez,dk DEN,DF,Hertha BSC,de Bundesliga,28,1995,6.3,162,216,75.0,3216,1090,76,85,89.4,68,84,81.0,28,47,59.6,0,0.3,0.3,-0.3,1,17,1,1,14,Matches
2039,Thomas Conti,de GER,DF,Augsburg,de Bundesliga,28,1995,9.6,310,400,77.5,6197,3089,186,196,94.9,147,169,87.0,18,35,51.4,1,1.1,0.7,-0.1,13,22,20,0,32,Matches
2040,Yusuf Hughes,hr CRO,DF,Bochum,de Bundesliga,32,1991,19.9,605,794,76.2,13103,4163,393,432,91.0,325,379,85.8,0,0,,0,0.3,0.1,-0.3,2,37,2,0,60,Matches
2041,Oscar Kovač,es ESP,MF,Freiburg,de Bundesliga,22,2001,7.7,405,476,85.1,8133,3609,240,252,95.2,177,194,91.2,19,30,63.3,3,3.1,2.7,-0.1,16,25,29,5,18,Matches
2042,Felix Rizzo,pl POL,FW,Mainz 05,de Bundesliga,19,2004,18.9,360,473,76.1,6858,3419,208,227,91.6,209,227,92.1,11,19,57.9,1,3.3,4.1,-2.3,5,31,5,3,41,Matches
2043,Stefan Nowak,at AUT,"MF,DF",Hoffenheim,de Bundesliga,22,2001,3.1,155,163,95.1,2785,1154,77,86,89.5,70,78,89.7,0,0,,0,1.2,1.1,-1.2,2,12,5,0,16,Matches
2044,Daniel El Amrani,sn SEN,MF,Dortmund,de Bundesliga,24,1999,14.6,483,625,77.3,10172,2427,237,269,88.1,174,207,84.1,98,149,65.8,1,1.4,1.0,-0.4,17,42,22,7,5,Matches
2045,Andrés Cissé,es ESP,GK,Hoffenheim,de Bundesliga,24,1999,2.2,121,161,75.2,2280,828,73,74,98.6,41,45,91.1,31,42,73.8,0,0.0,0.0,0.0,1,20,1,0,8,Matches
2046,Jonas Martínez,pt POR,DF,Werder Bremen,de Bundesliga,21,2002,3.0,147,167,88.0,3070,952,73,77,94.8,48,56,85.7,17,34,50.0,0,0.0,0.9,0.0,1,18,1,0,10,Matches
2047,Erik Nowak,eng ENG,GK,Köln,de Bundesliga,22,2001,12.2,505,805,62.7,10401,3565,347,419,82.8,212,268,79.1,77,118,65.3,0,0.3,0.0,-0.3,1,33,2,0,47,Matches
2048,Takumi Barnes,be BEL,MF,Stuttgart,de Bundesliga,27,1996,1.0,43,51,84.3,694,257,23,23,100.0,13,15,86.7,7,13,53.8,0,0.1,0.5,-0.1,2,5,2,1,1,Matches
2049,Théo Tanaka,co COL,"FW,MF",Köln,de Bundesliga,24,1999,8.3,543,659,82.4,11074,5188,263,289,91.0,150,186,80.6,92,184,50.0,1,0.9,0.8,0.1,19,62,19,7,54,Matches
2050,Kevin Novak,br BRA,"MF,DF",Schalke 04,de Bundesliga,26,1997,6.1,381,430,88.6,7518,2100,193,194,99.5,130,144,90.3,44,92,47.8,0,0.0,0.0,0.0,5,40,7,0,33,Matches
2051,David Petit,sn SEN,"FW,MF",Augsburg,de Bundesliga,26,1997,4.3,118,147,80.3,1893,990,53,62,85.5,40,50,80.0,18,35,51.4,0,0.0,0.0,0.0,6,1,5,1,18,Matches
2052,Maxime Tanaka,fr FRA,"MF,DF",Stuttgart,de Bundesliga,28,1995,8.4,486,554,87.7,8848,1892,276,292,94.5,182,210,86.7,33,52,63.5,0,2.6,2.3,-2.6,3,56,3,1,32,Matches
2053,Iker Novak,us USA,"MF,FW",Augsburg,de Bundesliga,30,1993,1.7,131,145,90.3,2792,603,61,71,85.9,41,47,87.2,13,27,48.1,0,1.3,1.9,-1.3,0,12,0,0,17,Matches
2054,Milan Benali,us USA,FW,Hertha BSC,de Bundesliga,27,1996,1.8,45,57,78.9,943,300,24,25,96.0,18,21,85.7,7,11,63.6,0,0.0,0.0,0.0,0,4,0,0,3,Matches
2055,Callum Andersson,it ITA,MF,Mainz 05,de Bundesliga,27,1996,16.1,590,751,78.6,10632,4095,409,409,100.0,269,277,97.1,37,65,56.9,1,0.5,0.5,0.5,16,76,21,8,76,Matches
2056,Oscar Silva,no NOR,DF,Augsburg,de Bundesliga,18,2005,2.5,88,115,76.5,1612,570,59,63,93.7,36,42,85.7,4,10,40.0,1,0.4,0.1,0.6,1,11,1,0,5,Matches
2057,Yusuf Ndiaye,pl POL,GK,Hoffenheim,de Bundesliga,20,2003,2.9,151,222,68.0,2562,579,103,112,92.0,78,96,81.2,10,14,71.4,0,0.1,0.3,-0.1,6,18,8,3,5,Matches
2058,Sota Moreau,dk DEN,FW,Bochum,de Bundesliga,24,1999,18.2,613,725,84.6,10072,2365,291,315,92.4,212,235,90.2,103,175,58.9,1,2.3,2.0,-1.3,9,87,11,6,67,Matches
2059,Ibrahim Dubois,ch SUI,"DF,MF",Augsburg,de Bundesliga,21,2002,0.3,15,19,78.9,333,112,9,10,90.0,7,7,100.0,1,2,50.0,0,0.5,1.0,-0.5,0,1,0,0,1,Matches
2060,Iker Berg,eng ENG,MF,M'Gladbach,de Bundesliga,33,1990,1.5,49,54,90.7,826,337,24,26,92.3,17,21,81.0,4,7,57.1,0,0.0,0.7,0.0,2,6,4,1,6,Matches
2061,Mateo Byrne,br BRA,FW,Wolfsburg,de Bundesliga,29,1994,0.8,36,43,83.7,636,318,18,19,94.7,14,16,87.5,4,8,50.0,0,0.0,0.1,0.0,0,3,0,0,1,Matches
2062,Stefan Conti,eng ENG,MF,RB Leipzig,de Bundesliga,28,1995,13.1,520,692,75.1,10489,4197,261,292,89.4,237,275,86.2,76,125,60.8,3,4.6,5.0,-1.6,28,51,18,1,27,Matches
2063,Andrés Kowalski,it ITA,"MF,FW",Wolfsburg,de Bundesliga,22,2001,11.1,381,447,85.2,8481,2770,169,169,100.0,134,162,82.7,72,116,62.1,1,0.8,0.5,0.2,13,44,17,3,37,Matches
2064,Stefan Sánchez,ar ARG,MF,Wolfsburg,de Bundesliga,30,1993,6.6,396,482,82.2,8301,1983,193,202,95.5,130,150,86.7,72,130,55.4,0,0.0,0.0,0.0,4,32,5,1,49,Matches
2065,Yusuf Cissé,us USA,MF,Hertha BSC,de Bundesliga,22,2001,9.0,364,446,81.6,7887,2205,183,202,90.6,203,207,98.1,21,37,56.8,0,0.0,0.0,0.0,11,39,19,6,36,Matches
2066,Antoine Müller,at AUT,GK,RB Leipzig,de Bundesliga,25,1998,9.3,404,598,67.6,8283,2879,290,305,95.1,243,268,90.7,12,25,48.0,1,1.6,2.0,-0.6,4,21,7,1,36,Matches
2067,Andrés Doyle,at AUT,MF,Bayern Munich,de Bundesliga,25,1998,1.3,79,99,79.8,1368,397,41,45,91.1,36,40,90.0,7,14,50.0,0,0.0,0.7,0.0,1,10,2,0,8,Matches
2068,Yusuf Nowak,nl NED,FW,Dortmund,de Bundesliga,23,2000,3.3,96,133,72.2,1967,611,69,75,92.0,51,56,91.1,1,2,50.0,0,0.0,0.0,0.0,0,11,0,0,5,Matches
2069,Sergio Nielsen,es ESP,DF,Union Berlin,de Bundesliga,35,1988,7.1,300,393,76.3,5694,1942,188,204,92.2,151,181,83.4,6,8,75.0,1,0.0,0.6,1.0,8,30,11,3,21,Matches
2070,Pedro Hansen,be BEL,"DF,FW",Augsburg,de Bundesliga,26,1997,11.0,304,387,78.6,4215,1984,185,196,94.4,140,153,91.5,22,38,57.9,0,1.5,1.3,-1.5,14,20,19,6,28,Matches
2071,Callum Gómez,ar ARG,GK,Hoffenheim,de Bundesliga,17,2006,10.4,622,825,75.4,11241,3375,381,415,91.8,312,368,84.8,25,42,59.5,0,0.0,0.0,0.0,4,58,3,2,64,Matches
2072,Kevin Costa,dk DEN,DF,Bayern Munich,de Bundesliga,27,1996,6.1,224,259,86.5,4923,2301,138,143,96.5,99,122,81.1,0,0,,0,0.5,0.4,-0.5,3,26,5,1,29,Matches
2073,Nicolas Yamamoto,br BRA,"DF,MF",Bayern Munich,de Bundesliga,19,2004,2.0,70,82,85.4,1402,351,34,39,87.2,30,36,83.3,5,7,71.4,0,0.0,0.0,0.0,1,6,1,0,6,Matches
2074,Oscar Wagner,ch SUI,DF,Eint Frankfurt,de Bundesliga,25,1998,6.1,274,325,84.3,5505,1923,140,152,92.1,133,144,92.4,19,29,65.5,0,0.4,0.0,-0.4,3,33,5,1,25,Matches
2075,João Weber,hr CRO,DF,Dortmund,de Bundesliga,26,1997,10.0,305,394,77.4,5825,2752,169,183,92.3,147,178,82.6,17,33,51.5,1,2.5,2.2,-1.5,4,27,7,3,30,Matches
2076,Diego Larsen,sn SEN,MF,Freiburg,de Bundesliga,25,1998,2.3,94,105,89.5,1796,788,52,57,91.2,40,49,81.6,0,0,,0,1.8,2.2,-1.8,2,7,4,0,9,Matches
2077,Thomas Lindqvist,pl POL,"DF,MF",Leverkusen,de Bundesliga,25,1998,17.7,984,1185,83.0,19770,6437,445,456,97.6,335,395,84.8,168,334,50.3,0,1.0,1.8,-1.0,9,113,8,3,105,Matches
2078,Omar Kowalski,be BEL,DF,Hertha BSC,de Bundesliga,25,1998,6.2,302,348,86.8,4471,1259,124,133,93.2,141,160,88.1,35,55,63.6,0,0.0,0.1,0.0,0,32,0,0,16,Matches
2079,Sota Hughes,fr FRA,FW,M'Gladbach,de Bundesliga,19,2004,6.3,337,409,82.4,6767,1904,160,186,86.0,161,181,89.0,25,42,59.5,0,0.0,0.9,0.0,5,39,9,4,24,Matches
2080,Takumi Greco,it ITA,MF,Wolfsburg,de Bundesliga,20,2003,3.3,136,181,75.1,3183,1529,81,88,92.0,75,85,88.2,5,8,62.5,0,1.0,0.9,-1.0,1,23,1,1,8,Matches
2081,Rafael Gómez,sn SEN,"MF,DF",Udinese,it Serie A,20,2003,14.5,553,564,98.0,12793,4560,252,277,91.0,213,246,86.6,25,41,61.0,0,1.7,1.5,-1.7,3,64,3,2,55,Matches
2082,Oscar Traoré,ch SUI,MF,Milan,it Serie A,17,2006,19.8,1269,1364,93.0,19405,6736,597,682,87.5,415,474,87.6,130,208,62.5,1,0.2,0.8,0.8,26,160,37,0,35,Matches
2083,Julien Hansen,rs SRB,DF,Torino,it Serie A,29,1994,5.9,328,408,80.4,5787,1800,165,183,90.2,144,144,100.0,50,81,61.7,0,0.0,0.6,0.0,3,39,3,1,25,Matches
2084,Pablo Lindqvist,dk DEN,DF,Bologna,it Serie A,25,1998,3.6,128,137,93.4,1935,471,47,53,88.7,46,53,86.8,18,31,58.1,0,0.0,0.0,0.0,1,9,2,0,17,Matches
2085,Hugo Berg,rs SRB,GK,Hellas Verona,it Serie A,24,1999,10.8,464,724,64.1,9170,2954,265,285,93.0,242,277,87.4,113,162,69.8,0,1.5,2.0,-1.5,3,60,2,0,33,Matches
2086,Elias Kowalski,us USA,"DF,MF",Roma,it Serie A,23,2000,9.3,388,471,82.4,7035,2802,210,232,90.5,119,161,73.9,40,78,51.3,0,1.2,1.2,-1.2,2,32,3,1,43,Matches
2087,Liam Horvat,de GER,MF,Empoli,it Serie A,19,2004,7.9,511,618,82.7,11550,4638,263,300,87.7,167,182,91.8,74,136,54.4,0,0.2,0.6,-0.2,11,28,11,3,29,Matches
2088,Jonas Martínez,fr FRA,"MF,DF",Monza,it Serie A,21,2002,8.4,433,578,74.9,9561,4112,231,246,93.9,163,184,88.6,66,148,44.6,3,0.9,0.5,2.1,15,47,17,8,12,Matches
2089,Adam Moreau,uy URU,DF,Spezia,it Serie A,27,1996,11.5,434,545,79.6,8338,3102,225,242,93.0,227,256,88.7,28,47,59.6,0,0.2,0.7,-0.2,6,54,7,4,30,Matches
2090,Hugo Ferrari,dk DEN,DF,Juventus,it Serie A,23,2000,2.0,85,102,83.3,1204,545,37,39,94.9,36,46,78.3,9,17,52.9,0,1.0,1.2,-1.0,4,12,8,2,10,Matches
2091,Théo Murphy,nl NED,FW,Atalanta,it Serie A,22,2001,4.8,164,194,84.5,2697,840,83,94,88.3,50,58,86.2,19,42,45.2,0,0.0,0.0,0.0,5,12,7,1,20,Matches
2092,Sota Conti,hr CRO,GK,Inter,it Serie A,36,1987,15.1,813,1036,78.5,12523,4008,422,460,91.7,360,426,84.5,79,150,52.7,2,0.1,0.0,1.9,27,58,39,8,48,Matches
2093,Elias Laurent,ch SUI,"MF,FW",Sampdoria,it Serie A,31,1992,14.4,488,626,78.0,9970,2364,250,263,95.1,202,232,87.1,99,131,75.6,0,0.0,0.0,0.0,3,37,4,1,37,Matches
2094,Andrés Benali,be BEL,"MF,DF",Fiorentina,it Serie A,18,2005,2.9,128,149,85.9,2435,581,61,69,88.4,56,65,86.2,10,15,66.7,0,2.2,2.0,-2.2,6,10,11,4,12,Matches
2095,Stefan Barnes,us USA,MF,Lazio,it Serie A,30,1993,2.5,128,155,82.6,2301,823,79,87,90.8,43,51,84.3,11,17,64.7,0,0.0,0.5,0.0,2,8,3,1,12,Matches
2096,Owen Traoré,no NOR,FW,Inter,it Serie A,18,2005,19.1,441,562,78.5,8985,3523,205,233,88.0,154,154,100.0,143,175,81.7,0,0.0,0.9,0.0,9,57,8,2,24,Matches
2097,Mateo Andersson,uy URU,MF,Cremonese,it Serie A,29,1994,14.6,895,1071,83.6,14878,5223,441,466,94.6,262,313,83.7,144,292,49.3,1,0.2,0.1,0.8,10,84,15,5,36,Matches
2098,Nuno Byrne,se SWE,DF,Empoli,it Serie A,20,2003,11.1,221,287,77.0,4718,969,103,115,89.6,117,126,92.9,25,46,54.3,1,2.3,2.1,-1.3,4,21,3,0,29,Matches
2099,Milan Conti,se SWE,"DF,FW",Torino,it Serie A,21,2002,2.4,101,149,67.8,1934,890,48,54,88.9,52,65,80.0,19,30,63.3,0,0.3,0.0,-0.3,1,8,2,0,13,Matches
2100,Stefan Hoffmann,pl POL,FW,Sassuolo,it Serie A,22,2001,12.2,451,565,79.8,7801,2575,268,278,96.4,172,208,82.7,42,79,53.2,0,1.6,1.0,-1.6,9,26,6,3,45,Matches
2101,Iker Wagner,us USA,MF,Torino,it Serie A,17,2006,7.5,378,421,89.8,6833,2336,188,205,91.7,119,131,90.8,51,85,60.0,0,1.1,0.5,-1.1,8,28,14,3,33,Matches
2102,Rafael Laurent,fr FRA,DF,Sassuolo,it Serie A,30,1993,7.9,210,261,80.5,3767,870,112,132,84.8,75,88,85.2,26,41,63.4,0,0.8,0.8,-0.8,5,27,7,3,28,Matches
2103,Ryan Walsh,co COL,MF,Inter,it Serie A,25,1998,0.8,29,37,78.4,538,223,15,17,88.2,12,14,85.7,4,6,66.7,0,0.0,0.6,0.0,1,2,1,0,1,Matches
2104,Leo Bakker,jp JPN,"DF,MF",Hellas Verona,it Serie A,25,1998,10.5,519,621,83.6,11571,2802,274,314,87.3,163,188,86.7,80,119,67.2,1,2.2,2.4,-1.2,20,34,18,13,59,Matches
2105,Jonas Ferrari,es ESP,GK,Sampdoria,it Serie A,28,1995,8.1,295,509,58.0,6747,1744,248,264,93.9,151,170,88.8,44,75,58.7,0,0.2,0.0,-0.2,6,68,5,0,26,Matches
2106,Oscar Doyle,br BRA,FW,Inter,it Serie A,19,2004,7.9,231,316,73.1,5010,1664,161,168,95.8,85,97,87.6,31,51,60.8,0,0.0,0.2,0.0,1,23,2,0,15,Matches
2107,Milan Martínez,eng ENG,FW,Bologna,it Serie A,30,1993,4.4,163,211,77.3,3720,983,99,112,88.4,68,77,88.3,13,22,59.1,1,0.0,0.0,1.0,3,25,3,0,13,Matches
2108,Stefan Novak,de GER,MF,Lazio,it Serie A,22,2001,14.9,827,968,85.4,15188,5651,396,464,85.3,317,421,75.3,51,83,61.4,0,0.0,0.6,0.0,11,94,19,4,107,Matches
2109,Ryan Petit,eng ENG,FW,Empoli,it Serie A,26,1997,15.6,203,280,72.5,4479,1708,127,143,88.8,79,90,87.8,30,47,63.8,0,2.3,2.1,-2.3,10,29,9,6,27,Matches
2110,Nuno Gómez,ch SUI,FW,Lazio,it Serie A,21,2002,10.9,396,555,71.4,7762,2248,248,269,92.2,228,272,83.8,7,14,50.0,0,0.5,0.7,-0.5,1,58,1,0,44,Matches
2111,Ibrahim Rossi,ar ARG,FW,Spezia,it Serie A,23,2000,14.2,468,602,77.7,7530,2711,272,279,97.5,180,214,84.1,45,109,41.3,1,0.9,1.3,0.1,7,69,12,0,36,Matches
2112,Callum Laurent,sn SEN,MF,Hellas Verona,it Serie A,26,1997,10.1,502,613,81.9,10332,3451,204,231,88.3,199,227,87.7,58,155,37.4,1,0.7,0.2,0.3,6,3,9,4,29,Matches
2113,Yusuf Martínez,hr CRO,"MF,DF",Udinese,it Serie A,29,1994,1.8,71,80,88.8,1512,384,45,47,95.7,31,35,88.6,0,0,,0,0.0,0.6,0.0,1,6,2,1,12,Matches
2114,Sota Martínez,pl POL,DF,Sassuolo,it Serie A,26,1997,2.0,44,60,73.3,900,268,20,23,87.0,20,23,87.0,7,14,50.0,0,0.0,0.0,0.0,2,2,3,1,0,Matches
2115,Omar Girard,hr CRO,"DF,FW",Roma,it Serie A,33,1990,5.9,163,204,79.9,2631,1012,81,87,93.1,63,76,82.9,15,41,36.6,0,0.0,0.0,0.0,8,17,15,4,13,Matches
2116,Mason Hoffmann,se SWE,FW,Sampdoria,it Serie A,30,1993,15.6,610,754,80.9,12628,1962,381,400,95.2,302,347,87.0,5,7,71.4,1,2.3,2.1,-1.3,8,65,9,2,54,Matches
2117,Antoine Schmidt,co COL,DF,Empoli,it Serie A,27,1996,5.2,194,229,84.7,3947,1055,80,89,89.9,44,62,71.0,29,78,37.2,1,1.3,1.3,-0.3,3,19,5,2,24,Matches
2118,Omar Girard,uy URU,DF,Udinese,it Serie A,19,2004,6.0,196,258,76.0,3963,1449,116,120,96.7,91,99,91.9,21,39,53.8,0,2.6,2.9,-2.6,5,29,7,0,16,Matches
2119,Callum Nielsen,es ESP,MF,Lecce,it Serie A,22,2001,28.4,699,812,86.1,15198,5022,339,359,94.4,276,324,85.2,75,129,58.1,5,6.5,6.9,-1.5,29,32,49,5,45,Matches
2120,Karim Schmidt,rs SRB,GK,Lecce,it Serie A,23,2000,1.3,55,83,66.3,1166,417,29,29,100.0,38,43,88.4,5,11,45.5,0,0.0,0.0,0.0,0,4,0,0,2,Matches
2121,Diego Girard,jp JPN,GK,Cremonese,it Serie A,35,1988,15.4,678,983,69.0,14513,3432,431,475,90.7,324,357,90.8,128,151,84.8,1,0.9,1.1,0.1,7,68,11,4,82,Matches
2122,Anton El Amrani,co COL,"MF,FW",Empoli,it Serie A,31,1992,16.3,641,750,85.5,13667,4804,303,324,93.5,225,269,83.6,91,157,58.0,0,0.0,0.2,0.0,2,53,4,1,45,Matches
2123,Maxime Bakker,us USA,DF,Udinese,it Serie A,23,2000,36.0,867,1017,85.3,19818,7219,411,445,92.4,321,404,79.5,53,168,31.5,2,2.2,2.3,-0.2,19,111,15,13,99,Matches
2124,Karim Hoffmann,it ITA,GK,Torino,it Serie A,21,2002,4.0,152,206,73.8,2529,960,90,99,90.9,56,66,84.8,22,41,53.7,2,2.8,2.6,-0.8,1,20,2,0,21,Matches
2125,Julien Bianchi,uy URU,DF,Atalanta,it Serie A,20,2003,13.6,391,522,74.9,7628,2644,165,184,89.7,148,164,90.2,89,174,51.1,1,3.4,3.4,-2.4,6,25,7,3,18,Matches
2126,Rafael Diallo,ar ARG,FW,Cremonese,it Serie A,27,1996,11.7,444,520,85.4,9110,3209,201,201,100.0,184,215,85.6,62,104,59.6,1,1.8,1.6,-0.8,6,33,8,2,41,Matches
2127,Bruno Becker,rs SRB,"DF,FW",Spezia,it Serie A,23,2000,18.4,531,628,84.6,11766,3760,331,360,91.9,222,242,91.7,15,26,57.7,0,0.0,0.0,0.0,3,71,5,1,44,Matches
2128,Felix Müller,hr CRO,MF,Napoli,it Serie A,17,2006,2.3,140,158,88.6,2842,989,73,81,90.1,50,59,84.7,9,18,50.0,1,1.6,1.8,-0.6,5,19,7,1,12,Matches
2129,Julien Doyle,it ITA,DF,Cremonese,it Serie A,33,1990,8.2,306,379,80.7,5520,2236,196,216,90.7,142,158,89.9,3,5,60.0,0,1.3,1.4,-1.3,1,46,1,1,34,Matches
2130,Milan Tanaka,hr CRO,FW,Fiorentina,it Serie A,23,2000,13.8,478,635,75.3,9213,1826,203,216,94.0,234,239,97.9,101,180,56.1,1,1.6,1.9,-0.6,2,41,2,0,60,Matches
2131,Mason Müller,us USA,DF,Inter,it Serie A,25,1998,13.1,439,554,79.2,9427,1937,242,252,96.0,209,229,91.3,44,73,60.3,1,1.6,1.1,-0.6,5,51,6,3,36,Matches
2132,Anton Clarke,eng ENG,DF,Empoli,it Serie A,27,1996,19.6,498,717,69.5,8859,2508,288,320,90.0,215,254,84.6,89,143,62.2,0,0.3,0.0,-0.3,8,93,8,3,26,Matches
2133,Pablo Schmidt,de GER,DF,Juventus,it Serie A,29,1994,3.4,168,201,83.6,3334,1289,79,87,90.8,85,98,86.7,7,16,43.8,0,0.0,0.1,0.0,1,13,1,1,20,Matches
2134,Callum Dubois,rs SRB,MF,Bologna,it Serie A,29,1994,7.6,313,367,85.3,6476,2565,123,140,87.9,112,124,90.3,67,103,65.0,0,1.8,2.5,-1.8,9,37,9,3,18,Matches
2135,Javier Becker,dk DEN,DF,Sampdoria,it Serie A,24,1999,14.9,640,868,73.7,12499,5520,298,322,92.5,345,396,87.1,104,150,69.3,1,0.0,0.5,1.0,9,53,15,4,49,Matches
2136,Samuel Murphy,hr CRO,DF,Spezia,it Serie A,26,1997,7.3,291,350,83.1,6204,1850,148,157,94.3,86,98,87.8,72,95,75.8,0,0.0,0.0,0.0,3,34,3,1,36,Matches
2137,Sota Martínez,hr CRO,DF,Fiorentina,it Serie A,20,2003,10.6,523,633,82.6,10231,3409,304,325,93.5,230,266,86.5,29,42,69.0,0,0.9,0.4,-0.9,5,42,7,1,39,Matches
2138,Leo Traoré,hr CRO,FW,Roma,it Serie A,25,1998,20.5,552,714,77.3,11581,3299,302,353,85.6,179,197,90.9,93,164,56.7,1,0.3,0.3,0.7,12,69,18,1,29,Matches
2139,Adam Nowak,pl POL,"DF,MF",Empoli,it Serie A,17,2006,1.2,50,59,84.7,1134,457,26,28,92.9,23,26,88.5,3,5,60.0,0,0.2,0.8,-0.2,0,7,0,0,3,Matches
2140,David Petit,eng ENG,MF,Napoli,it Serie A,22,2001,9.8,531,727,73.0,11547,5111,302,341,88.6,203,235,86.4,89,151,58.9,1,0.0,0.0,1.0,14,54,26,9,13,Matches
2141,João Becker,ch SUI,GK,Hellas Verona,it Serie A,18,2005,21.5,906,1275,71.1,15075,4765,544,587,92.7,480,515,93.2,93,173,53.8,1,1.8,1.9,-0.8,9,87,13,2,111,Matches
2142,Mason Benali,eng ENG,DF,Juventus,it Serie A,26,1997,8.5,307,343,89.5,5688,2252,145,159,91.2,82,98,83.7,63,86,73.3,1,1.0,1.5,0.0,5,40,6,2,17,Matches
2143,Emil Benali,us USA,FW,Monza,it Serie A,24,1999,20.1,514,616,83.4,9935,3925,280,337,83.1,235,286,82.2,0,0,,1,0.1,0.0,0.9,4,45,8,2,53,Matches
2144,Iker Diallo,pl POL,MF,Atalanta,it Serie A,27,1996,7.8,346,396,87.4,7508,3369,160,185,86.5,146,163,89.6,24,48,50.0,0,0.0,0.3,0.0,5,42,7,1,30,Matches
2145,Rafael Yamamoto,pt POR,DF,Empoli,it Serie A,20,2003,13.6,294,387,76.0,5109,1459,155,169,91.7,88,105,83.8,53,113,46.9,0,1.9,1.8,-1.9,6,26,12,2,21,Matches
2146,Karim Barnes,fr FRA,MF,Atalanta,it Serie A,30,1993,22.0,812,1040,78.1,16685,7465,414,457,90.6,350,426,82.2,99,157,63.1,0,1.1,1.6,-1.1,6,42,5,1,28,Matches
2147,Felix Fischer,hr CRO,GK,Bologna,it Serie A,23,2000,10.3,605,848,71.3,11215,4231,328,367,89.4,212,267,79.4,136,214,63.6,0,2.0,1.5,-2.0,12,68,13,5,71,Matches
2148,Pablo Yamamoto,es ESP,MF,Hellas Verona,it Serie A,25,1998,10.3,429,539,79.6,7286,2049,220,236,93.2,171,190,90.0,82,113,72.6,1,2.9,2.9,-1.9,8,80,11,2,68,Matches
2149,Thomas Byrne,se SWE,MF,Milan,it Serie A,29,1994,5.6,322,384,83.9,6537,2228,150,156,96.2,98,127,77.2,57,101,56.4,2,3.0,2.8,-1.0,9,31,13,1,37,Matches
2150,Lucas Barnes,hr CRO,DF,Salernitana,it Serie A,29,1994,6.5,199,249,79.9,3758,1403,114,126,90.5,96,111,86.5,7,12,58.3,0,1.8,2.3,-1.8,2,23,1,1,29,Matches
2151,Anton Bakker,co COL,FW,Fiorentina,it Serie A,23,2000,11.7,365,452,80.8,8406,3047,149,167,89.2,109,139,78.4,99,146,67.8,0,0.0,0.0,0.0,10,38,14,4,59,Matches
2152,David Larsen,pt POR,FW,Roma,it Serie A,26,1997,5.4,157,219,71.7,3051,1141,85,95,89.5,76,92,82.6,19,32,59.4,0,0.8,1.1,-0.8,3,8,4,1,8,Matches
2153,Julien Laurent,ch SUI,FW,Roma,it Serie A,37,1986,13.9,663,786,84.4,15203,3230,335,353,94.9,268,341,78.6,61,92,66.3,2,3.2,3.7,-1.2,13,96,14,2,60,Matches
2154,Javier Müller,ar ARG,FW,Lazio,it Serie A,19,2004,5.8,234,318,73.6,5598,1712,187,187,100.0,87,99,87.9,18,32,56.2,0,0.6,0.7,-0.6,3,22,4,1,39,Matches
2155,Samuel Gómez,jp JPN,"FW,MF",Napoli,it Serie A,22,2001,2.5,115,130,88.5,2009,677,62,67,92.5,43,45,95.6,10,18,55.6,1,0.0,0.0,1.0,7,13,8,2,7,Matches
2156,Stefan Martínez,es ESP,DF,Spezia,it Serie A,31,1992,18.3,671,972,69.0,15484,4837,488,516,94.6,329,390,84.4,54,66,81.8,2,1.4,1.6,0.6,16,41,24,10,67,Matches
2157,Pablo Petit,de GER,"DF,MF",Lazio,it Serie A,23,2000,6.1,289,374,77.3,6352,2509,161,170,94.7,133,158,84.2,20,46,43.5,0,0.0,0.0,0.0,5,28,7,1,27,Matches
2158,Elias Kowalski,co COL,"MF,DF",Atalanta,it Serie A,20,2003,31.4,1555,1800,86.4,28780,5702,691,756,91.4,705,763,92.4,170,281,60.5,3,3.2,3.2,-0.2,28,169,58,6,223,Matches
2159,David Pereira,us USA,MF,Empoli,it Serie A,35,1988,21.1,940,1118,84.1,14690,4537,510,550,92.7,430,468,91.9,60,100,60.0,4,3.1,3.1,0.9,18,124,29,8,37,Matches
2160,Hugo Pereira,hr CRO,FW,Empoli,it Serie A,23,2000,7.7,195,230,84.8,4465,1291,84,89,94.4,79,91,86.8,25,50,50.0,1,2.1,1.0,-1.1,6,16,10,1,23,Matches
2161,Callum Bianchi,br BRA,MF,Spezia,it Serie A,28,1995,12.4,573,699,82.0,9292,2313,302,363,83.2,296,329,90.0,4,7,57.1,2,1.9,1.9,0.1,13,50,17,1,39,Matches
2162,Erik Horvat,jp JPN,MF,Bologna,it Serie A,27,1996,12.6,361,498,72.5,6456,1809,208,215,96.7,183,193,94.8,56,90,62.2,0,0.0,0.0,0.0,14,36,18,2,28,Matches
2163,Stefan Hughes,us USA,MF,Sampdoria,it Serie A,23,2000,9.8,306,341,89.7,5424,1634,83,93,89.2,111,120,92.5,64,128,50.0,0,0.0,0.1,0.0,8,7,7,3,34,Matches
2164,Lucas Bianchi,es ESP,MF,Bologna,it Serie A,21,2002,18.3,901,1098,82.1,20119,6635,508,535,95.0,214,263,81.4,197,300,65.7,3,4.2,4.2,-1.2,7,54,8,2,98,Matches
2165,Samuel Rossi,eng ENG,GK,Monza,it Serie A,22,2001,10.0,532,777,68.5,10428,2529,321,351,91.5,251,285,88.1,92,141,65.2,1,1.1,0.9,-0.1,8,47,10,3,65,Matches
2166,Jordan Ndiaye,pl POL,FW,Fiorentina,it Serie A,19,2004,10.9,289,401,72.1,5043,2250,185,194,95.4,160,174,92.0,19,33,57.6,0,0.0,0.6,0.0,7,35,12,3,34,Matches
2167,Hugo Ndiaye,us USA,FW,Atalanta,it Serie A,27,1996,6.6,245,301,81.4,5367,2283,111,124,89.5,104,115,90.4,24,62,38.7,1,0.3,1.4,0.7,5,29,5,3,30,Matches
2168,Sergio Wright,dk DEN,GK,Inter,it Serie A,30,1993,19.8,917,1193,76.9,14940,3654,382,443,86.2,381,487,78.2,139,263,52.9,1,0.0,0.3,1.0,7,134,9,2,22,Matches
2169,Iker Greco,ar ARG,GK,Sassuolo,it Serie A,21,2002,1.5,60,88,68.2,942,278,35,41,85.4,31,38,81.6,6,9,66.7,0,0.0,0.4,0.0,1,9,2,0,7,Matches
2170,Pedro Pereira,dk DEN,MF,Udinese,it Serie A,21,2002,2.1,97,114,85.1,1787,587,55,57,96.5,31,35,88.6,7,22,31.8,1,0.0,0.1,1.0,2,9,2,1,12,Matches
2171,Erik Fischer,fr FRA,GK,Juventus,it Serie A,28,1995,12.7,634,861,73.6,13104,4514,402,430,93.5,347,385,90.1,26,46,56.5,0,1.3,1.7,-1.3,5,57,4,2,61,Matches
2172,Felix Becker,br BRA,FW,Atalanta,it Serie A,31,1992,7.9,211,271,77.9,4833,1145,124,134,92.5,79,87,90.8,22,50,44.0,0,0.7,0.1,-0.7,2,16,2,1,15,Matches
2173,Lucas Sánchez,es ESP,MF,Spezia,it Serie A,30,1993,4.4,144,172,83.7,3010,936,74,79,93.7,67,76,88.2,9,17,52.9,1,0.7,0.0,0.3,3,13,4,1,12,Matches
2174,Samuel Rossi,rs SRB,FW,Fiorentina,it Serie A,22,2001,12.6,413,565,73.1,8884,2916,258,280,92.1,176,196,89.8,49,89,55.1,1,2.5,2.8,-1.5,13,52,14,3,35,Matches
2175,Jordan Silva,se SWE,MF,Lecce,it Serie A,24,1999,10.4,512,555,92.3,9923,3934,216,244,88.5,182,207,87.9,66,104,63.5,0,1.6,2.3,-1.6,6,46,6,1,39,Matches
2176,Luca El Amrani,dk DEN,FW,Roma,it Serie A,25,1998,17.2,466,537,86.8,10608,3875,207,222,93.2,141,164,86.0,95,151,62.9,1,2.5,2.9,-1.5,11,44,20,6,36,Matches
2177,Leo Hoffmann,dk DEN,DF,Roma,it Serie A,23,2000,0.5,13,16,81.2,268,100,8,9,88.9,4,5,80.0,1,2,50.0,0,0.0,0.0,0.0,0,1,0,0,1,Matches
2178,Takumi Rizzo,br BRA,FW,Bologna,it Serie A,17,2006,38.0,1733,2138,81.1,30033,12063,800,899,89.0,881,974,90.5,121,265,45.7,2,3.4,4.1,-1.4,19,191,21,12,159,Matches
2179,Youssef Cissé,be BEL,GK,Torino,it Serie A,26,1997,8.1,337,502,67.1,6876,2261,238,248,96.0,139,164,84.8,45,90,50.0,1,0.1,0.3,0.9,3,22,3,1,16,Matches
2180,Daniel Conti,fr FRA,MF,Napoli,it Serie A,16,2007,29.4,1118,1356,82.4,22435,8653,611,678,90.1,409,454,90.1,139,224,62.1,3,1.8,1.6,1.2,25,99,43,7,160,Matches
2181,Adam Lindqvist,nl NED,FW,Salernitana,it Serie A,18,2005,8.0,218,285,76.5,5250,1878,140,152,92.1,87,104,83.7,18,29,62.1,0,0.0,0.5,0.0,1,28,1,0,25,Matches
2182,Callum Sánchez,br BRA,MF,Monza,it Serie A,27,1996,1.1,62,71,87.3,1277,506,30,34,88.2,24,30,80.0,4,7,57.1,0,0.0,0.0,0.0,2,4,4,1,6,Matches
2183,Youssef Walsh,ch SUI,FW,Udinese,it Serie A,23,2000,6.4,231,280,82.5,5042,1498,113,136,83.1,76,87,87.4,25,57,43.9,0,0.4,0.5,-0.4,4,13,4,1,12,Matches
2184,Antoine Sánchez,hr CRO,FW,Salernitana,it Serie A,33,1990,10.0,220,267,82.4,4647,1649,112,120,93.3,73,85,85.9,41,62,66.1,0,1.7,2.1,-1.7,1,20,2,0,22,Matches
2185,Rafael Gómez,eng ENG,DF,Fiorentina,it Serie A,32,1991,9.3,349,392,89.0,7289,2389,170,183,92.9,142,148,95.9,38,61,62.3,1,0.9,0.8,0.1,4,45,4,1,32,Matches
2186,Hugo Hoffmann,rs SRB,DF,Cremonese,it Serie A,20,2003,2.6,74,94,78.7,1501,502,27,29,93.1,31,35,88.6,15,30,50.0,1,0.0,0.3,1.0,1,11,1,0,11,Matches
2187,Bruno Petit,pt POR,DF,Spezia,it Serie A,25,1998,6.2,210,282,74.5,3835,1270,100,107,93.5,92,112,82.1,45,63,71.4,0,0.9,0.8,-0.9,1,14,1,0,19,Matches
2188,Omar Wright,fr FRA,GK,Udinese,it Serie A,31,1992,10.4,523,756,69.2,10824,3871,338,381,88.7,284,353,80.5,13,22,59.1,0,0.0,0.4,0.0,3,84,5,1,52,Matches
2189,Sota Bianchi,it ITA,DF,Bologna,it Serie A,26,1997,1.7,61,73,83.6,1370,321,29,30,96.7,25,30,83.3,5,13,38.5,0,0.0,0.2,0.0,0,6,0,0,5,Matches
2190,Connor Nowak,rs SRB,"DF,MF",Monza,it Serie A,27,1996,3.4,142,177,80.2,3079,830,82,92,89.1,55,56,98.2,14,29,48.3,0,0.0,0.6,0.0,1,20,1,0,14,Matches
2191,Callum Yamamoto,sn SEN,FW,Sampdoria,it Serie A,25,1998,6.8,247,319,77.4,4566,1097,139,151,92.1,125,148,84.5,13,20,65.0,1,2.4,2.9,-1.4,9,21,10,2,25,Matches
2192,Mateo Dubois,ar ARG,FW,Napoli,it Serie A,25,1998,3.1,88,109,80.7,1582,725,43,48,89.6,32,38,84.2,13,23,56.5,0,0.0,0.5,0.0,3,11,6,0,10,Matches
2193,Finn Wright,hr CRO,"DF,MF",Sassuolo,it Serie A,31,1992,5.7,386,398,97.0,8260,1808,193,200,96.5,143,157,91.1,30,41,73.2,0,0.5,0.8,-0.5,0,41,0,0,28,Matches
2194,Takumi Tanaka,uy URU,DF,Inter,it Serie A,23,2000,1.4,72,84,85.7,1357,484,42,50,84.0,28,31,90.3,2,3,66.7,0,0.0,0.0,0.0,1,5,1,0,6,Matches
2195,Kevin Lindqvist,rs SRB,MF,Torino,it Serie A,29,1994,17.2,743,794,93.6,15370,6166,445,488,91.2,192,208,92.3,41,98,41.8,2,2.8,3.1,-0.8,27,50,34,14,78,Matches
2196,Finn Doyle,fr FRA,MF,Monza,it Serie A,25,1998,9.0,372,446,83.4,8701,3960,186,198,93.9,108,126,85.7,79,122,64.8,0,0.0,0.0,0.0,3,19,3,0,27,Matches
2197,Callum Schmidt,eng ENG,DF,Cremonese,it Serie A,30,1993,9.5,289,365,79.2,4938,2027,181,186,97.3,130,149,87.2,18,30,60.0,0,1.7,2.2,-1.7,4,26,6,1,23,Matches
2198,Pedro Jansen,be BEL,DF,Monza,it Serie A,23,2000,10.8,222,298,74.5,3705,1246,140,147,95.2,79,93,84.9,26,58,44.8,1,1.3,1.4,-0.3,2,23,2,1,14,Matches
2199,Owen Sánchez,eng ENG,FW,Roma,it Serie A,26,1997,2.6,121,142,85.2,2382,910,58,61,95.1,52,56,92.9,17,25,68.0,0,0.0,0.0,0.0,1,9,2,0,7,Matches
2200,Jonas Murphy,be BEL,"DF,FW",Monza,it Serie A,24,1999,3.1,147,181,81.2,2739,843,69,74,93.2,52,57,91.2,38,50,76.0,1,1.0,0.9,0.0,5,15,6,2,19,Matches
2201,Hugo Greco,ch SUI,GK,Cremonese,it Serie A,26,1997,12.4,545,824,66.1,9816,3637,260,292,89.0,226,287,78.7,130,245,53.1,2,3.1,3.3,-1.1,7,48,13,2,45,Matches
2202,Samuel Horvat,no NOR,MF,Milan,it Serie A,22,2001,7.5,416,497,83.7,7993,2484,223,232,96.1,206,253,81.4,8,12,66.7,1,1.3,1.1,-0.3,17,18,21,4,50,Matches
2203,Pablo Diallo,nl NED,"DF,MF",Lazio,it Serie A,33,1990,4.7,161,207,77.8,2885,895,79,91,86.8,75,81,92.6,16,35,45.7,0,0.0,0.4,0.0,6,15,10,2,9,Matches
2204,Viktor López,us USA,"DF,MF",Fiorentina,it Serie A,28,1995,9.6,324,376,86.2,6601,2263,173,193,89.6,115,144,79.9,25,39,64.1,2,0.0,0.3,2.0,21,50,13,2,33,Matches
2205,Omar Pereira,hr CRO,"MF,DF",Torino,it Serie A,29,1994,5.5,95,113,84.1,1769,816,55,58,94.8,36,40,90.0,8,15,53.3,1,3.0,3.0,-2.0,4,8,6,2,8,Matches
2206,Diego Novak,rs SRB,FW,Atalanta,it Serie A,27,1996,15.4,552,688,80.2,11928,4422,287,327,87.8,255,291,87.6,28,70,40.0,0,0.0,0.0,0.0,8,43,9,3,31,Matches
2207,Jonas Yamamoto,hr CRO,"MF,FW",Cremonese,it Serie A,28,1995,13.4,677,772,87.7,12561,3743,361,408,88.5,264,313,84.3,22,51,43.1,3,4.1,4.7,-1.1,15,74,26,3,65,Matches
2208,Théo Müller,hr CRO,"DF,MF",Sassuolo,it Serie A,27,1996,7.0,280,349,80.2,5198,2388,136,147,92.5,128,149,85.9,31,53,58.5,1,1.4,0.9,-0.4,7,42,9,2,27,Matches
2209,David Conti,dk DEN,"DF,MF",Roma,it Serie A,19,2004,23.2,755,920,82.1,15277,3368,314,351,89.5,321,358,89.7,110,211,52.1,7,7.3,7.9,-0.3,55,47,77,29,55,Matches
2210,Jonas Rossi,jp JPN,FW,Torino,it Serie A,27,1996,6.6,179,239,74.9,3491,1584,110,115,95.7,59,66,89.4,38,58,65.5,0,0.0,0.0,0.0,2,16,3,0,20,Matches
2211,João Nowak,jp JPN,"DF,MF",Bologna,it Serie A,31,1992,17.6,535,712,75.1,11970,2397,292,305,95.7,300,351,85.5,27,56,48.2,3,4.3,4.0,-1.3,28,47,32,8,25,Matches
2212,Samuel Girard,eng ENG,GK,Spezia,it Serie A,23,2000,4.4,200,288,69.4,4493,1481,127,137,92.7,69,73,94.5,55,78,70.5,0,0.0,0.3,0.0,4,20,4,2,20,Matches
2213,Lucas El Amrani,uy URU,MF,Spezia,it Serie A,25,1998,5.8,406,466,87.1,6698,2099,229,243,94.2,156,185,84.3,24,38,63.2,0,0.8,0.6,-0.8,2,46,2,0,51,Matches
2214,Samuel Lindqvist,fr FRA,DF,Torino,it Serie A,19,2004,4.7,226,308,73.4,3641,1252,132,146,90.4,108,127,85.0,18,35,51.4,0,0.0,0.0,0.0,2,25,3,1,20,Matches
2215,Samuel Tanaka,ma MAR,GK,Torino,it Serie A,23,2000,3.6,184,265,69.4,3936,1135,115,131,87.8,85,95,89.5,19,39,48.7,0,0.0,0.0,0.0,1,34,2,1,14,Matches
2216,Sota Barnes,pl POL,"MF,FW",Inter,it Serie A,25,1998,1.4,48,57,84.2,859,341,24,25,96.0,18,20,90.0,8,12,66.7,0,0.4,0.0,-0.4,1,5,1,0,4,Matches
2217,Connor Moreau,de GER,MF,Udinese,it Serie A,26,1997,13.1,604,631,95.7,13084,5336,224,257,87.2,171,199,85.9,116,175,66.3,2,1.5,1.2,0.5,23,85,31,6,41,Matches
2218,Lucas Horvat,co COL,DF,Juventus,it Serie A,20,2003,18.9,367,487,75.4,7132,2117,204,206,99.0,160,196,81.6,51,85,60.0,1,0.1,0.3,0.9,19,50,28,5,46,Matches
2219,Diego El Amrani,uy URU,DF,Empoli,it Serie A,24,1999,14.8,606,778,77.9,10465,3560,322,362,89.0,256,293,87.4,61,123,49.6,0,0.0,0.4,0.0,5,39,9,4,59,Matches
2220,Sergio Sánchez,us USA,"DF,MF",Napoli,it Serie A,22,2001,5.7,365,395,92.4,7085,2881,159,182,87.4,107,134,79.9,34,79,43.0,1,1.0,1.3,0.0,6,42,8,3,27,Matches
2221,David Cissé,jp JPN,FW,Juventus,it Serie A,25,1998,13.2,424,534,79.4,7264,2087,187,205,91.2,183,216,84.7,75,113,66.4,1,1.6,1.1,-0.6,8,35,12,4,24,Matches
2222,Andrés Gómez,jp JPN,GK,Roma,it Serie A,25,1998,4.9,354,475,74.5,6235,2338,236,243,97.1,185,194,95.4,25,38,65.8,1,2.0,1.8,-1.0,3,33,4,2,19,Matches
2223,Bruno López,be BEL,DF,Atalanta,it Serie A,25,1998,27.9,1079,1298,83.1,21337,9199,525,606,86.6,517,578,89.4,66,114,57.9,0,1.1,1.2,-1.1,17,177,12,5,22,Matches
2224,Stefan Wagner,pl POL,DF,Bologna,it Serie A,20,2003,7.9,236,266,88.7,4142,1587,126,144,87.5,110,124,88.7,0,0,,0,0.0,0.0,0.0,5,27,8,4,32,Matches
2225,Samuel Andersson,uy URU,DF,Sassuolo,it Serie A,31,1992,9.6,347,459,75.6,5855,1206,210,218,96.3,191,209,91.4,23,32,71.9,0,0.1,0.0,-0.1,2,31,3,1,44,Matches
2226,Oscar Dubois,ma MAR,GK,Hellas Verona,it Serie A,30,1993,9.4,519,751,69.1,8789,2111,371,379,97.9,268,289,92.7,41,83,49.4,0,0.6,0.4,-0.6,4,36,3,1,52,Matches
2227,Daniel Horvat,dk DEN,GK,Hellas Verona,it Serie A,28,1995,1.2,56,75,74.7,1269,620,31,33,93.9,22,24,91.7,9,18,50.0,0,0.0,0.4,0.0,1,7,1,1,1,Matches
2228,Lucas Wagner,at AUT,FW,Napoli,it Serie A,21,2002,8.6,315,437,72.1,7214,1515,192,215,89.3,156,180,86.7,23,42,54.8,1,2.6,3.1,-1.6,3,22,5,0,30,Matches
2229,Stefan Nielsen,sn SEN,FW,Fiorentina,it Serie A,27,1996,9.3,391,506,77.3,8526,3085,165,165,100.0,135,162,83.3,95,179,53.1,0,0.0,0.0,0.0,14,28,33,2,32,Matches
2230,Ryan Laurent,pt POR,"DF,FW",Hellas Verona,it Serie A,28,1995,10.0,223,313,71.2,4229,1378,117,125,93.6,115,129,89.1,35,59,59.3,0,0.0,0.0,0.0,10,18,18,5,16,Matches
2231,Thomas Martínez,de GER,MF,Roma,it Serie A,29,1994,6.1,345,366,94.3,6874,2357,137,151,90.7,149,159,93.7,36,56,64.3,0,0.1,0.0,-0.1,10,37,8,4,50,Matches
2232,Karim López,fr FRA,"MF,FW",Udinese,it Serie A,27,1996,7.7,387,464,83.4,7861,2501,211,214,98.6,146,177,82.5,49,73,67.1,0,0.1,0.7,-0.1,8,44,13,0,61,Matches
2233,Callum Gómez,ch SUI,DF,Torino,it Serie A,24,1999,13.1,649,843,77.0,9491,2688,314,360,87.2,250,295,84.7,80,188,42.6,1,0.7,0.7,0.3,15,38,27,0,67,Matches
2234,Luca Larsen,sn SEN,FW,Empoli,it Serie A,24,1999,14.9,266,365,72.9,4949,2218,164,176,93.2,141,156,90.4,18,33,54.5,0,2.2,2.0,-2.2,2,27,3,1,21,Matches
2235,Callum Rizzo,pt POR,DF,Napoli,it Serie A,23,2000,7.0,250,311,80.4,4208,1761,137,146,93.8,95,112,84.8,37,53,69.8,0,1.4,1.7,-1.4,1,24,1,0,35,Matches
2236,Finn Müller,co COL,DF,Lecce,it Serie A,22,2001,6.2,133,180,73.9,2609,1050,78,85,91.8,60,70,85.7,13,25,52.0,0,1.0,1.3,-1.0,0,12,0,0,16,Matches
2237,Leo Bakker,ar ARG,"FW,MF",Lecce,it Serie A,28,1995,2.9,166,197,84.3,3411,1135,89,91,97.8,66,77,85.7,20,29,69.0,0,1.2,1.3,-1.2,8,22,13,4,10,Matches
2238,Oscar Wright,pt POR,"DF,MF",Udinese,it Serie A,23,2000,4.4,208,223,93.3,3461,1546,96,110,87.3,69,76,90.8,16,37,43.2,1,0.0,0.8,1.0,11,11,17,2,16,Matches
2239,Stefan Horvat,hr CRO,"DF,MF",Udinese,it Serie A,22,2001,7.8,406,439,92.5,8528,2095,197,197,100.0,121,146,82.9,56,96,58.3,0,0.5,0.5,-0.5,4,42,5,2,22,Matches
2240,Mason Rossi,eng ENG,DF,Empoli,it Serie A,24,1999,12.1,468,605,77.4,9714,3789,277,309,89.6,214,255,83.9,26,41,63.4,1,0.7,1.1,0.3,5,30,7,2,22,Matches
2241,Karim Clarke,ar ARG,"DF,MF",Lazio,it Serie A,29,1994,6.1,303,376,80.6,5534,2453,211,223,94.6,153,175,87.4,0,0,,1,0.3,0.0,0.7,2,47,4,1,47,Matches
2242,Daniel Schmidt,es ESP,"MF,FW",Torino,it Serie A,28,1995,7.9,399,444,89.9,8362,2973,152,170,89.4,139,169,82.2,62,105,59.0,2,1.8,2.0,0.2,23,27,27,10,24,Matches
2243,Lucas Santos,de GER,MF,Lecce,it Serie A,22,2001,12.3,403,501,80.4,7823,2883,223,236,94.5,163,177,92.1,43,88,48.9,1,1.9,2.3,-0.9,19,28,21,6,5,Matches
2244,Marco Costa,pt POR,DF,Fiorentina,it Serie A,17,2006,2.3,136,169,80.5,2328,872,77,83,92.8,45,56,80.4,17,30,56.7,0,0.0,0.0,0.0,1,7,1,0,13,Matches
2245,Diego Rossi,jp JPN,"MF,FW",Hellas Verona,it Serie A,22,2001,3.2,161,178,90.4,3339,989,67,75,89.3,55,61,90.2,20,42,47.6,0,0.0,0.1,0.0,2,17,3,0,9,Matches
2246,Owen Santos,dk DEN,"MF,DF",Lazio,it Serie A,30,1993,8.9,391,467,83.7,8018,1814,173,199,86.9,133,138,96.4,60,130,46.2,2,2.3,2.3,-0.3,15,38,20,5,34,Matches
2247,Liam Fischer,pl POL,"DF,MF",Napoli,it Serie A,28,1995,10.5,734,867,84.7,14408,5960,435,490,88.8,390,419,93.1,0,0,,5,7.3,7.3,-2.3,17,107,20,2,87,Matches
2248,João Petit,se SWE,GK,Spezia,it Serie A,25,1998,5.1,213,296,72.0,3393,1044,142,161,88.2,99,114,86.8,12,21,57.1,0,1.1,0.3,-1.1,1,16,2,0,9,Matches
2249,Nicolas Costa,se SWE,"DF,MF",Fiorentina,it Serie A,29,1994,25.5,1263,1479,85.4,28617,8817,573,672,85.3,492,497,99.0,228,310,73.5,0,0.7,0.6,-0.7,20,148,34,5,146,Matches
2250,Owen Lindqvist,be BEL,"DF,MF",Lazio,it Serie A,35,1988,4.6,152,205,74.1,3472,1228,84,93,90.3,60,62,96.8,34,50,68.0,0,0.6,1.2,-0.6,9,23,17,1,12,Matches
2251,Ibrahim Horvat,eng ENG,DF,Roma,it Serie A,22,2001,21.6,399,519,76.9,6891,2162,231,253,91.3,126,160,78.8,67,106,63.2,0,0.0,0.1,0.0,7,53,9,3,33,Matches
2252,Nicolas Clarke,de GER,MF,Milan,it Serie A,35,1988,10.3,608,689,88.2,10430,3854,290,307,94.5,235,274,85.8,62,108,57.4,1,0.9,0.5,0.1,3,92,5,1,46,Matches
2253,Andrés Kovač,ar ARG,GK,Bologna,it Serie A,22,2001,5.3,284,404,70.3,5598,2232,171,186,91.9,114,148,77.0,38,70,54.3,1,2.1,2.3,-1.1,7,47,10,1,6,Matches
2254,Elias Santos,jp JPN,MF,Fiorentina,it Serie A,30,1993,7.7,307,364,84.3,5020,1769,167,182,91.8,109,120,90.8,34,62,54.8,0,0.0,0.4,0.0,5,18,6,1,9,Matches
2255,Viktor Greco,nl NED,GK,Spezia,it Serie A,31,1992,1.6,92,108,85.2,1630,604,40,44,90.9,35,38,92.1,14,26,53.8,0,0.6,0.4,-0.6,1,5,1,1,11,Matches
2256,Pedro Kowalski,hr CRO,"MF,FW",Inter,it Serie A,26,1997,10.7,470,529,88.8,9465,3011,195,211,92.4,132,155,85.2,102,163,62.6,2,0.0,0.2,2.0,16,38,14,0,46,Matches
2257,Elias Pereira,hr CRO,GK,Milan,it Serie A,27,1996,7.9,348,448,77.7,7586,2123,172,194,88.7,161,176,91.5,42,78,53.8,2,2.6,3.3,-0.6,8,27,7,4,31,Matches
2258,Nicolas Schmidt,at AUT,FW,Hellas Verona,it Serie A,31,1992,18.2,374,513,72.9,8143,3221,204,238,85.7,158,187,84.5,73,88,83.0,0,0.8,0.8,-0.8,5,52,7,1,37,Matches
2259,Sota Petit,ch SUI,DF,Lazio,it Serie A,26,1997,8.9,370,455,81.3,7468,2543,186,203,91.6,165,186,88.7,35,66,53.0,0,0.8,0.6,-0.8,7,19,6,4,64,Matches
2260,Thomas Novak,uy URU,GK,Salernitana,it Serie A,31,1992,14.1,667,810,82.3,14960,5997,308,338,91.1,319,381,83.7,39,91,42.9,1,1.0,0.4,0.0,6,54,13,1,84,Matches
2261,Adam Conti,se SWE,"MF,DF",Torino,it Serie A,30,1993,7.4,340,413,82.3,6707,2228,226,246,91.9,120,142,84.5,17,25,68.0,0,0.6,0.2,-0.6,4,35,8,0,24,Matches
2262,Leo Larsen,eng ENG,FW,Hellas Verona,it Serie A,27,1996,9.7,318,363,87.6,4818,1054,153,162,94.4,110,119,92.4,48,82,58.5,0,0.3,0.4,-0.3,5,27,4,1,13,Matches
2263,Milan Conti,es ESP,FW,Sampdoria,it Serie A,31,1992,0.8,29,39,74.4,525,180,17,17,100.0,15,17,88.2,3,5,60.0,0,0.0,0.1,0.0,0,3,0,0,3,Matches
2264,Pablo Martínez,hr CRO,MF,Bologna,it Serie A,30,1993,3.9,217,241,90.0,3487,651,78,84,92.9,82,82,100.0,37,75,49.3,0,0.0,0.0,0.0,2,27,3,1,21,Matches
2265,Nicolas Pereira,fr FRA,"MF,DF",Sampdoria,it Serie A,27,1996,5.3,340,405,84.0,6956,2697,185,199,93.0,122,136,89.7,45,70,64.3,0,0.0,0.0,0.0,14,23,25,5,59,Matches
2266,Maxime Martínez,nl NED,DF,Cremonese,it Serie A,23,2000,22.7,651,844,77.1,12483,5115,302,360,83.9,262,322,81.4,97,162,59.9,1,1.4,1.2,-0.4,8,39,13,3,103,Matches
2267,Mason Hughes,sn SEN,"MF,FW",Monza,it Serie A,26,1997,3.5,140,169,82.8,2335,790,83,89,93.3,51,58,87.9,11,22,50.0,1,0.1,0.1,0.9,9,14,6,3,17,Matches
2268,Jonas Hansen,se SWE,DF,Spezia,it Serie A,27,1996,10.6,384,584,65.8,8424,3448,233,273,85.3,195,230,84.8,51,81,63.0,1,0.0,0.1,1.0,15,23,19,4,21,Matches
2269,Lucas Horvat,hr CRO,DF,Lazio,it Serie A,20,2003,2.6,80,111,72.1,1411,555,41,46,89.1,38,45,84.4,13,20,65.0,1,1.0,1.3,0.0,1,6,1,0,9,Matches
2270,Anton Doyle,fr FRA,MF,Udinese,it Serie A,28,1995,6.3,390,431,90.5,9314,3481,105,111,94.6,165,189,87.3,57,131,43.5,3,2.8,2.6,0.2,14,41,22,4,14,Matches
2271,Youssef Fischer,dk DEN,DF,Inter,it Serie A,25,1998,2.9,117,157,74.5,2269,615,50,57,87.7,71,74,95.9,17,26,65.4,0,0.4,1.0,-0.4,2,7,3,1,9,Matches
2272,Noah Larsen,hr CRO,GK,Empoli,it Serie A,26,1997,8.4,345,495,69.7,6995,2389,266,288,92.4,201,230,87.4,0,0,,0,0.0,0.3,0.0,4,31,6,1,36,Matches
2273,Finn Conti,nl NED,MF,Monza,it Serie A,31,1992,19.7,976,1194,81.7,20198,6462,397,457,86.9,323,379,85.2,146,358,40.8,5,5.8,5.0,-0.8,74,137,89,26,90,Matches
2274,Omar Moreau,sn SEN,FW,Milan,it Serie A,23,2000,2.9,94,134,70.1,1763,543,61,65,93.8,54,56,96.4,6,13,46.2,0,0.0,0.0,0.0,1,8,1,0,11,Matches
2275,Jonas Horvat,rs SRB,DF,Fiorentina,it Serie A,24,1999,0.3,8,10,80.0,168,62,4,4,100.0,2,3,66.7,2,3,66.7,0,0.0,0.0,0.0,0,1,0,0,1,Matches
2276,Youssef Doyle,it ITA,MF,Inter,it Serie A,21,2002,7.0,284,291,97.6,5821,1853,150,157,95.5,93,103,90.3,17,31,54.8,2,1.8,1.5,0.2,11,16,12,0,30,Matches
2277,Youssef Greco,se SWE,DF,Torino,it Serie A,21,2002,7.2,150,200,75.0,3057,1422,73,81,90.1,46,57,80.7,40,62,64.5,0,0.0,0.0,0.0,3,13,4,2,13,Matches
2278,Karim Horvat,pl POL,DF,Torino,it Serie A,31,1992,8.1,239,266,89.8,5617,1806,110,120,91.7,85,91,93.4,33,55,60.0,1,0.5,0.6,0.5,6,25,5,2,29,Matches
2279,Nuno Schmidt,fr FRA,DF,Fiorentina,it Serie A,23,2000,31.7,744,995,74.8,15532,6004,421,442,95.2,306,337,90.8,129,216,59.7,0,0.5,0.5,-0.5,10,68,15,6,73,Matches
2280,Viktor Andersson,no NOR,GK,Sampdoria,it Serie A,26,1997,8.7,422,644,65.5,6369,2067,351,351,100.0,264,303,87.1,0,0,,1,1.2,1.9,-0.2,6,31,9,1,45,Matches
2281,Oscar Greco,jp JPN,FW,Cremonese,it Serie A,17,2006,3.2,134,177,75.7,3308,1467,68,77,88.3,57,66,86.4,23,34,67.6,0,0.0,0.3,0.0,1,13,1,1,6,Matches
2282,Diego Diallo,us USA,FW,Spezia,it Serie A,25,1998,23.2,1004,1293,77.6,21677,4191,606,656,92.4,434,493,88.0,77,144,53.5,1,0.0,0.2,1.0,13,182,21,6,57,Matches
2283,Elias El Amrani,sn SEN,"DF,MF",Atalanta,it Serie A,16,2007,4.6,205,257,79.8,4339,1109,124,141,87.9,84,93,90.3,8,23,34.8,1,0.0,0.1,1.0,2,26,2,0,19,Matches
2284,Milan Silva,dk DEN,"DF,MF",Juventus,it Serie A,21,2002,16.1,702,845,83.1,11870,4606,339,355,95.5,328,366,89.6,73,124,58.9,0,0.7,0.7,-0.7,3,87,4,0,66,Matches
2285,Noah Silva,ch SUI,MF,Torino,it Serie A,24,1999,4.2,159,178,89.3,3269,1075,71,81,87.7,39,47,83.0,32,50,64.0,1,1.8,2.5,-0.8,11,17,15,0,12,Matches
2286,Théo Diallo,be BEL,DF,Lazio,it Serie A,28,1995,1.9,48,64,75.0,829,319,26,28,92.9,17,19,89.5,9,17,52.9,0,2.2,1.5,-2.2,1,5,2,0,5,Matches
2287,Mateo El Amrani,rs SRB,"DF,MF",Cremonese,it Serie A,24,1999,12.7,571,632,90.3,9341,3459,205,220,93.2,161,190,84.7,138,222,62.2,1,0.7,0.5,0.3,14,109,12,0,56,Matches
2288,Javier Traoré,de GER,DF,Bologna,it Serie A,24,1999,5.9,123,165,74.5,2379,961,71,77,92.2,48,54,88.9,15,34,44.1,1,1.6,1.5,-0.6,6,12,5,3,10,Matches
2289,Hugo Costa,de GER,MF,Monza,it Serie A,27,1996,14.6,461,568,81.2,10848,3463,272,291,93.5,220,245,89.8,21,32,65.6,3,2.4,2.3,0.6,19,16,38,3,72,Matches
2290,Connor Nowak,be BEL,"MF,DF",Atalanta,it Serie A,28,1995,2.8,97,114,85.1,1867,673,47,51,92.2,29,36,80.6,21,27,77.8,0,1.0,1.1,-1.0,7,12,5,4,9,Matches
2291,Jonas Fischer,ar ARG,DF,Lazio,it Serie A,16,2007,3.4,143,193,74.1,2583,883,57,70,81.4,65,86,75.6,22,37,59.5,0,1.5,1.3,-1.5,3,15,3,2,2,Matches
2292,Oscar Petit,nl NED,FW,Roma,it Serie A,18,2005,35.7,1789,2302,77.7,38149,14460,851,1029,82.7,799,938,85.2,229,335,68.4,2,1.3,0.6,0.7,37,194,84,4,197,Matches
2293,Karim Sánchez,no NOR,DF,Bologna,it Serie A,29,1994,6.2,236,272,86.8,4299,1274,109,119,91.6,53,63,84.1,31,90,34.4,0,0.0,0.0,0.0,4,29,9,1,23,Matches
2294,Ryan Kowalski,pt POR,MF,Inter,it Serie A,26,1997,18.4,827,1007,82.1,19943,9832,476,503,94.6,200,237,84.4,152,267,56.9,2,0.9,1.3,1.1,6,73,6,0,89,Matches
2295,Marco Schmidt,us USA,FW,Sassuolo,it Serie A,25,1998,12.0,619,708,87.4,14948,6676,321,357,89.9,249,296,84.1,29,55,52.7,0,0.0,0.1,0.0,2,89,2,1,45,Matches
2296,Emil Ndiaye,br BRA,DF,Spezia,it Serie A,33,1990,9.2,238,327,72.8,4360,1250,179,188,95.2,140,145,96.6,0,0,,2,1.1,0.4,0.9,8,19,9,3,11,Matches
2297,Leo Traoré,no NOR,"MF,DF",Hellas Verona,it Serie A,22,2001,15.0,324,405,80.0,6332,1967,168,188,89.4,136,164,82.9,26,53,49.1,0,0.2,0.3,-0.2,1,46,2,1,27,Matches
2298,Javier Traoré,fr FRA,MF,Empoli,it Serie A,24,1999,3.8,164,188,87.2,2898,957,66,78,84.6,53,65,81.5,23,45,51.1,1,1.7,1.8,-0.7,3,22,4,0,17,Matches
2299,Antoine Dubois,fr FRA,DF,Monza,it Serie A,20,2003,1.5,49,61,80.3,1019,352,23,24,95.8,24,25,96.0,8,12,66.7,0,0.9,0.4,-0.9,0,8,0,0,4,Matches
2300,Samuel López,jp JPN,GK,Roma,it Serie A,27,1996,6.6,414,573,72.3,8069,1890,262,283,92.6,178,206,86.4,36,84,42.9,0,0.0,0.2,0.0,3,43,2,1,41,Matches
2301,Bruno Costa,be BEL,"MF,FW",Roma,it Serie A,27,1996,0.9,39,42,92.9,640,211,13,15,86.7,13,14,92.9,6,13,46.2,0,1.1,1.0,-1.1,1,4,2,1,3,Matches
2302,Jonas Nielsen,eng ENG,MF,Inter,it Serie A,30,1993,16.7,829,913,90.8,18047,4642,364,393,92.6,316,371,85.2,110,149,73.8,3,1.6,1.2,1.4,19,84,34,10,85,Matches
2303,Mason Hansen,us USA,"MF,DF",Napoli,it Serie A,28,1995,7.3,378,439,86.1,8956,2398,212,245,86.5,99,121,81.8,39,73,53.4,1,3.0,2.8,-2.0,5,43,6,2,31,Matches
2304,Thomas Byrne,pt POR,MF,Spezia,it Serie A,26,1997,4.8,230,268,85.8,3780,1335,88,103,85.4,99,124,79.8,21,41,51.2,0,1.3,0.8,-1.3,2,12,4,1,27,Matches
2305,Hugo Gómez,co COL,DF,Hellas Verona,it Serie A,33,1990,12.7,408,638,63.9,7191,2037,275,280,98.2,238,275,86.5,41,83,49.4,2,2.7,2.8,-0.7,8,47,12,2,46,Matches
2306,Lucas Dubois,be BEL,MF,Sassuolo,it Serie A,33,1990,10.6,351,481,73.0,6758,2218,227,257,88.3,194,217,89.4,4,7,57.1,1,0.0,0.8,1.0,5,49,14,2,22,Matches
2307,Youssef Traoré,co COL,DF,Lazio,it Serie A,19,2004,5.8,172,252,68.3,3365,1298,97,105,92.4,90,109,82.6,27,38,71.1,0,0.0,0.2,0.0,4,16,6,3,13,Matches
2308,Antoine Walsh,nl NED,"MF,DF",Empoli,it Serie A,21,2002,9.3,528,629,83.9,11960,4963,293,300,97.7,208,236,88.1,59,93,63.4,1,2.8,2.0,-1.8,9,55,14,2,30,Matches
2309,Leo Larsen,rs SRB,FW,Salernitana,it Serie A,23,2000,10.0,197,267,73.8,4252,1425,143,155,92.3,92,107,86.0,3,5,60.0,0,0.5,0.2,-0.5,4,22,6,2,8,Matches
2310,Bruno Gómez,ch SUI,FW,Juventus,it Serie A,20,2003,15.8,461,605,76.2,8623,3501,254,266,95.5,257,290,88.6,28,49,57.1,1,1.0,1.6,0.0,9,61,6,5,31,Matches
2311,Pablo Nielsen,de GER,DF,Juventus,it Serie A,32,1991,15.9,532,673,79.0,10159,3077,271,304,89.1,227,258,88.0,68,111,61.3,0,0.0,0.4,0.0,3,37,3,1,54,Matches
2312,Marco Murphy,nl NED,FW,Torino,it Serie A,28,1995,11.5,629,805,78.1,14378,4730,393,402,97.8,326,379,86.0,14,24,58.3,1,1.4,2.5,-0.4,10,58,10,1,50,Matches
2313,Erik Rizzo,pl POL,"DF,MF",Hellas Verona,it Serie A,24,1999,0.9,28,35,80.0,609,130,15,17,88.2,13,15,86.7,2,3,66.7,0,0.0,0.6,0.0,1,2,1,0,1,Matches
2314,Yusuf Becker,at AUT,MF,Napoli,it Serie A,21,2002,8.4,489,610,80.2,9183,3088,226,239,94.6,233,287,81.2,58,84,69.0,0,1.2,0.9,-1.2,4,61,5,0,37,Matches
2315,Stefan Bakker,at AUT,GK,Fiorentina,it Serie A,24,1999,4.4,236,347,68.0,4075,1346,148,166,89.2,156,174,89.7,4,7,57.1,0,0.0,0.0,0.0,2,20,4,1,25,Matches
2316,Pablo Clarke,rs SRB,MF,Napoli,it Serie A,24,1999,5.9,283,343,82.5,5400,1701,147,158,93.0,121,146,82.9,26,39,66.7,0,0.2,0.0,-0.2,6,38,7,1,37,Matches
2317,Elias Diallo,es ESP,DF,Lecce,it Serie A,20,2003,3.3,118,147,80.3,2021,648,60,65,92.3,47,58,81.0,20,24,83.3,0,1.1,1.6,-1.1,2,13,3,1,9,Matches
2318,Erik Wright,at AUT,DF,Torino,it Serie A,23,2000,0.9,38,52,73.1,695,228,23,24,95.8,19,22,86.4,4,6,66.7,0,0.0,0.3,0.0,0,5,0,0,3,Matches
2319,Elias Berg,no NOR,DF,Hellas Verona,it Serie A,36,1987,6.7,216,304,71.1,4039,1359,141,154,91.6,95,107,88.8,30,43,69.8,1,1.8,2.4,-0.8,5,25,7,2,17,Matches
2320,Ibrahim Hughes,co COL,DF,Monza,it Serie A,31,1992,10.7,163,223,73.1,3419,897,97,106,91.5,69,91,75.8,14,26,53.8,1,0.8,1.3,0.2,2,21,3,1,15,Matches
2321,Mateo Santos,ar ARG,"DF,MF",Bologna,it Serie A,26,1997,9.0,238,287,82.9,4832,1648,122,137,89.1,109,112,97.3,23,38,60.5,0,0.0,0.1,0.0,10,19,18,3,11,Matches
2322,Callum Fischer,us USA,FW,Inter,it Serie A,29,1994,6.3,133,176,75.6,2484,816,64,74,86.5,52,62,83.9,20,40,50.0,0,0.0,0.6,0.0,3,15,3,2,10,Matches
2323,Felix Doyle,pt POR,MF,Salernitana,it Serie A,20,2003,24.4,1382,1687,81.9,26786,9097,662,711,93.1,568,618,91.9,208,358,58.1,4,0.9,0.4,3.1,33,115,34,24,67,Matches
2324,Marco Becker,de GER,DF,Hellas Verona,it Serie A,30,1993,9.9,376,429,87.6,7615,2632,179,179,100.0,115,150,76.7,75,100,75.0,0,0.0,0.0,0.0,2,57,3,0,36,Matches
2325,Mateo Rizzo,es ESP,DF,Lazio,it Serie A,26,1997,27.8,805,1059,76.0,16425,6922,392,427,91.8,353,401,88.0,142,231,61.5,0,0.4,0.0,-0.4,12,97,15,7,74,Matches
2326,Ibrahim Sánchez,ch SUI,DF,Monza,it Serie A,25,1998,17.0,645,842,76.6,12435,4715,337,365,92.3,292,329,88.8,94,148,63.5,2,2.8,2.6,-0.8,9,62,17,2,100,Matches
2327,Noah Wagner,us USA,FW,Udinese,it Serie A,20,2003,8.3,183,236,77.5,3767,1552,117,125,93.6,53,67,79.1,31,44,70.5,1,1.0,0.0,0.0,5,22,3,2,16,Matches
2328,Iker Silva,rs SRB,"MF,FW",Milan,it Serie A,31,1992,9.6,499,684,73.0,11029,3968,361,402,89.8,236,260,90.8,12,22,54.5,1,2.1,2.0,-1.1,21,44,28,3,43,Matches
2329,Sota Pereira,fr FRA,FW,Monza,it Serie A,26,1997,2.5,79,104,76.0,1610,626,38,42,90.5,32,38,84.2,17,24,70.8,0,4.3,4.6,-4.3,1,6,1,1,5,Matches
2330,Daniel Wright,sn SEN,DF,Lazio,it Serie A,28,1995,15.0,401,519,77.3,8233,2980,226,244,92.6,142,168,84.5,66,107,61.7,2,4.9,4.9,-2.9,5,35,5,2,22,Matches
2331,Nicolas Schmidt,us USA,"MF,FW",Monza,it Serie A,26,1997,7.6,290,342,84.8,7049,1664,127,147,86.4,121,137,88.3,39,58,67.2,0,0.0,0.0,0.0,3,18,4,1,26,Matches
2332,Andrés Bakker,dk DEN,DF,Hellas Verona,it Serie A,29,1994,4.8,117,165,70.9,1998,583,64,70,91.4,51,56,91.1,27,39,69.2,0,0.0,0.0,0.0,1,11,2,0,12,Matches
2333,João Ferrari,fr FRA,FW,Milan,it Serie A,28,1995,14.0,391,500,78.2,7671,3552,170,185,91.9,154,175,88.0,68,140,48.6,0,0.2,0.8,-0.2,4,53,6,1,50,Matches
2334,Liam Byrne,ma MAR,MF,Udinese,it Serie A,21,2002,10.4,518,622,83.3,9932,2006,261,297,87.9,219,255,85.9,32,70,45.7,0,2.6,2.0,-2.6,1,72,1,0,59,Matches
2335,Théo Laurent,co COL,"DF,MF",Fiorentina,it Serie A,21,2002,5.8,300,348,86.2,6669,1919,117,123,95.1,91,101,90.1,63,124,50.8,0,0.3,0.4,-0.3,5,46,7,2,25,Matches
2336,Callum Rizzo,hr CRO,GK,Spezia,it Serie A,29,1994,3.6,149,195,76.4,2404,573,72,78,92.3,63,75,84.0,22,42,52.4,1,0.0,0.3,1.0,1,20,1,0,9,Matches
2337,Diego Novak,rs SRB,"MF,FW",Spezia,it Serie A,24,1999,11.5,661,674,98.1,13728,5010,304,332,91.6,176,205,85.9,52,137,38.0,2,2.5,1.7,-0.5,7,68,9,3,51,Matches
2338,Andrés Santos,uy URU,MF,Lecce,it Serie A,23,2000,1.7,83,97,85.6,1746,623,44,45,97.8,36,41,87.8,7,11,63.6,0,0.9,1.0,-0.9,2,15,3,0,5,Matches
2339,Jordan Kovač,jp JPN,FW,Torino,it Serie A,33,1990,12.1,413,548,75.4,8834,3094,206,224,92.0,173,197,87.8,75,127,59.1,0,0.0,0.0,0.0,9,39,13,3,37,Matches
2340,Emil Girard,nl NED,"DF,MF",Lecce,it Serie A,23,2000,4.2,189,254,74.4,4008,1476,111,116,95.7,54,67,80.6,37,71,52.1,3,3.4,3.3,-0.4,10,20,11,4,24,Matches
2341,Youssef Lindqvist,dk DEN,MF,Lazio,it Serie A,29,1994,13.2,564,635,88.8,10722,2920,327,339,96.5,163,186,87.6,51,110,46.4,0,0.0,0.1,0.0,12,50,18,5,52,Matches
2342,Oscar Hughes,de GER,DF,Atalanta,it Serie A,25,1998,17.4,539,747,72.2,10740,3019,339,390,86.9,294,341,86.2,10,16,62.5,1,1.7,1.8,-0.7,5,71,7,2,69,Matches
2343,Javier Martínez,be BEL,DF,Empoli,it Serie A,21,2002,10.9,276,348,79.3,5165,1994,128,142,90.1,137,158,86.7,31,48,64.6,0,0.6,1.0,-0.6,2,24,3,0,20,Matches
2344,Lucas Horvat,fr FRA,"FW,MF",Juventus,it Serie A,29,1994,27.8,1200,1437,83.5,20098,3690,567,602,94.2,381,490,77.8,169,345,49.0,6,7.2,7.1,-1.2,36,111,59,16,92,Matches
2345,Thomas Tanaka,co COL,DF,Monza,it Serie A,33,1990,11.6,382,445,85.8,7106,2575,134,147,91.2,179,225,79.6,49,73,67.1,0,0.6,1.0,-0.6,2,31,3,1,30,Matches
2346,Pablo Greco,be BEL,MF,Juventus,it Serie A,28,1995,5.8,292,319,91.5,5033,2520,151,159,95.0,127,155,81.9,4,5,80.0,0,0.0,0.0,0.0,2,14,2,0,40,Matches
2347,João Pereira,no NOR,"MF,FW",Fiorentina,it Serie A,25,1998,5.3,241,268,89.9,5557,2006,119,130,91.5,91,105,86.7,16,33,48.5,1,2.4,2.3,-1.4,7,19,12,4,23,Matches
2348,Andrés Greco,es ESP,MF,Lazio,it Serie A,26,1997,5.3,204,226,90.3,4103,1459,106,114,93.0,47,52,90.4,31,60,51.7,0,1.3,1.0,-1.3,3,23,3,1,16,Matches
2349,Samuel Benali,ch SUI,DF,Sampdoria,it Serie A,20,2003,9.7,363,463,78.4,6721,2648,228,233,97.9,170,186,91.4,23,44,52.3,0,0.0,0.0,0.0,6,37,11,1,28,Matches
2350,Nicolas Cissé,br BRA,DF,Inter,it Serie A,30,1993,14.5,321,410,78.3,6788,2205,185,205,90.2,127,149,85.2,33,56,58.9,4,3.4,3.3,0.6,19,37,24,5,17,Matches
2351,Hugo Novak,at AUT,FW,Inter,it Serie A,22,2001,4.2,113,146,77.4,2272,950,51,53,96.2,54,68,79.4,14,25,56.0,0,0.0,0.0,0.0,3,8,4,2,6,Matches
2352,Ryan Yamamoto,ch SUI,MF,Lazio,it Serie A,19,2004,2.7,84,96,87.5,1760,546,34,39,87.2,29,33,87.9,17,24,70.8,0,0.9,1.7,-0.9,5,8,8,1,7,Matches
2353,Jonas Diallo,hr CRO,DF,Milan,it Serie A,26,1997,15.6,632,753,83.9,12186,4111,324,336,96.4,219,251,87.3,96,166,57.8,1,2.1,1.3,-1.1,12,49,24,4,55,Matches
2354,Nicolas Berg,de GER,MF,Sampdoria,it Serie A,30,1993,7.8,448,472,94.9,8344,2711,182,196,92.9,124,158,78.5,75,118,63.6,1,0.4,0.0,0.6,12,36,22,4,38,Matches
2355,Stefan Müller,be BEL,"DF,MF",Juventus,it Serie A,24,1999,17.4,1064,1236,86.1,23395,8959,536,600,89.3,368,476,77.3,80,160,50.0,1,1.6,1.6,-0.6,12,62,17,5,97,Matches
2356,Oscar Andersson,pt POR,DF,Cremonese,it Serie A,33,1990,13.8,491,570,86.1,11491,2772,221,267,82.8,213,235,90.6,35,68,51.5,1,1.2,0.3,-0.2,7,38,1,2,41,Matches
2357,Marco López,at AUT,MF,Inter,it Serie A,19,2004,3.9,198,226,87.6,4003,2013,107,120,89.2,50,52,96.2,34,54,63.0,2,3.1,3.4,-1.1,11,17,24,3,24,Matches
2358,Liam Becker,dk DEN,MF,Sampdoria,it Serie A,22,2001,7.6,252,319,79.0,5332,2206,138,154,89.6,115,127,90.6,23,38,60.5,2,1.9,1.9,0.1,10,26,13,7,22,Matches
2359,Mateo Barnes,ma MAR,FW,Sassuolo,it Serie A,28,1995,0.7,34,39,87.2,619,252,19,20,95.0,12,14,85.7,3,5,60.0,0,1.1,1.0,-1.1,0,3,0,0,3,Matches
2360,Andrés Fischer,pl POL,"DF,FW",Sassuolo,it Serie A,29,1994,15.2,686,930,73.8,12168,4014,362,387,93.5,355,403,88.1,73,140,52.1,1,0.0,0.0,1.0,6,41,8,1,62,Matches
2361,Nicolas Sánchez,jp JPN,DF,Inter,it Serie A,30,1993,11.0,133,195,68.2,2216,659,78,82,95.1,50,57,87.7,42,56,75.0,0,1.0,1.2,-1.0,5,14,6,2,13,Matches
2362,Diego Petit,at AUT,MF,Milan,it Serie A,31,1992,2.5,113,134,84.3,1767,560,68,71,95.8,56,64,87.5,0,0,,0,0.0,0.0,0.0,1,8,2,0,10,Matches
2363,Théo Novak,nl NED,"FW,DF",Spezia,it Serie A,28,1995,22.3,1165,1453,80.2,31526,12098,579,659,87.9,455,583,78.0,133,211,63.0,0,0.6,0.9,-0.6,6,158,11,2,57,Matches
2364,Iker Bianchi,sn SEN,DF,Fiorentina,it Serie A,33,1990,15.8,518,654,79.2,10455,3281,276,289,95.5,230,302,76.2,30,63,47.6,1,1.5,0.7,-0.5,6,36,9,2,46,Matches
2365,Liam Bakker,be BEL,FW,Hellas Verona,it Serie A,27,1996,4.8,175,219,79.9,3050,1218,82,88,93.2,82,96,85.4,19,35,54.3,0,0.0,0.2,0.0,3,23,2,2,11,Matches
2366,Felix Costa,de GER,DF,Spezia,it Serie A,26,1997,10.4,189,258,73.3,3881,1435,112,122,91.8,84,94,89.4,28,42,66.7,0,2.1,2.1,-2.1,2,23,3,1,19,Matches
2367,Noah Ferrari,ch SUI,DF,Atalanta,it Serie A,33,1990,9.9,573,789,72.6,10272,2605,275,324,84.9,274,315,87.0,70,150,46.7,0,0.0,0.2,0.0,3,69,3,0,54,Matches
2368,Jonas Kowalski,hr CRO,DF,Sampdoria,it Serie A,22,2001,12.2,435,610,71.3,9043,4303,285,292,97.6,207,252,82.1,38,66,57.6,1,1.1,0.5,-0.1,4,37,4,2,28,Matches
2369,Maxime Wagner,ar ARG,MF,Empoli,it Serie A,25,1998,5.7,229,248,92.3,4597,1050,106,113,93.8,94,105,89.5,16,30,53.3,1,1.4,0.8,-0.4,7,16,14,5,16,Matches
2370,Finn Larsen,it ITA,GK,Salernitana,it Serie A,22,2001,5.2,254,367,69.2,4347,1535,150,164,91.5,135,155,87.1,30,48,62.5,0,0.9,0.4,-0.9,7,37,10,4,11,Matches
2371,Owen El Amrani,hr CRO,"MF,DF",Lazio,it Serie A,19,2004,5.1,238,291,81.8,5064,1746,136,153,88.9,129,153,84.3,0,0,,1,1.3,1.8,-0.3,2,13,2,0,23,Matches
2372,Stefan Kowalski,be BEL,DF,Inter,it Serie A,22,2001,2.4,55,69,79.7,1134,368,31,35,88.6,24,27,88.9,4,7,57.1,0,0.0,0.6,0.0,1,4,1,0,6,Matches
2373,Owen Clarke,pl POL,MF,Sampdoria,it Serie A,31,1992,2.5,118,126,93.7,2602,937,54,61,88.5,38,46,82.6,11,19,57.9,0,1.4,1.7,-1.4,1,11,2,0,8,Matches
2374,Luca Nielsen,be BEL,FW,Sassuolo,it Serie A,20,2003,11.2,278,344,80.8,4651,1929,156,173,90.2,107,128,83.6,27,43,62.8,2,3.1,3.1,-1.1,14,46,18,5,30,Matches
2375,Julien Greco,co COL,"DF,MF",Fiorentina,it Serie A,25,1998,11.6,634,801,79.2,12606,3562,344,404,85.1,170,189,89.9,100,208,48.1,4,5.3,5.7,-1.3,28,108,44,8,50,Matches
2376,Thomas Fernández,no NOR,FW,Roma,it Serie A,32,1991,3.6,177,237,74.7,3471,1509,108,120,90.0,78,85,91.8,18,32,56.2,0,1.2,1.5,-1.2,1,23,2,0,16,Matches
2377,Viktor Pereira,dk DEN,"MF,FW",Empoli,it Serie A,22,2001,18.7,987,1128,87.5,15724,5513,439,513,85.6,378,427,88.5,108,188,57.4,0,0.0,0.0,0.0,5,117,9,1,89,Matches
2378,Adam Lindqvist,eng ENG,DF,Salernitana,it Serie A,27,1996,14.3,306,416,73.6,5712,2232,159,177,89.8,126,137,92.0,57,102,55.9,2,1.3,1.6,0.7,26,26,21,4,16,Matches
2379,Noah Andersson,hr CRO,"DF,MF",Spezia,it Serie A,32,1991,13.3,503,615,81.8,9963,3078,288,298,96.6,203,252,80.6,46,65,70.8,2,1.6,1.2,0.4,19,45,15,5,34,Matches
2380,Rafael Pereira,ch SUI,FW,Bologna,it Serie A,19,2004,2.8,133,151,88.1,2442,1215,52,56,92.9,47,53,88.7,15,42,35.7,1,0.0,0.3,1.0,5,11,8,2,13,Matches
2381,Nuno Petit,se SWE,FW,Monza,it Serie A,30,1993,23.2,530,796,66.6,10481,2893,348,383,90.9,258,325,79.4,63,88,71.6,2,2.6,2.9,-0.6,10,59,10,4,45,Matches
2382,Liam Petit,dk DEN,GK,Udinese,it Serie A,26,1997,13.1,781,1152,67.8,16233,5386,491,539,91.1,316,387,81.7,133,226,58.8,0,0.0,0.0,0.0,1,115,2,1,48,Matches
2383,Noah Walsh,eng ENG,FW,Sassuolo,it Serie A,19,2004,7.9,357,413,86.4,6312,2218,160,175,91.4,95,127,74.8,54,111,48.6,0,0.0,0.4,0.0,1,33,2,0,43,Matches
2384,Stefan Cissé,uy URU,DF,Inter,it Serie A,19,2004,2.0,69,87,79.3,1211,358,39,42,92.9,37,41,90.2,3,4,75.0,0,2.6,2.9,-2.6,1,8,1,0,9,Matches
2385,Viktor Larsen,ch SUI,GK,Fiorentina,it Serie A,27,1996,6.3,370,495,74.7,6485,2298,185,214,86.4,136,150,90.7,94,131,71.8,0,2.2,2.3,-2.2,2,30,3,0,37,Matches
2386,Liam Andersson,jp JPN,FW,Sampdoria,it Serie A,28,1995,14.8,482,621,77.6,10220,3065,295,327,90.2,147,165,89.1,87,129,67.4,4,4.0,4.5,0.0,25,61,23,10,28,Matches
2387,Erik Rossi,be BEL,DF,Roma,it Serie A,28,1995,3.7,150,188,79.8,3292,1673,99,104,95.2,70,84,83.3,0,0,,0,0.0,0.4,0.0,1,19,1,0,9,Matches
2388,Javier Lindqvist,it ITA,"DF,MF",Sampdoria,it Serie A,32,1991,8.2,315,381,82.7,7314,2687,177,201,88.1,75,94,79.8,43,86,50.0,1,0.4,0.0,0.6,19,30,33,6,27,Matches
2389,Ibrahim Weber,ma MAR,MF,Salernitana,it Serie A,24,1999,13.7,924,981,94.2,18277,7938,506,536,94.4,307,369,83.2,47,76,61.8,0,0.1,0.7,-0.1,18,32,33,9,83,Matches
2390,Finn Diallo,be BEL,DF,Sampdoria,it Serie A,24,1999,5.8,285,338,84.3,6062,1708,147,147,100.0,111,116,95.7,30,75,40.0,0,1.1,0.7,-1.1,8,24,12,6,28,Matches
2391,Mason Novak,ma MAR,MF,Milan,it Serie A,28,1995,5.2,179,216,82.9,2654,1034,83,91,91.2,84,95,88.4,14,30,46.7,1,0.2,0.4,0.8,11,12,7,3,6,Matches
2392,Théo Berg,nl NED,FW,Sampdoria,it Serie A,20,2003,1.6,79,92,85.9,1401,746,35,37,94.6,24,28,85.7,13,27,48.1,0,0.4,0.6,-0.4,2,9,3,1,10,Matches
2393,João Larsen,pl POL,"DF,FW",Torino,it Serie A,29,1994,18.8,686,918,74.7,12233,4299,350,387,90.4,258,311,83.0,126,220,57.3,1,0.0,0.0,1.0,5,79,6,2,49,Matches
2394,Théo Andersson,us USA,DF,Cremonese,it Serie A,33,1990,5.4,237,284,83.5,3635,1076,115,122,94.3,108,118,91.5,28,44,63.6,0,0.0,0.0,0.0,7,17,15,2,25,Matches
2395,Connor Becker,br BRA,DF,Bologna,it Serie A,21,2002,12.6,570,637,89.5,13766,6323,208,228,91.2,277,299,92.6,69,110,62.7,0,1.3,1.4,-1.3,7,66,12,4,49,Matches
2396,Lucas Pereira,ar ARG,DF,Milan,it Serie A,25,1998,17.5,269,335,80.3,4250,1165,131,137,95.6,124,136,91.2,42,62,67.7,2,0.4,0.9,1.6,15,26,26,8,28,Matches
2397,Samuel Tanaka,jp JPN,MF,Udinese,it Serie A,23,2000,8.6,456,526,86.7,8738,2685,234,235,99.6,129,152,84.9,77,139,55.4,0,0.2,0.3,-0.2,5,31,6,2,36,Matches
2398,Maxime Petit,no NOR,MF,Sampdoria,it Serie A,24,1999,11.0,414,526,78.7,9527,3197,175,200,87.5,210,226,92.9,52,100,52.0,0,0.0,0.1,0.0,4,37,7,1,21,Matches
2399,Pedro Becker,sn SEN,DF,Salernitana,it Serie A,21,2002,18.3,665,915,72.7,13807,3746,345,398,86.7,300,360,83.3,114,157,72.6,1,0.1,0.4,0.9,4,77,7,2,40,Matches
2400,Erik López,se SWE,DF,Inter,it Serie A,30,1993,4.6,129,192,67.2,2624,984,72,87,82.8,92,98,93.9,4,7,57.1,0,0.0,0.0,0.0,4,15,4,1,17,Matches
2401,Maxime Ferrari,at AUT,DF,Fiorentina,it Serie A,32,1991,2.6,62,83,74.7,1364,608,31,38,81.6,28,32,87.5,7,13,53.8,0,0.0,0.0,0.0,1,5,1,1,8,Matches
2402,Samuel Petit,pt POR,MF,Bologna,it Serie A,23,2000,5.5,314,378,83.1,6710,1649,144,158,91.1,139,146,95.2,29,74,39.2,0,0.4,0.5,-0.4,3,29,5,1,24,Matches
2403,Leo Lindqvist,pt POR,DF,Inter,it Serie A,17,2006,17.7,477,622,76.7,10650,5753,197,215,91.6,284,323,87.9,33,84,39.3,0,0.9,0.9,-0.9,10,62,8,5,41,Matches
2404,Julien Hoffmann,dk DEN,MF,Torino,it Serie A,27,1996,3.6,183,229,79.9,4461,1438,106,120,88.3,87,98,88.8,9,11,81.8,0,0.0,0.0,0.0,1,23,1,0,20,Matches
2405,Erik López,hr CRO,DF,Fiorentina,it Serie A,27,1996,1.9,72,89,80.9,1371,342,48,51,94.1,24,30,80.0,3,8,37.5,0,1.6,1.1,-1.6,1,8,2,0,4,Matches
2406,Takumi López,pt POR,MF,Fiorentina,it Serie A,26,1997,1.5,83,99,83.8,1476,333,39,44,88.6,37,41,90.2,12,14,85.7,0,0.0,0.0,0.0,1,9,1,0,11,Matches
2407,Takumi Greco,ar ARG,DF,Napoli,it Serie A,24,1999,2.7,58,77,75.3,1009,256,30,34,88.2,28,33,84.8,7,10,70.0,0,0.0,0.0,0.0,3,7,2,1,7,Matches
2408,Takumi Horvat,co COL,MF,Sassuolo,it Serie A,32,1991,8.5,287,322,89.1,4999,1609,126,132,95.5,131,144,91.0,24,46,52.2,1,0.9,0.5,0.1,10,36,10,2,30,Matches
2409,Iker Traoré,rs SRB,"MF,FW",Sassuolo,it Serie A,27,1996,19.3,873,913,95.6,16066,8106,437,447,97.8,266,323,82.4,78,143,54.5,2,1.1,1.3,0.9,21,61,23,9,76,Matches
2410,Stefan Nowak,se SWE,MF,Bologna,it Serie A,30,1993,8.3,198,250,79.2,3358,1126,61,69,88.4,78,90,86.7,59,91,64.8,6,7.1,7.5,-1.1,29,22,35,12,13,Matches
2411,Lucas Tanaka,se SWE,DF,Salernitana,it Serie A,24,1999,2.2,101,120,84.2,1687,359,47,52,90.4,29,40,72.5,16,28,57.1,0,0.0,0.0,0.0,2,8,2,1,2,Matches
2412,Oscar Rossi,ma MAR,"MF,DF",Atalanta,it Serie A,29,1994,14.7,906,1038,87.3,20642,9343,454,517,87.8,323,352,91.8,108,169,63.9,0,0.9,1.1,-0.9,17,32,25,7,81,Matches
2413,David Moreau,eng ENG,DF,Inter,it Serie A,21,2002,4.4,90,119,75.6,1581,368,54,58,93.1,41,48,85.4,9,13,69.2,0,0.0,0.3,0.0,1,7,1,0,9,Matches
2414,Erik Müller,dk DEN,GK,Udinese,it Serie A,29,1994,6.5,335,458,73.1,6022,1130,201,218,92.2,151,172,87.8,32,68,47.1,0,0.0,0.0,0.0,3,47,3,1,30,Matches
2415,Samuel Jansen,it ITA,MF,Inter,it Serie A,21,2002,0.7,32,39,82.1,730,245,22,24,91.7,12,14,85.7,1,1,100.0,0,0.0,0.5,0.0,1,4,2,0,3,Matches
2416,Sergio Doyle,no NOR,MF,Hellas Verona,it Serie A,27,1996,25.4,1152,1227,93.9,21858,9752,546,581,94.0,265,312,84.9,225,334,67.4,2,4.5,4.2,-2.5,19,166,29,7,109,Matches
2417,Maxime Kovač,pt POR,FW,Salernitana,it Serie A,22,2001,1.5,75,88,85.2,1708,740,40,41,97.6,25,28,89.3,10,19,52.6,0,0.0,0.0,0.0,0,12,0,0,6,Matches
2418,Hugo Hughes,eng ENG,FW,Empoli,it Serie A,25,1998,3.9,140,199,70.4,2463,964,112,118,94.9,80,91,87.9,0,0,,0,0.3,0.2,-0.3,2,14,2,1,11,Matches
2419,Noah El Amrani,hr CRO,"DF,MF",Monza,it Serie A,23,2000,9.9,452,514,87.9,8660,2367,223,245,91.0,193,239,80.8,16,30,53.3,1,0.9,0.5,0.1,9,62,16,3,18,Matches
2420,Emil Silva,us USA,"DF,MF",Milan,it Serie A,21,2002,11.3,385,481,80.0,9562,3561,220,242,90.9,130,152,85.5,59,87,67.8,0,0.6,0.5,-0.6,7,61,9,2,27,Matches
2421,Emil El Amrani,us USA,"DF,MF",Lazio,it Serie A,19,2004,9.4,353,444,79.5,7071,1284,170,170,100.0,172,224,76.8,28,50,56.0,0,0.0,0.0,0.0,3,47,3,2,14,Matches
2422,Emil Ferrari,es ESP,MF,Fiorentina,it Serie A,23,2000,29.6,1179,1381,85.4,21979,7246,509,588,86.6,357,453,78.8,126,340,37.1,2,0.7,0.8,1.3,43,154,50,12,133,Matches
2423,Javier Costa,br BRA,DF,Empoli,it Serie A,25,1998,4.6,102,147,69.4,2063,752,63,70,90.0,46,64,71.9,8,13,61.5,0,0.0,0.0,0.0,2,15,2,0,13,Matches
2424,Hugo Conti,sn SEN,DF,Spezia,it Serie A,25,1998,5.5,112,135,83.0,2452,787,51,51,100.0,51,59,86.4,14,25,56.0,0,1.0,1.7,-1.0,2,6,3,1,9,Matches
2425,Stefan Murphy,nl NED,MF,Sassuolo,it Serie A,25,1998,4.0,207,255,81.2,4526,1592,90,100,90.0,104,106,98.1,29,49,59.2,0,1.0,0.6,-1.0,2,6,3,1,17,Matches
2426,Erik Jansen,es ESP,GK,Inter,it Serie A,23,2000,5.7,315,469,67.2,6888,1665,175,179,97.8,170,191,89.0,51,99,51.5,0,0.0,0.0,0.0,1,23,1,0,20,Matches
2427,Liam Weber,us USA,FW,Atalanta,it Serie A,27,1996,3.8,141,170,82.9,2775,1181,83,93,89.2,73,86,84.9,0,0,,0,0.0,0.7,0.0,1,14,1,0,16,Matches
2428,Sergio Barnes,nl NED,"MF,FW",Juventus,it Serie A,25,1998,10.8,364,423,86.1,6432,2093,199,212,93.9,136,169,80.5,19,42,45.2,3,3.8,3.2,-0.8,20,48,26,6,46,Matches
2429,Callum López,rs SRB,"MF,FW",Sassuolo,it Serie A,25,1998,1.3,76,96,79.2,1343,433,36,37,97.3,37,42,88.1,11,17,64.7,0,0.0,0.4,0.0,2,4,2,1,7,Matches
2430,Diego Novak,br BRA,"MF,FW",Fiorentina,it Serie A,28,1995,17.7,593,778,76.2,12395,3656,407,438,92.9,299,351,85.2,0,0,,1,1.0,1.0,0.0,16,68,32,3,59,Matches
2431,Takumi Walsh,es ESP,"DF,MF",Bologna,it Serie A,23,2000,12.1,524,583,89.9,9630,3423,242,272,89.0,138,154,89.6,102,157,65.0,0,0.0,0.0,0.0,15,61,27,6,38,Matches
2432,Lucas Hansen,hr CRO,MF,Hellas Verona,it Serie A,31,1992,2.3,77,96,80.2,1305,361,40,42,95.2,25,31,80.6,12,23,52.2,0,0.0,0.0,0.0,1,9,1,0,6,Matches
2433,Rafael Nowak,nl NED,DF,Salernitana,it Serie A,28,1995,5.7,171,216,79.2,3371,728,97,104,93.3,74,95,77.9,13,17,76.5,1,2.5,2.5,-1.5,2,13,4,1,20,Matches
2434,Owen Berg,dk DEN,MF,Spezia,it Serie A,27,1996,35.6,1959,2494,78.5,31322,8935,918,1080,85.0,712,934,76.2,313,480,65.2,2,4.3,3.7,-2.3,16,204,18,0,276,Matches
2435,Liam Cissé,uy URU,"MF,FW",Spezia,it Serie A,30,1993,35.5,1402,1725,81.3,27971,7495,696,758,91.8,412,478,86.2,332,489,67.9,2,1.9,2.3,0.1,14,99,15,6,102,Matches
2436,Connor Nielsen,co COL,GK,Juventus,it Serie A,26,1997,3.3,179,272,65.8,3768,1818,100,107,93.5,73,84,86.9,56,81,69.1,0,0.6,0.0,-0.6,2,35,2,1,21,Matches
2437,Andrés Petit,no NOR,MF,Lazio,it Serie A,21,2002,10.4,369,448,82.4,7035,2401,163,182,89.6,168,193,87.0,36,73,49.3,0,0.5,0.8,-0.5,17,27,16,8,34,Matches
2438,Oscar Fernández,hr CRO,DF,Napoli,it Serie A,23,2000,9.5,379,493,76.9,6226,2283,179,213,84.0,169,193,87.6,52,87,59.8,0,0.6,1.4,-0.6,4,44,3,1,14,Matches
2439,Rafael Tanaka,es ESP,MF,Atalanta,it Serie A,26,1997,11.8,681,755,90.2,10231,2843,275,291,94.5,182,224,81.2,132,240,55.0,1,1.6,1.0,-0.6,15,54,24,6,57,Matches
2440,Mateo Costa,uy URU,"DF,FW",Torino,it Serie A,21,2002,13.6,634,748,84.8,10041,4788,361,372,97.0,237,264,89.8,72,112,64.3,0,0.0,0.0,0.0,9,59,13,3,53,Matches
2441,Viktor Weber,no NOR,DF,Salernitana,it Serie A,21,2002,10.5,397,483,82.2,5872,2284,226,237,95.4,130,168,77.4,31,78,39.7,0,0.0,0.3,0.0,19,40,10,5,60,Matches
2442,Javier Santos,es ESP,DF,Sassuolo,it Serie A,28,1995,17.2,494,624,79.2,10509,3596,285,331,86.1,219,278,78.8,7,15,46.7,1,0.9,1.1,0.1,12,43,21,2,65,Matches
2443,Liam Girard,it ITA,"MF,FW",Cremonese,it Serie A,30,1993,30.5,1454,1565,92.9,35500,10203,573,613,93.5,616,686,89.8,154,266,57.9,0,0.0,0.0,0.0,13,80,16,6,223,Matches
2444,Kevin Fernández,sn SEN,DF,Bologna,it Serie A,27,1996,4.7,141,179,78.8,2985,936,84,94,89.4,70,77,90.9,4,8,50.0,0,0.2,0.6,-0.2,2,13,1,0,19,Matches
2445,João Ndiaye,rs SRB,DF,Juventus,it Serie A,29,1994,13.7,364,474,76.8,6360,2822,248,282,87.9,185,238,77.7,0,0,,1,1.4,0.9,-0.4,4,37,5,1,33,Matches
2446,Rafael Barnes,eng ENG,"MF,FW",Hellas Verona,it Serie A,24,1999,15.5,795,883,90.0,15842,4280,338,372,90.9,238,270,88.1,167,241,69.3,0,0.0,0.0,0.0,4,42,5,0,75,Matches
2447,David El Amrani,pl POL,FW,Salernitana,it Serie A,28,1995,12.6,339,417,81.3,6926,2405,138,159,86.8,138,166,83.1,63,92,68.5,0,0.9,1.1,-0.9,2,46,3,1,36,Matches
2448,Rafael Santos,be BEL,MF,Udinese,it Serie A,28,1995,6.7,292,366,79.8,5668,2377,138,144,95.8,130,150,86.7,41,72,56.9,2,3.4,3.4,-1.4,11,31,22,6,22,Matches
2449,Leo Sánchez,ar ARG,DF,Inter,it Serie A,27,1996,1.1,37,46,80.4,657,202,22,24,91.7,15,18,83.3,3,4,75.0,0,0.0,0.0,0.0,0,3,0,0,2,Matches
2450,Anton Nielsen,jp JPN,MF,Hellas Verona,it Serie A,26,1997,4.0,240,262,91.6,4055,1569,116,128,90.6,90,98,91.8,25,36,69.4,1,0.9,0.4,0.1,8,17,11,3,22,Matches
2451,Kevin Barnes,dk DEN,MF,Inter,it Serie A,18,2005,4.1,163,219,74.4,3048,1224,99,106,93.4,71,77,92.2,21,36,58.3,0,2.2,1.2,-2.2,4,18,6,0,5,Matches
2452,Ibrahim Hansen,it ITA,MF,Sampdoria,it Serie A,26,1997,2.7,165,185,89.2,3744,1676,97,101,96.0,63,72,87.5,6,12,50.0,0,0.0,0.0,0.0,2,19,3,0,12,Matches
2453,Takumi Martínez,fr FRA,GK,Udinese,it Serie A,30,1993,6.1,315,434,72.6,5701,2084,172,192,89.6,145,166,87.3,55,76,72.4,0,0.3,0.6,-0.3,5,46,7,4,16,Matches
2454,Pedro Yamamoto,be BEL,FW,Fiorentina,it Serie A,26,1997,15.0,312,445,70.1,6588,2565,212,216,98.1,135,148,91.2,45,81,55.6,0,0.7,0.4,-0.7,5,10,7,1,19,Matches
2455,Leo Horvat,co COL,FW,Atalanta,it Serie A,23,2000,11.7,144,169,85.2,2210,584,86,91,94.5,58,69,84.1,5,9,55.6,0,0.6,1.4,-0.6,2,18,3,0,14,Matches
2456,Jonas Clarke,us USA,DF,Sampdoria,it Serie A,30,1993,7.0,256,357,71.7,5736,1673,154,160,96.2,133,155,85.8,21,42,50.0,1,2.0,1.5,-1.0,7,37,12,2,19,Matches
2457,Ryan Pereira,rs SRB,"MF,DF",Spezia,it Serie A,18,2005,6.7,225,289,77.9,4397,1749,111,133,83.5,94,103,91.3,33,53,62.3,0,0.1,0.0,-0.1,2,28,2,1,14,Matches
2458,Felix Wagner,es ESP,"DF,FW",Torino,it Serie A,23,2000,19.3,579,673,86.0,13574,4630,298,325,91.7,212,245,86.5,48,103,46.6,1,1.4,1.5,-0.4,7,50,10,3,81,Matches
2459,Omar Santos,jp JPN,DF,Milan,it Serie A,28,1995,11.7,402,485,82.9,7890,1867,248,262,94.7,147,170,86.5,37,53,69.8,0,0.0,0.1,0.0,1,42,1,0,43,Matches
2460,Sergio Traoré,br BRA,MF,Cremonese,it Serie A,31,1992,8.1,259,287,90.2,5158,2356,128,144,88.9,87,98,88.8,20,45,44.4,1,1.6,1.0,-0.6,6,16,12,1,17,Matches
2461,Pedro Pereira,be BEL,FW,Inter,it Serie A,18,2005,6.6,197,280,70.4,4116,841,95,107,88.8,64,91,70.3,42,82,51.2,0,0.0,0.5,0.0,7,22,16,2,24,Matches
2462,Emil Hoffmann,ar ARG,DF,Juventus,it Serie A,25,1998,10.0,297,389,76.3,6735,1864,151,157,96.2,106,127,83.5,75,105,71.4,0,0.0,0.0,0.0,4,41,6,2,41,Matches
2463,David Horvat,no NOR,DF,Sassuolo,it Serie A,16,2007,33.7,1048,1491,70.3,17344,6096,612,692,88.4,545,677,80.5,92,122,75.4,0,0.0,0.0,0.0,25,110,26,15,122,Matches
2464,Bruno Gómez,hr CRO,"MF,FW",Hellas Verona,it Serie A,30,1993,10.8,241,297,81.1,4254,1428,133,153,86.9,90,96,93.8,29,48,60.4,3,1.6,1.7,1.4,9,21,17,3,21,Matches
2465,Emil Moreau,ar ARG,DF,Milan,it Serie A,28,1995,7.1,310,356,87.1,5288,1816,160,165,97.0,146,178,82.0,9,13,69.2,1,2.1,2.5,-1.1,1,23,2,0,26,Matches
2466,Omar Byrne,pt POR,MF,Lazio,it Serie A,27,1996,5.2,232,266,87.2,4966,1613,112,122,91.8,95,102,93.1,32,42,76.2,2,2.3,2.6,-0.3,7,26,14,2,8,Matches
2467,Julien Byrne,sn SEN,FW,Salernitana,it Serie A,19,2004,2.7,121,157,77.1,3254,732,72,77,93.5,59,64,92.2,11,16,68.8,0,1.4,2.0,-1.4,2,11,2,1,10,Matches
2468,Sergio Hansen,ma MAR,MF,Udinese,it Serie A,22,2001,6.4,317,380,83.4,6538,1397,156,171,91.2,114,132,86.4,44,77,57.1,0,1.6,1.9,-1.6,2,41,3,0,23,Matches
2469,Viktor Lindqvist,us USA,GK,Napoli,it Serie A,30,1993,7.4,366,475,77.1,5728,1914,201,231,87.0,167,179,93.3,34,65,52.3,0,1.2,0.8,-1.2,9,22,15,4,25,Matches
2470,Bruno Silva,dk DEN,"FW,MF",Sampdoria,it Serie A,28,1995,7.4,366,421,86.9,7504,3132,164,174,94.3,169,195,86.7,34,52,65.4,1,0.0,0.2,1.0,3,31,2,1,46,Matches
2471,Ibrahim Tanaka,ma MAR,"DF,FW",Torino,it Serie A,23,2000,6.3,200,253,79.1,3830,1228,114,124,91.9,70,78,89.7,31,51,60.8,1,1.7,1.8,-0.7,2,24,3,0,18,Matches
2472,Iker Larsen,nl NED,GK,Hellas Verona,it Serie A,34,1989,27.8,1607,2329,69.0,37173,11725,918,992,92.5,831,975,85.2,223,362,61.6,3,0.5,0.1,2.5,29,174,44,4,88,Matches
2473,Hugo Novak,ch SUI,GK,Udinese,it Serie A,29,1994,6.9,221,322,68.6,4670,1776,121,143,84.6,114,119,95.8,33,60,55.0,0,0.0,0.7,0.0,3,11,5,2,24,Matches
2474,Mason Bakker,co COL,"MF,DF",Napoli,it Serie A,28,1995,9.5,327,445,73.5,5901,1656,180,205,87.8,156,199,78.4,23,41,56.1,0,1.6,1.8,-1.6,10,22,14,3,26,Matches
2475,Diego Silva,ma MAR,DF,Cremonese,it Serie A,25,1998,3.5,117,141,83.0,2691,982,63,68,92.6,51,62,82.3,6,11,54.5,1,0.7,0.3,0.3,3,10,2,1,12,Matches
2476,Callum Müller,ch SUI,"MF,DF",Spezia,it Serie A,19,2004,7.1,456,577,79.0,10504,3410,252,281,89.7,191,224,85.3,35,72,48.6,1,4.1,3.8,-3.1,6,25,7,1,31,Matches
2477,Kevin Girard,us USA,MF,Hellas Verona,it Serie A,27,1996,5.2,223,231,96.5,4937,1852,104,111,93.7,71,74,95.9,30,46,65.2,1,1.2,1.9,-0.2,9,26,11,6,31,Matches
2478,Omar Silva,fr FRA,DF,Fiorentina,it Serie A,27,1996,9.4,478,530,90.2,10093,4327,266,277,96.0,183,211,86.7,26,42,61.9,0,0.9,0.6,-0.9,5,41,6,1,27,Matches
2479,João El Amrani,pl POL,FW,Bologna,it Serie A,19,2004,0.4,7,10,70.0,142,46,4,4,100.0,4,5,80.0,1,1,100.0,0,0.0,0.2,0.0,0,1,0,0,1,Matches
2480,Hugo Diallo,ar ARG,MF,Bologna,it Serie A,28,1995,10.3,685,803,85.3,13909,4055,503,503,100.0,368,387,95.1,0,0,,0,0.4,0.0,-0.4,2,79,4,1,86,Matches
2481,Emil Conti,fr FRA,"MF,DF",Hellas Verona,it Serie A,31,1992,3.2,105,137,76.6,1917,657,50,54,92.6,37,45,82.2,24,38,63.2,0,0.0,0.8,0.0,2,10,2,1,9,Matches
2482,Théo Fernández,no NOR,MF,Lecce,it Serie A,27,1996,13.5,459,567,81.0,6685,2522,187,197,94.9,222,234,94.9,93,136,68.4,0,0.0,0.0,0.0,6,19,7,0,45,Matches
2483,Andrés Berg,se SWE,DF,Napoli,it Serie A,26,1997,22.3,487,704,69.2,10709,4091,287,319,90.0,214,248,86.3,89,137,65.0,1,1.2,1.3,-0.2,19,32,19,15,56,Matches
2484,Karim Sánchez,eng ENG,DF,Napoli,it Serie A,16,2007,6.2,229,278,82.4,5413,1275,108,118,91.5,99,112,88.4,38,48,79.2,2,0.5,1.1,1.5,15,20,20,2,20,Matches
2485,Pablo Rizzo,de GER,MF,Lazio,it Serie A,26,1997,10.6,694,823,84.3,13732,4866,285,312,91.3,242,283,85.5,141,228,61.8,1,2.6,2.3,-1.6,19,66,26,5,64,Matches
2486,Oscar López,ar ARG,DF,Empoli,it Serie A,26,1997,5.8,153,209,73.2,3322,1026,86,101,85.1,79,94,84.0,8,14,57.1,0,0.7,0.3,-0.7,3,11,5,1,17,Matches
2487,Pablo Moreau,hr CRO,DF,Napoli,it Serie A,19,2004,21.8,263,339,77.6,4003,1248,159,165,96.4,106,121,87.6,28,53,52.8,3,2.3,2.8,0.7,20,10,28,11,36,Matches
2488,Leo Conti,be BEL,"MF,FW",Inter,it Serie A,20,2003,3.5,152,187,81.3,2349,781,72,79,91.1,55,67,82.1,24,41,58.5,0,1.2,1.1,-1.2,2,13,2,1,12,Matches
2489,Iker Ndiaye,hr CRO,DF,Monza,it Serie A,26,1997,9.2,245,320,76.6,5093,1555,142,148,95.9,107,116,92.2,35,56,62.5,1,0.0,0.1,1.0,9,33,16,4,19,Matches
2490,Antoine Pereira,ar ARG,FW,Roma,it Serie A,25,1998,8.7,210,302,69.5,4867,1449,123,124,99.2,107,114,93.9,32,64,50.0,1,0.9,0.6,0.1,7,17,11,4,17,Matches
2491,Liam El Amrani,de GER,MF,Empoli,it Serie A,25,1998,6.8,374,437,85.6,7072,1672,176,201,87.6,140,168,83.3,46,68,67.6,1,2.0,2.0,-1.0,3,23,5,1,39,Matches
2492,Bruno Byrne,no NOR,GK,Juventus,it Serie A,24,1999,13.4,742,900,82.4,16126,6461,393,410,95.9,354,420,84.3,36,70,51.4,0,0.0,0.7,0.0,9,80,19,1,94,Matches
2493,Leo Kowalski,uy URU,DF,Atalanta,it Serie A,25,1998,16.2,454,572,79.4,7996,2624,233,253,92.1,178,215,82.8,61,104,58.7,5,5.0,4.6,0.0,17,58,13,0,54,Matches
2494,Emil Girard,eng ENG,GK,Hellas Verona,it Serie A,24,1999,2.3,101,147,68.7,2446,717,71,79,89.9,54,56,96.4,8,12,66.7,0,0.3,0.0,-0.3,1,8,1,1,9,Matches
2495,Felix Tanaka,ch SUI,FW,Torino,it Serie A,27,1996,2.9,94,122,77.0,1876,715,49,55,89.1,42,46,91.3,15,21,71.4,0,0.0,0.6,0.0,2,12,3,1,9,Matches
2496,Noah Müller,uy URU,DF,Bologna,it Serie A,26,1997,2.9,90,101,89.1,1261,541,37,40,92.5,32,36,88.9,14,25,56.0,0,2.4,1.7,-2.4,3,10,5,1,9,Matches
2497,Stefan Larsen,br BRA,"MF,FW",Lecce,it Serie A,18,2005,4.6,271,330,82.1,5944,2143,154,156,98.7,110,117,94.0,32,57,56.1,0,0.0,0.0,0.0,3,36,5,1,37,Matches
2498,Sergio Silva,br BRA,"MF,DF",Napoli,it Serie A,28,1995,11.3,678,837,81.0,16545,4790,306,311,98.4,270,308,87.7,124,218,56.9,1,0.5,0.8,0.5,5,92,6,1,31,Matches
2499,Connor Rizzo,de GER,GK,Bologna,it Serie A,30,1993,10.1,595,813,73.2,10557,4188,357,395,90.4,189,208,90.9,133,210,63.3,1,2.0,2.2,-1.0,6,37,6,4,29,Matches
2500,Adam Byrne,eng ENG,MF,Torino,it Serie A,26,1997,2.6,128,131,97.7,2605,1330,48,54,88.9,40,46,87.0,19,31,61.3,0,1.4,1.1,-1.4,6,17,9,2,10,Matches
2501,Ryan Yamamoto,fr FRA,GK,Lazio,it Serie A,20,2003,5.0,386,554,69.7,6544,1245,254,277,91.7,158,194,81.4,36,83,43.4,0,0.0,0.0,0.0,5,66,9,1,30,Matches
2502,Sota Nowak,uy URU,DF,Fiorentina,it Serie A,19,2004,10.1,304,432,70.4,6093,1951,186,204,91.2,161,185,87.0,24,43,55.8,0,1.4,1.6,-1.4,2,29,4,1,34,Matches
2503,Nicolas Schmidt,br BRA,DF,Udinese,it Serie A,30,1993,7.5,173,235,73.6,2739,760,103,109,94.5,76,93,81.7,23,33,69.7,0,0.8,0.4,-0.8,1,10,2,0,13,Matches
2504,Omar Kovač,eng ENG,MF,Milan,it Serie A,26,1997,11.9,619,754,82.1,11896,4125,235,270,87.0,280,323,86.7,93,161,57.8,0,0.8,1.0,-0.8,5,80,8,1,49,Matches
2505,Samuel Andersson,br BRA,"DF,MF",Milan,it Serie A,27,1996,13.4,953,1181,80.7,17301,3824,556,593,93.8,425,486,87.4,78,102,76.5,2,1.9,2.3,0.1,19,68,30,14,82,Matches
2506,Erik Kovač,ma MAR,GK,Lazio,it Serie A,25,1998,8.4,428,586,73.0,8440,2619,244,256,95.3,219,236,92.8,68,94,72.3,0,0.0,0.0,0.0,2,39,2,0,24,Matches
2507,Antoine Müller,uy URU,FW,Torino,it Serie A,28,1995,12.3,493,596,82.7,8200,2990,258,278,92.8,216,252,85.7,34,66,51.5,0,0.4,1.0,-0.4,5,39,6,4,63,Matches
2508,Maxime Sánchez,ch SUI,DF,Milan,it Serie A,21,2002,5.9,196,226,86.7,4673,1370,106,109,97.2,79,86,91.9,20,31,64.5,1,0.0,0.3,1.0,3,26,3,1,20,Matches
2509,Iker Petit,ma MAR,DF,Sampdoria,it Serie A,27,1996,8.3,228,340,67.1,4789,1696,133,141,94.3,97,118,82.2,63,81,77.8,1,2.8,2.7,-1.8,5,31,8,1,16,Matches
2510,Hugo Rossi,us USA,DF,Salernitana,it Serie A,23,2000,5.1,103,137,75.2,2045,738,59,62,95.2,38,41,92.7,21,34,61.8,0,1.0,0.6,-1.0,1,17,2,0,11,Matches
2511,Jonas Doyle,it ITA,DF,Salernitana,it Serie A,23,2000,6.9,137,168,81.5,2109,831,79,80,98.8,62,78,79.5,5,10,50.0,1,2.2,2.6,-1.2,5,9,7,1,14,Matches
2512,Nicolas Nielsen,dk DEN,FW,Salernitana,it Serie A,22,2001,1.8,77,99,77.8,1648,491,43,48,89.6,32,36,88.9,7,15,46.7,0,0.0,0.0,0.0,1,7,2,0,7,Matches
2513,Ibrahim Greco,be BEL,"MF,FW",Juventus,it Serie A,19,2004,8.2,444,504,88.1,8185,3177,244,267,91.4,133,170,78.2,43,67,64.2,0,0.0,0.0,0.0,8,48,16,2,40,Matches
2514,Anton Traoré,co COL,FW,Cremonese,it Serie A,22,2001,8.7,329,433,76.0,6417,2185,203,211,96.2,122,146,83.6,45,76,59.2,1,1.3,2.1,-0.3,6,27,4,2,24,Matches
2515,Liam Silva,ar ARG,"MF,DF",Bologna,it Serie A,26,1997,12.3,669,753,88.8,8995,3936,311,329,94.5,280,295,94.9,77,129,59.7,1,2.0,2.0,-1.0,6,83,10,2,34,Matches
2516,Samuel Benali,fr FRA,FW,Spezia,it Serie A,26,1997,32.9,995,1261,78.9,18351,5272,537,625,85.9,431,469,91.9,93,167,55.7,2,1.2,1.1,0.8,19,116,19,2,99,Matches
2517,Andrés Traoré,br BRA,"MF,FW",Spezia,it Serie A,30,1993,4.1,235,302,77.8,3972,500,120,132,90.9,85,102,83.3,44,68,64.7,0,0.9,1.2,-0.9,9,17,4,0,18,Matches
2518,Thomas Silva,hr CRO,DF,Sassuolo,it Serie A,32,1991,0.8,36,47,76.6,671,240,18,20,90.0,20,22,90.9,3,5,60.0,0,0.0,0.3,0.0,1,3,2,0,3,Matches
2519,Mason Moreau,us USA,"DF,MF",Empoli,it Serie A,31,1992,0.7,43,50,86.0,1025,210,22,25,88.0,16,18,88.9,5,7,71.4,0,0.0,0.1,0.0,0,8,0,0,5,Matches
2520,Youssef Kovač,ar ARG,MF,Juventus,it Serie A,22,2001,5.3,211,258,81.8,4193,1343,116,120,96.7,76,77,98.7,37,61,60.7,2,1.1,1.0,0.9,17,24,34,11,27,Matches
2521,Thomas El Amrani,se SWE,"MF,FW",Sampdoria,it Serie A,29,1994,7.0,350,389,90.0,4970,1787,157,167,94.0,116,128,90.6,52,94,55.3,2,3.1,3.1,-1.1,17,43,24,9,21,Matches
2522,Jordan Müller,fr FRA,FW,Milan,it Serie A,21,2002,12.0,603,672,89.7,11506,3503,253,297,85.2,208,250,83.2,79,125,63.2,0,0.9,0.8,-0.9,2,82,3,1,58,Matches
2523,Omar Kovač,eng ENG,FW,Cremonese,it Serie A,27,1996,14.3,421,496,84.9,7727,2314,216,234,92.3,136,163,83.4,68,99,68.7,0,0.0,0.0,0.0,5,38,6,2,38,Matches
2524,Mateo Dubois,nl NED,FW,Udinese,it Serie A,25,1998,5.3,152,188,80.9,2927,1128,84,90,93.3,45,51,88.2,23,47,48.9,0,0.0,0.5,0.0,1,19,1,0,18,Matches
2525,Connor Ndiaye,co COL,"FW,MF",Inter,it Serie A,23,2000,8.8,263,298,88.3,4985,2005,110,122,90.2,86,100,86.0,34,76,44.7,1,0.9,1.1,0.1,18,23,30,15,18,Matches
2526,Emil Girard,be BEL,DF,Roma,it Serie A,19,2004,17.9,856,1108,77.3,15629,3359,512,591,86.6,374,411,91.0,51,106,48.1,0,0.4,0.5,-0.4,2,137,2,1,92,Matches
2527,Pablo Bakker,jp JPN,MF,Hellas Verona,it Serie A,23,2000,7.5,319,434,73.5,6353,1581,199,203,98.0,99,122,81.1,66,109,60.6,2,1.5,1.2,0.5,5,27,6,2,44,Matches
2528,Callum Girard,it ITA,FW,Fiorentina,it Serie A,23,2000,2.2,57,75,76.0,1068,408,30,31,96.8,25,28,89.3,11,16,68.8,0,0.5,0.3,-0.5,1,4,1,0,5,Matches
2529,Sergio Yamamoto,pt POR,"MF,FW",Fiorentina,it Serie A,16,2007,15.4,719,808,89.0,15682,7146,385,427,90.2,333,359,92.8,13,22,59.1,0,0.7,0.7,-0.7,5,83,4,2,90,Matches
2530,Finn Byrne,dk DEN,DF,Lecce,it Serie A,29,1994,27.4,880,1002,87.8,16528,4617,514,514,100.0,274,327,83.8,91,161,56.5,0,0.0,0.0,0.0,15,130,34,8,152,Matches
2531,Ibrahim Larsen,sn SEN,DF,Atalanta,it Serie A,30,1993,6.9,228,290,78.6,4189,1467,116,130,89.2,80,81,98.8,45,79,57.0,0,0.0,0.0,0.0,5,29,3,2,19,Matches
2532,Finn Lindqvist,nl NED,FW,Lecce,it Serie A,28,1995,2.4,76,90,84.4,1253,438,30,32,93.8,20,23,87.0,16,35,45.7,0,0.0,0.3,0.0,3,5,7,1,5,Matches
2533,Nuno Conti,co COL,DF,Hellas Verona,it Serie A,24,1999,13.1,533,685,77.8,11717,2890,344,388,88.7,257,275,93.5,12,22,54.5,1,1.1,1.5,-0.1,3,47,2,1,48,Matches
2534,Julien Fischer,us USA,DF,Milan,it Serie A,29,1994,4.2,59,99,59.6,1304,394,38,45,84.4,34,40,85.0,12,14,85.7,0,1.2,1.6,-1.2,2,12,4,1,6,Matches
2535,Viktor Fernández,sn SEN,GK,Torino,it Serie A,23,2000,10.9,656,897,73.1,13707,5628,422,460,91.7,294,362,81.2,34,75,45.3,1,0.0,0.0,1.0,7,53,8,5,58,Matches
2536,Liam Pereira,us USA,FW,Juventus,it Serie A,28,1995,14.6,671,858,78.2,13103,5325,297,330,90.0,279,317,88.0,154,211,73.0,0,1.1,1.5,-1.1,8,43,13,3,68,Matches
2537,Youssef Ferrari,ch SUI,DF,Udinese,it Serie A,26,1997,18.2,570,801,71.2,10717,3722,343,372,92.2,246,286,86.0,81,143,56.6,0,0.3,0.9,-0.3,5,69,9,2,99,Matches
2538,Karim Lindqvist,br BRA,MF,Sassuolo,it Serie A,25,1998,4.4,242,318,76.1,4554,1344,136,144,94.4,112,140,80.0,22,34,64.7,0,0.0,0.5,0.0,3,25,3,2,34,Matches
2539,Noah Barnes,jp JPN,DF,Cremonese,it Serie A,25,1998,0.3,4,6,66.7,67,26,2,2,100.0,2,2,100.0,1,2,50.0,0,0.6,0.2,-0.6,0,0,0,0,0,Matches
2540,Pablo Conti,rs SRB,"FW,MF",Bologna,it Serie A,24,1999,10.2,479,538,89.0,8008,2798,169,185,91.4,204,231,88.3,56,122,45.9,1,2.8,2.7,-1.8,10,43,12,5,44,Matches
2541,Yusuf López,ma MAR,MF,Juventus,it Serie A,22,2001,12.1,735,782,94.0,18756,5826,289,348,83.0,208,251,82.9,106,183,57.9,3,2.6,2.5,0.4,15,73,23,2,82,Matches
2542,Pedro Lindqvist,ma MAR,MF,Torino,it Serie A,24,1999,6.9,417,476,87.6,5935,1376,242,261,92.7,160,194,82.5,12,21,57.1,3,4.3,4.7,-1.3,21,35,22,4,23,Matches
2543,Mateo Nielsen,rs SRB,GK,Sampdoria,it Serie A,32,1991,18.6,1007,1484,67.9,25642,8559,626,649,96.5,397,483,82.2,218,352,61.9,0,0.0,0.0,0.0,2,107,3,0,56,Matches
2544,João Diallo,no NOR,MF,Lazio,it Serie A,26,1997,11.5,492,599,82.1,8104,2389,255,291,87.6,197,220,89.5,58,88,65.9,0,0.1,1.0,-0.1,5,32,5,4,42,Matches
2545,Stefan Clarke,jp JPN,GK,Spezia,it Serie A,28,1995,9.9,575,827,69.5,13555,3591,333,370,90.0,240,268,89.6,128,189,67.7,0,0.0,0.2,0.0,6,88,11,1,62,Matches
2546,Pablo Wright,sn SEN,FW,Milan,it Serie A,25,1998,16.1,392,512,76.6,9848,3105,267,290,92.1,201,231,87.0,0,0,,1,0.4,0.5,0.6,6,32,7,4,38,Matches
2547,Nuno Clarke,se SWE,FW,Lecce,it Serie A,27,1996,17.2,525,692,75.9,11527,2975,217,236,91.9,191,240,79.6,141,216,65.3,2,2.3,2.4,-0.3,17,42,17,13,21,Matches
2548,Andrés Silva,nl NED,DF,Spezia,it Serie A,27,1996,8.6,371,456,81.4,6500,1570,183,196,93.4,174,189,92.1,31,71,43.7,1,0.5,0.9,0.5,4,38,5,1,22,Matches
2549,Adam López,us USA,DF,Juventus,it Serie A,24,1999,8.4,429,497,86.3,9543,2903,169,188,89.9,165,189,87.3,71,120,59.2,0,0.4,0.5,-0.4,5,54,8,4,44,Matches
2550,Mason Clarke,jp JPN,"MF,DF",Hellas Verona,it Serie A,21,2002,11.5,548,621,88.2,11477,3881,309,317,97.5,176,207,85.0,39,97,40.2,0,0.0,0.0,0.0,7,71,5,5,46,Matches
2551,Youssef Moreau,hr CRO,DF,Torino,it Serie A,23,2000,6.6,135,191,70.7,2723,1129,76,80,95.0,76,89,85.4,12,22,54.5,2,2.7,3.2,-0.7,9,16,11,4,11,Matches
2552,Sergio Costa,no NOR,DF,Bologna,it Serie A,26,1997,15.1,400,551,72.6,8048,2214,201,225,89.3,213,222,95.9,64,104,61.5,0,0.2,0.0,-0.2,2,20,4,1,18,Matches
2553,Omar Larsen,at AUT,FW,Sassuolo,it Serie A,19,2004,25.5,463,617,75.0,10024,2640,347,355,97.7,115,143,80.4,69,119,58.0,1,0.7,0.6,0.3,1,68,1,0,49,Matches
2554,Jonas Santos,dk DEN,"FW,DF",Milan,it Serie A,25,1998,38.0,1564,2193,71.3,27481,12335,931,1021,91.2,721,810,89.0,147,362,40.6,5,5.2,4.8,-0.2,66,161,104,27,176,Matches
2555,Daniel Wagner,co COL,DF,Napoli,it Serie A,23,2000,22.2,527,727,72.5,10297,4322,283,325,87.1,288,319,90.3,43,83,51.8,1,1.4,1.1,-0.4,11,33,17,4,63,Matches
2556,Yusuf Larsen,ch SUI,DF,Fiorentina,it Serie A,27,1996,3.6,137,158,86.7,2658,1112,72,80,90.0,44,50,88.0,13,28,46.4,0,0.3,0.2,-0.3,0,20,0,0,2,Matches
2557,Antoine Rossi,pt POR,FW,Monza,it Serie A,19,2004,13.5,325,378,86.0,3871,1704,130,144,90.3,133,158,84.2,52,76,68.4,0,0.0,0.0,0.0,2,44,1,0,25,Matches
2558,Stefan Diallo,uy URU,DF,Lazio,it Serie A,25,1998,6.8,290,343,84.5,6946,1598,170,178,95.5,126,154,81.8,7,11,63.6,0,0.0,0.5,0.0,1,13,1,0,17,Matches
2559,Nuno Costa,nl NED,DF,Milan,it Serie A,24,1999,22.4,654,850,76.9,10847,4418,366,406,90.1,301,332,90.7,51,112,45.5,1,1.4,0.9,-0.4,10,77,14,2,29,Matches
2560,Jordan Horvat,ch SUI,"MF,FW",Sassuolo,it Serie A,23,2000,20.2,616,736,83.7,15890,3700,323,357,90.5,265,273,97.1,61,106,57.5,0,0.0,0.1,0.0,6,74,7,1,37,Matches
2561,Ibrahim Petit,rs SRB,DF,Juventus,it Serie A,24,1999,3.8,103,136,75.7,1828,779,67,70,95.7,56,59,94.9,4,7,57.1,0,0.1,0.0,-0.1,2,14,4,0,8,Matches
2562,Callum Silva,se SWE,DF,Roma,it Serie A,28,1995,12.9,801,986,81.2,15598,5500,401,452,88.7,370,399,92.7,91,135,67.4,1,0.0,0.0,1.0,9,83,14,3,85,Matches
2563,Maxime Hughes,es ESP,GK,Juventus,it Serie A,29,1994,20.8,961,1330,72.3,19008,6723,547,604,90.6,423,523,80.9,130,203,64.0,0,0.9,0.5,-0.9,16,83,27,0,94,Matches
2564,Connor Gómez,pt POR,DF,Milan,it Serie A,21,2002,3.7,205,244,84.0,3664,960,101,115,87.8,82,101,81.2,19,28,67.9,0,0.0,0.0,0.0,3,24,3,0,18,Matches
2565,Javier Silva,br BRA,DF,Empoli,it Serie A,29,1994,13.4,496,695,71.4,9730,3050,313,316,99.1,242,260,93.1,56,119,47.1,0,0.0,0.1,0.0,3,41,3,0,54,Matches
2566,Jordan Santos,es ESP,DF,Atalanta,it Serie A,23,2000,8.6,337,449,75.1,5968,1372,238,238,100.0,180,183,98.4,18,28,64.3,0,0.9,0.4,-0.9,8,31,10,0,45,Matches
2567,Lucas Lindqvist,sn SEN,"DF,MF",Monza,it Serie A,30,1993,7.8,286,345,82.9,5558,2179,151,160,94.4,121,136,89.0,28,49,57.1,1,0.3,0.0,0.7,14,32,23,8,32,Matches
2568,Yusuf Santos,br BRA,GK,Atalanta,it Serie A,24,1999,2.8,137,199,68.8,2457,937,80,88,90.9,51,57,89.5,22,54,40.7,0,0.4,0.3,-0.4,1,10,2,0,13,Matches
2569,Luca Bianchi,ch SUI,MF,Udinese,it Serie A,30,1993,2.6,129,150,86.0,2967,680,60,62,96.8,58,72,80.6,9,16,56.2,0,0.2,0.5,-0.2,0,14,0,0,11,Matches
2570,Karim Bianchi,pt POR,"FW,MF",Inter,it Serie A,31,1992,11.6,456,507,89.9,8640,2803,213,223,95.5,182,199,91.5,34,85,40.0,0,1.8,1.9,-1.8,14,56,28,6,71,Matches
2571,Samuel Nielsen,dk DEN,MF,Lecce,it Serie A,22,2001,13.2,584,642,91.0,11298,3243,260,270,96.3,199,246,80.9,77,126,61.1,2,2.5,3.0,-0.5,10,32,20,1,47,Matches
2572,Finn Barnes,es ESP,MF,Inter,it Serie A,19,2004,5.7,287,325,88.3,5451,1745,177,177,100.0,117,143,81.8,3,5,60.0,0,0.0,0.5,0.0,8,9,10,5,42,Matches
2573,Emil Novak,pt POR,FW,Monza,it Serie A,20,2003,7.6,141,187,75.4,2962,1238,74,78,94.9,64,78,82.1,18,31,58.1,0,0.0,0.5,0.0,6,12,5,3,7,Matches
2574,Bruno Hoffmann,nl NED,DF,Milan,it Serie A,26,1997,14.8,263,345,76.2,5364,2292,175,191,91.6,119,139,85.6,7,15,46.7,0,0.0,0.0,0.0,5,25,7,2,16,Matches
2575,Karim Dubois,at AUT,DF,Lazio,it Serie A,23,2000,13.8,580,701,82.7,8933,2784,359,359,100.0,226,250,90.4,48,92,52.2,0,0.4,0.2,-0.4,10,58,14,3,61,Matches
2576,Oscar Costa,eng ENG,FW,Inter,it Serie A,20,2003,17.2,550,613,89.7,9239,2848,215,229,93.9,120,135,88.9,141,249,56.6,2,1.7,1.5,0.3,28,96,38,7,52,Matches
2577,Diego Gómez,es ESP,GK,Sampdoria,it Serie A,16,2007,9.2,515,664,77.6,11718,4111,287,318,90.3,229,257,89.1,50,89,56.2,2,3.2,3.2,-1.2,8,26,11,2,54,Matches
2578,Finn Berg,it ITA,MF,Hellas Verona,it Serie A,33,1990,6.8,194,257,75.5,3943,1824,117,126,92.9,77,98,78.6,17,33,51.5,1,0.9,1.7,0.1,5,20,9,4,18,Matches
2579,Andrés López,rs SRB,MF,Milan,it Serie A,24,1999,8.5,463,548,84.5,7315,2237,226,252,89.7,163,210,77.6,52,86,60.5,1,1.2,0.9,-0.2,13,67,10,4,23,Matches
2580,Felix Tanaka,no NOR,GK,Fiorentina,it Serie A,20,2003,5.4,250,394,63.5,4208,1429,143,159,89.9,137,158,86.7,43,77,55.8,0,0.0,0.0,0.0,1,33,2,0,22,Matches
2581,Karim Santos,fr FRA,MF,Sassuolo,it Serie A,25,1998,21.5,1354,1645,82.3,27780,8378,648,682,95.0,384,466,82.4,240,497,48.3,2,1.5,1.1,0.5,7,134,9,2,114,Matches
2582,Thomas Fernández,se SWE,GK,Inter,it Serie A,26,1997,9.7,490,689,71.1,7941,2361,300,335,89.6,240,256,93.8,62,98,63.3,0,1.3,0.8,-1.3,3,50,3,1,65,Matches
2583,Liam Andersson,fr FRA,FW,Salernitana,it Serie A,22,2001,8.6,327,416,78.6,5900,2095,179,189,94.7,170,184,92.4,30,43,69.8,0,0.5,1.2,-0.5,2,28,3,1,33,Matches
2584,Emil Doyle,ch SUI,"MF,FW",Sampdoria,it Serie A,24,1999,2.3,122,135,90.4,2209,671,53,60,88.3,37,45,82.2,18,30,60.0,0,0.9,0.7,-0.9,2,19,3,0,1,Matches
2585,Julien Greco,ch SUI,GK,Atalanta,it Serie A,29,1994,10.1,509,648,78.5,10064,3110,307,358,85.8,181,212,85.4,57,78,73.1,0,0.0,0.0,0.0,6,49,7,0,76,Matches
2586,Owen Martínez,es ESP,DF,Milan,it Serie A,30,1993,5.6,195,270,72.2,4015,1161,121,124,97.6,94,115,81.7,22,31,71.0,0,0.0,0.0,0.0,4,25,6,2,13,Matches
2587,Samuel Benali,co COL,MF,Atalanta,it Serie A,22,2001,8.2,218,266,82.0,3691,722,104,116,89.7,83,96,86.5,21,54,38.9,0,0.0,0.0,0.0,3,16,3,1,23,Matches
2588,Elias Schmidt,it ITA,DF,Sassuolo,it Serie A,27,1996,4.6,171,210,81.4,3455,1255,94,100,94.0,72,79,91.1,16,31,51.6,0,0.0,0.0,0.0,2,7,3,1,16,Matches
2589,Sota Wright,fr FRA,GK,Lecce,it Serie A,28,1995,8.3,470,650,72.3,9351,2908,235,266,88.3,185,222,83.3,102,162,63.0,2,0.0,0.0,2.0,7,39,11,3,21,Matches
2590,Hugo Pereira,no NOR,GK,Juventus,it Serie A,27,1996,4.2,256,309,82.8,4868,1420,125,140,89.3,111,130,85.4,18,39,46.2,0,0.0,0.0,0.0,0,17,0,0,28,Matches
2591,Jonas Benali,nl NED,"FW,MF",Lecce,it Serie A,31,1992,12.5,437,540,80.9,7356,2251,205,240,85.4,193,211,91.5,52,89,58.4,1,0.0,0.2,1.0,10,54,15,2,46,Matches
2592,David Lindqvist,se SWE,GK,Cremonese,it Serie A,29,1994,19.0,886,1269,69.8,17025,3893,401,412,97.3,407,456,89.3,254,401,63.3,2,3.3,3.7,-1.3,24,90,40,8,121,Matches
2593,Felix Schmidt,ar ARG,GK,Bologna,it Serie A,29,1994,2.8,115,178,64.6,1824,422,91,96,94.8,62,71,87.3,6,11,54.5,0,2.0,1.5,-2.0,1,15,1,1,13,Matches
2594,Sergio Yamamoto,us USA,"DF,FW",Lazio,it Serie A,26,1997,3.6,68,90,75.6,1408,550,32,35,91.4,32,38,84.2,8,17,47.1,0,0.0,0.0,0.0,2,4,4,0,7,Matches
2595,Marco Rossi,it ITA,FW,Cremonese,it Serie A,24,1999,16.0,231,312,74.0,4201,1788,136,146,93.2,87,107,81.3,38,59,64.4,0,0.9,1.0,-0.9,4,15,8,1,24,Matches
2596,Iker Costa,ar ARG,MF,Inter,it Serie A,22,2001,10.1,491,634,77.4,7653,2412,265,281,94.3,218,240,90.8,66,113,58.4,2,0.8,0.8,1.2,18,42,22,0,65,Matches
2597,Kevin Byrne,sn SEN,DF,Milan,it Serie A,25,1998,12.6,249,354,70.3,4868,1712,151,164,92.1,114,135,84.4,40,55,72.7,2,1.6,1.9,0.4,3,24,5,1,28,Matches
2598,Leo Jansen,at AUT,DF,Lecce,it Serie A,29,1994,12.2,439,561,78.3,8781,2921,266,288,92.4,180,219,82.2,41,54,75.9,2,1.6,1.3,0.4,17,57,21,8,54,Matches
2599,João Moreau,ch SUI,MF,Fiorentina,it Serie A,28,1995,20.5,835,1004,83.2,19252,6612,477,530,90.0,372,451,82.5,11,23,47.8,1,1.4,0.9,-0.4,11,75,12,4,100,Matches
2600,Nuno Rizzo,ch SUI,"FW,MF",Lazio,it Serie A,25,1998,13.9,640,751,85.2,15792,6895,339,363,93.4,208,258,80.6,68,130,52.3,1,0.9,1.5,0.1,13,58,21,5,16,Matches
